image_name,category,target,n_nuclei,nuclear_density_per_1000um2,nuclear_area_fraction,area_top10_mean_um2,area_top10_short_axis_um,area_um2_mean,area_um2_std,area_um2_skew,area_um2_cv,perimeter_um_mean,perimeter_um_std,perimeter_um_skew,perimeter_um_cv,circularity_mean,circularity_std,circularity_skew,circularity_cv,eccentricity_mean,eccentricity_std,eccentricity_skew,eccentricity_cv,solidity_mean,solidity_std,solidity_skew,solidity_cv,major_axis_um_mean,major_axis_um_std,major_axis_um_skew,major_axis_um_cv,minor_axis_um_mean,minor_axis_um_std,minor_axis_um_skew,minor_axis_um_cv,aspect_ratio_mean,aspect_ratio_std,aspect_ratio_skew,aspect_ratio_cv,knn1_dist_mean_um,knn1_dist_std_um,knn3_dist_mean_um,knn3_dist_std_um,glcm_contrast,glcm_homogeneity,glcm_energy,lbp_entropy,hchannel_mean,hchannel_std
FL_examples (1),follicular_lymphoma,1,170,16.012,0.3853,46.764,6.476,24.0664,10.3699,1.09,0.4309,20.0322,7.2924,1.5561,0.364,0.7931,0.1959,-0.7655,0.247,0.6747,0.1565,-0.4577,0.2319,0.8922,0.0647,-1.4424,0.0726,6.8904,2.2197,1.5143,0.3221,4.646,1.0257,0.2463,0.2208,1.501,0.4299,2.6627,0.2864,6.1056,1.04,7.2555,1.0391,43.3654,0.2659,0.044,2.9852,178.39,39.6026
FL_examples (10),follicular_lymphoma,1,165,15.541,0.3586,46.539,6.358,23.0734,11.2359,2.6479,0.487,19.5211,7.592,2.1755,0.3889,0.8003,0.2017,-0.8147,0.252,0.6875,0.1674,-0.5555,0.2435,0.8906,0.0732,-1.2316,0.0822,6.8199,2.1376,1.125,0.3134,4.485,1.0977,1.0653,0.2447,1.5523,0.4463,1.6473,0.2875,5.9371,1.2623,7.2114,1.2534,51.6174,0.2382,0.0414,3.0438,179.7964,39.8055
FL_examples (100),follicular_lymphoma,1,156,14.693,0.4935,80.197,8.722,33.5901,20.7942,1.8209,0.6191,24.4275,11.0183,1.3207,0.4511,0.746,0.198,-0.4586,0.2654,0.7069,0.1549,-0.7861,0.2191,0.8711,0.0737,-0.8209,0.0846,8.3427,3.2445,1.3765,0.3889,5.3588,1.7411,1.2907,0.3249,1.5773,0.422,1.283,0.2676,6.5131,1.1777,7.6337,1.3535,31.2383,0.2864,0.0485,2.453,183.5451,36.3783
FL_examples (101),follicular_lymphoma,1,176,16.577,0.4852,56.991,7.244,29.2717,13.4987,0.7417,0.4612,22.7692,8.6661,0.9508,0.3806,0.7516,0.1883,-0.7043,0.2505,0.712,0.1532,-0.8642,0.2151,0.872,0.0717,-1.1504,0.0823,7.8749,2.6208,0.77,0.3328,5.0438,1.3725,0.5769,0.2721,1.5826,0.41,1.3323,0.259,6.0103,1.0184,7.0002,1.1194,35.3637,0.2778,0.047,2.5268,183.1961,37.2572
FL_examples (102),follicular_lymphoma,1,177,16.671,0.5143,62.187,7.274,30.8494,14.3362,1.5732,0.4647,23.2403,8.382,1.4751,0.3607,0.7522,0.1759,-0.5196,0.2338,0.7296,0.1496,-0.8656,0.205,0.8739,0.0663,-1.0649,0.0759,8.2816,2.8294,1.3625,0.3417,5.0712,1.2048,1.3519,0.2376,1.6504,0.4926,1.8935,0.2985,6.2666,0.9453,7.308,0.982,32.5634,0.2796,0.0487,2.3632,186.7112,36.2251
FL_examples (103),follicular_lymphoma,1,175,16.483,0.4907,63.104,7.073,29.7691,14.9466,1.415,0.5021,22.844,8.7871,1.1755,0.3847,0.7574,0.1917,-0.477,0.2531,0.716,0.1533,-0.8385,0.2141,0.8724,0.0747,-1.0244,0.0856,8.006,2.8564,1.2283,0.3568,5.0403,1.2638,0.9128,0.2507,1.5943,0.4058,1.0507,0.2545,6.0476,1.2177,7.1509,1.2704,34.51,0.2768,0.0478,2.3782,185.1906,36.4214
FL_examples (104),follicular_lymphoma,1,161,15.164,0.4704,57.978,7.397,31.0224,14.1136,0.5351,0.4549,23.7163,8.13,0.4397,0.3428,0.7184,0.1753,-0.1022,0.244,0.74,0.1444,-1.2944,0.1951,0.8564,0.0664,-0.5424,0.0775,8.259,2.5089,0.4672,0.3038,5.1187,1.4302,0.3869,0.2794,1.6577,0.4831,3.1427,0.2915,6.2395,1.19,7.3534,1.2423,38.5078,0.2734,0.0466,2.4548,184.0285,38.5225
FL_examples (105),follicular_lymphoma,1,184,17.33,0.5061,59.048,7.081,29.202,14.0454,1.0577,0.481,22.3777,8.2852,1.177,0.3702,0.7639,0.1756,-0.4747,0.2299,0.7082,0.1585,-0.688,0.2238,0.8775,0.0612,-0.8846,0.0697,7.9329,2.9611,1.464,0.3733,4.9587,1.1876,1.1745,0.2395,1.6088,0.5029,1.9558,0.3126,5.9517,1.0506,7.0297,0.9889,34.4786,0.2757,0.049,2.4496,189.2989,35.3983
FL_examples (106),follicular_lymphoma,1,173,16.294,0.5097,64.327,8.065,31.2838,15.4082,1.1796,0.4925,23.4768,9.3312,1.3603,0.3975,0.7569,0.1939,-0.4909,0.2562,0.7129,0.1552,-0.883,0.2177,0.8776,0.0749,-1.2471,0.0853,8.1785,2.8226,0.8923,0.3451,5.1862,1.4894,1.5756,0.2872,1.6003,0.4421,1.2108,0.2763,6.2311,1.0886,7.25,1.0598,31.4227,0.2881,0.0496,2.4472,187.4488,35.796
FL_examples (107),follicular_lymphoma,1,162,15.258,0.4788,66.542,7.896,31.3795,15.5771,1.5519,0.4964,22.8425,8.0295,1.2203,0.3515,0.7738,0.1622,-0.6433,0.2096,0.7039,0.147,-0.7188,0.2088,0.8809,0.0631,-1.5079,0.0717,8.0047,2.6239,1.1078,0.3278,5.2112,1.3052,1.0342,0.2505,1.5456,0.3763,1.3495,0.2434,6.4493,1.1904,7.5129,1.2535,32.525,0.2899,0.0493,2.4202,186.35,36.4026
FL_examples (108),follicular_lymphoma,1,134,12.621,0.2281,38.572,5.442,18.0697,9.6433,1.4083,0.5337,17.5729,7.5176,1.3757,0.4278,0.7742,0.2187,-0.6237,0.2825,0.7219,0.1569,-0.5362,0.2174,0.8598,0.1003,-1.3921,0.1167,6.3854,2.541,1.5653,0.3979,3.8853,1.0615,0.0827,0.2732,1.6892,0.6383,2.3875,0.3779,6.0423,1.3923,7.7448,1.4338,51.5941,0.2507,0.041,2.7481,151.3192,40.127
FL_examples (109),follicular_lymphoma,1,124,11.679,0.1868,28.94,4.544,15.9911,7.2877,0.6121,0.4557,16.0047,6.116,1.2979,0.3821,0.81,0.1973,-0.8989,0.2436,0.7297,0.144,-0.4269,0.1973,0.8674,0.0904,-1.2174,0.1042,5.9371,2.0033,1.1754,0.3374,3.6597,0.926,-0.4334,0.253,1.6742,0.5619,1.8352,0.3356,5.9165,1.4071,7.9048,1.6457,50.9807,0.2478,0.0421,2.7741,142.8184,39.0484
FL_examples (11),follicular_lymphoma,1,162,15.258,0.3469,46.228,5.878,22.7326,11.1073,2.0676,0.4886,19.5758,7.8439,2.0803,0.4007,0.7856,0.1966,-0.8164,0.2503,0.7102,0.1453,-0.6498,0.2046,0.8819,0.0702,-1.4427,0.0796,6.8621,2.3737,2.0125,0.3459,4.4039,1.0414,0.05,0.2365,1.5749,0.4283,1.7893,0.272,6.0721,1.2027,7.344,1.2617,48.4503,0.2346,0.0408,3.0378,171.6257,38.8078
FL_examples (110),follicular_lymphoma,1,125,11.773,0.2139,39.634,5.764,18.1672,9.1677,1.5776,0.5046,16.9214,6.3992,1.9556,0.3782,0.813,0.1824,-0.788,0.2244,0.7063,0.1625,-0.5942,0.2301,0.8793,0.0757,-1.0886,0.0861,6.2008,2.2241,1.6406,0.3587,3.9111,1.0385,0.8955,0.2655,1.6255,0.5448,1.8451,0.3352,6.3481,1.504,8.1085,1.5773,50.2127,0.2753,0.0432,2.701,156.2673,40.7013
FL_examples (111),follicular_lymphoma,1,113,10.643,0.1806,39.992,5.826,16.9711,10.5169,2.322,0.6197,16.7384,8.0088,2.6973,0.4785,0.7906,0.2058,-0.7741,0.2603,0.7306,0.1643,-0.7917,0.2248,0.864,0.0992,-1.4542,0.1148,6.14,2.4584,2.6584,0.4004,3.7432,1.2445,1.0543,0.3325,1.7029,0.5411,1.1196,0.3178,6.2934,1.557,8.2685,2.039,53.5257,0.2592,0.0416,2.6815,149.2629,41.6712
FL_examples (112),follicular_lymphoma,1,114,10.737,0.1623,32.622,4.892,15.1201,8.5192,1.1115,0.5634,15.4191,6.5528,1.1795,0.425,0.8115,0.1965,-0.8887,0.2422,0.7549,0.1532,-0.6967,0.2029,0.8693,0.102,-1.5635,0.1174,5.9887,2.4219,1.6462,0.4044,3.4106,1.1157,0.258,0.3271,1.8925,0.9445,2.7059,0.4991,6.4848,1.9793,8.4354,2.1452,55.2704,0.2635,0.0421,2.621,146.5497,41.1643
FL_examples (113),follicular_lymphoma,1,113,10.643,0.1799,40.839,6.2,16.9055,10.8236,1.1929,0.6402,17.3724,7.9126,0.7891,0.4555,0.7301,0.2098,-0.1622,0.2874,0.818,0.1158,-0.9346,0.1415,0.8398,0.0848,-0.5635,0.101,6.7342,2.6528,0.6365,0.3939,3.4291,1.33,1.1237,0.3879,2.0656,0.764,1.4463,0.3699,6.4975,2.0157,8.4349,2.1553,60.5595,0.2424,0.0395,2.5687,157.2318,42.2291
FL_examples (114),follicular_lymphoma,1,117,11.02,0.1658,30.929,4.733,15.0472,7.5365,0.7959,0.5009,15.8162,6.1288,0.8771,0.3875,0.7811,0.198,-0.5842,0.2535,0.7878,0.1512,-0.9901,0.1919,0.8649,0.0814,-0.9537,0.0941,6.2458,2.381,1.2734,0.3812,3.2799,0.9846,0.3856,0.3002,1.999,0.8225,1.9564,0.4114,6.2479,1.6285,8.0145,1.5777,64.3102,0.2334,0.0389,2.5332,152.034,41.46
FL_examples (115),follicular_lymphoma,1,126,11.867,0.1917,30.063,5.058,16.1521,7.3679,1.1455,0.4562,14.6885,4.776,1.3194,0.3252,0.9122,0.1363,-2.0779,0.1494,0.6369,0.1646,-0.1956,0.2584,0.9114,0.0594,-2.0433,0.0652,5.3897,1.6762,1.514,0.311,3.8331,0.9256,-0.4443,0.2415,1.4408,0.4447,2.7317,0.3087,6.3019,1.3321,7.8534,1.4805,41.0525,0.315,0.0489,2.5859,138.5068,38.8874
FL_examples (116),follicular_lymphoma,1,135,12.715,0.2078,29.05,4.897,16.3465,6.6552,0.4794,0.4071,14.8395,4.4367,1.0107,0.299,0.9087,0.1345,-1.6849,0.148,0.6118,0.1718,-0.1229,0.2809,0.9139,0.0548,-1.7061,0.06,5.3489,1.6121,1.8335,0.3014,3.9248,0.8998,-0.4852,0.2293,1.3937,0.3919,2.45,0.2812,5.9439,1.1293,7.3705,1.6883,40.805,0.3244,0.0497,2.5579,145.8843,38.1528
FL_examples (117),follicular_lymphoma,1,133,12.527,0.1978,28.43,5.245,15.7873,6.1019,1.2313,0.3865,14.6804,4.1307,1.5752,0.2814,0.9085,0.1518,-1.9241,0.1671,0.5925,0.1867,-0.2124,0.3151,0.9099,0.0642,-1.5589,0.0705,5.2491,1.3512,1.6245,0.2574,3.9375,0.8582,-0.0534,0.218,1.3663,0.3507,1.9263,0.2567,6.0892,1.3224,7.5987,1.542,42.0401,0.3148,0.0482,2.5788,149.0866,38.7103
FL_examples (118),follicular_lymphoma,1,122,11.491,0.1835,29.022,4.965,15.9654,6.6211,0.8195,0.4147,14.9609,4.8763,1.3895,0.3259,0.8939,0.1749,-1.8186,0.1957,0.6276,0.1658,-0.2464,0.2642,0.9023,0.0861,-2.4944,0.0954,5.3853,1.6436,1.5645,0.3052,3.9106,0.9107,-0.6392,0.2329,1.4034,0.3407,1.4931,0.2428,6.468,1.3816,8.0169,1.4781,39.3786,0.3013,0.0489,2.6743,140.2695,36.9824
FL_examples (119),follicular_lymphoma,1,137,12.904,0.1692,23.11,4.23,13.113,5.6781,0.2878,0.433,14.1088,4.788,0.6714,0.3394,0.8327,0.1905,-0.9006,0.2287,0.7261,0.159,-0.6786,0.219,0.8709,0.0954,-1.4292,0.1095,5.3581,1.5781,0.8326,0.2945,3.336,0.8953,-0.543,0.2684,1.6902,0.5859,1.8104,0.3466,5.9403,1.3983,7.4801,1.5526,50.9547,0.2465,0.0422,2.7119,146.0312,38.8346
FL_examples (12),follicular_lymphoma,1,124,11.679,0.2451,40.237,5.897,20.9894,9.573,0.7351,0.4561,18.1008,7.3379,2.053,0.4054,0.8363,0.1877,-1.2633,0.2244,0.6877,0.1561,-0.6114,0.227,0.8979,0.0721,-1.6212,0.0803,6.4139,2.1346,1.0825,0.3328,4.2677,1.1017,0.436,0.2582,1.5189,0.3784,1.3907,0.2491,6.4472,1.4955,8.0518,1.6656,46.7931,0.2484,0.0422,3.0128,160.764,39.497
FL_examples (120),follicular_lymphoma,1,151,14.222,0.202,28.778,4.979,14.2066,6.8911,0.9653,0.4851,15.078,5.6398,1.1948,0.374,0.8069,0.196,-0.7971,0.2428,0.7217,0.1424,-0.6665,0.1974,0.8679,0.0808,-1.1219,0.0931,5.4721,1.6864,1.0313,0.3082,3.4956,0.958,0.4956,0.2741,1.6062,0.433,1.3728,0.2696,5.7925,1.3203,7.2664,1.3716,51.5776,0.2397,0.0414,2.7317,146.9823,38.5084
FL_examples (121),follicular_lymphoma,1,141,13.28,0.2197,36.339,5.685,16.5423,9.2768,1.6545,0.5608,16.5271,6.7285,1.4522,0.4071,0.7785,0.1879,-0.6284,0.2413,0.7385,0.1474,-0.7231,0.1996,0.8609,0.0831,-1.1676,0.0965,6.078,2.2,1.4387,0.362,3.6898,1.1153,0.6319,0.3023,1.7075,0.5736,1.749,0.3359,6.1509,1.3563,7.6772,1.4945,42.5355,0.257,0.0441,2.7064,138.6702,36.7475
FL_examples (122),follicular_lymphoma,1,155,14.599,0.2248,29.928,5.188,15.3963,7.6334,0.474,0.4958,16.114,6.6738,1.1431,0.4142,0.7822,0.2112,-0.7184,0.27,0.7525,0.1411,-0.7952,0.1875,0.8522,0.0904,-0.9527,0.1061,5.8778,1.8089,0.626,0.3078,3.5635,1.1121,0.1355,0.3121,1.7323,0.5461,1.7985,0.3152,5.7753,1.4246,7.1634,1.4261,50.2873,0.2401,0.0415,2.7563,145.3938,38.286
FL_examples (123),follicular_lymphoma,1,144,13.563,0.2107,29.426,5.057,15.532,7.6938,0.8914,0.4953,15.8936,6.245,1.3229,0.3929,0.7919,0.1933,-0.7129,0.244,0.7153,0.1572,-0.9418,0.2198,0.8646,0.0784,-0.6256,0.0907,5.701,1.834,0.9617,0.3217,3.6468,1.0248,-0.0807,0.281,1.6121,0.4573,1.3552,0.2836,6.0853,1.5089,7.6069,1.6381,53.8837,0.2255,0.0405,2.837,147.9289,38.2982
FL_examples (124),follicular_lymphoma,1,139,13.092,0.1745,26.707,4.595,13.3308,6.858,1.172,0.5144,14.756,5.7415,1.7047,0.3891,0.7878,0.1966,-0.609,0.2496,0.7266,0.1522,-1.0303,0.2094,0.8563,0.0827,-1.0066,0.0966,5.3793,1.6782,1.2156,0.312,3.3779,0.9475,-0.0601,0.2805,1.662,0.5642,2.457,0.3395,5.8384,1.3865,7.3807,1.4293,45.8537,0.2434,0.0439,2.8435,127.5902,35.3055
FL_examples (125),follicular_lymphoma,1,134,12.621,0.192,28.128,4.844,15.2099,6.898,0.6855,0.4535,16.4463,5.8419,0.7884,0.3552,0.7383,0.2057,-0.2088,0.2786,0.724,0.1478,-0.7994,0.2041,0.8561,0.0775,-0.6163,0.0906,5.7678,1.7519,1.5603,0.3037,3.6554,0.9807,-0.0289,0.2683,1.6381,0.5255,2.3549,0.3208,6.125,1.5989,7.6307,1.4753,52.2606,0.2301,0.0412,2.8159,137.7611,37.5418
FL_examples (126),follicular_lymphoma,1,123,11.585,0.168,27.199,4.865,14.5058,6.4937,0.5604,0.4477,16.1278,5.5499,0.7036,0.3441,0.7263,0.195,-0.0945,0.2685,0.7407,0.1443,-1.1201,0.1948,0.8458,0.0833,-0.6138,0.0985,5.7278,1.6375,0.7478,0.2859,3.5446,0.9186,-0.024,0.2592,1.6636,0.4427,1.1667,0.2661,6.3657,1.5195,7.9904,1.647,46.7192,0.2306,0.0437,2.8455,123.474,35.0178
FL_examples (127),follicular_lymphoma,1,129,12.15,0.1654,27.443,4.952,13.6146,6.8886,0.8134,0.506,15.803,6.2714,0.982,0.3968,0.7169,0.2009,-0.1552,0.2803,0.7565,0.1462,-1.0055,0.1932,0.8414,0.0895,-0.8884,0.1063,5.6647,1.8131,0.989,0.3201,3.3637,1.0172,0.2166,0.3024,1.76,0.5663,1.6155,0.3218,5.9831,1.712,7.842,1.8333,60.0454,0.2007,0.039,2.84,138.7065,37.0826
FL_examples (128),follicular_lymphoma,1,128,12.056,0.1931,31.333,5.095,16.0188,7.5004,0.7969,0.4682,16.3909,5.673,1.0002,0.3461,0.7659,0.1895,-0.5124,0.2474,0.7417,0.1344,-0.7389,0.1812,0.8553,0.0864,-1.3448,0.101,5.9396,1.6931,0.8292,0.285,3.6853,1.0246,0.0726,0.278,1.6812,0.5224,1.7283,0.3108,6.1394,1.7795,7.9002,1.8152,51.7033,0.2438,0.0411,2.7822,147.4401,39.9001
FL_examples (129),follicular_lymphoma,1,176,16.577,0.2945,34.303,5.444,17.7636,7.9777,1.1421,0.4491,16.7566,5.8568,1.5146,0.3495,0.8173,0.1984,-0.9496,0.2427,0.6742,0.1781,-0.5937,0.2642,0.8733,0.0882,-1.1996,0.1009,5.994,1.9332,2.5611,0.3225,4.0161,1.0201,-0.3111,0.254,1.5626,0.5531,2.2336,0.3539,5.577,1.0351,6.8824,1.1505,47.7222,0.2646,0.0422,2.8311,158.5834,40.8217
FL_examples (13),follicular_lymphoma,1,152,14.316,0.2867,40.059,5.731,20.0241,8.6714,1.6265,0.4331,17.0594,5.1941,1.5624,0.3045,0.8676,0.1458,-1.3473,0.1681,0.6919,0.1318,-0.2943,0.1905,0.9054,0.0504,-1.183,0.0557,6.1746,1.706,1.5191,0.2763,4.1844,0.9215,-0.0049,0.2202,1.502,0.366,1.7864,0.2437,5.987,1.1148,7.3078,1.2287,48.1321,0.2441,0.0418,3.0309,166.0133,39.2614
FL_examples (130),follicular_lymphoma,1,144,13.563,0.2435,37.862,5.878,17.9508,9.527,1.2451,0.5307,17.7399,7.2952,1.3114,0.4112,0.7521,0.2125,-0.4927,0.2826,0.7208,0.153,-0.4896,0.2122,0.8402,0.1043,-0.9787,0.1241,6.2875,2.0995,1.0293,0.3339,3.9677,1.2297,0.5703,0.3099,1.6663,0.6146,2.9636,0.3688,6.1729,1.3873,7.6799,1.5526,47.8618,0.2477,0.0415,2.815,144.115,39.5553
FL_examples (131),follicular_lymphoma,1,142,13.374,0.2388,32.304,5.248,17.8549,7.976,0.3243,0.4467,16.9998,5.7285,0.7796,0.337,0.7913,0.1904,-0.7899,0.2406,0.6976,0.1664,-0.7641,0.2386,0.8689,0.0822,-1.3892,0.0946,6.0305,1.6716,0.6564,0.2772,3.9913,1.1126,-0.369,0.2788,1.5859,0.5089,2.444,0.3209,6.2484,1.4758,7.7407,1.4446,49.7021,0.2642,0.0425,2.8028,151.1842,40.4056
FL_examples (132),follicular_lymphoma,1,133,12.527,0.2043,31.725,5.104,16.3075,7.8924,0.6016,0.484,16.5175,6.1107,1.0616,0.37,0.7725,0.2003,-0.5223,0.2593,0.7306,0.1519,-0.8532,0.2079,0.8652,0.0819,-0.9521,0.0947,5.9446,1.8223,0.5428,0.3065,3.6868,1.0335,0.3081,0.2803,1.6704,0.5345,1.9055,0.32,6.1269,1.6207,7.7414,1.8031,49.1658,0.2517,0.0418,2.7951,143.0682,39.9097
FL_examples (133),follicular_lymphoma,1,135,12.715,0.2306,35.776,5.399,18.1365,8.9696,0.5339,0.4946,17.8009,6.6742,0.7967,0.3749,0.7439,0.2063,-0.3406,0.2773,0.7122,0.1733,-0.6059,0.2433,0.8481,0.0932,-1.2656,0.1099,6.2845,1.9875,0.8397,0.3163,3.9497,1.1464,-0.0767,0.2902,1.672,0.5744,1.4506,0.3435,6.1879,1.4927,7.587,1.6417,49.0432,0.2491,0.0411,2.839,146.6139,39.813
FL_examples (134),follicular_lymphoma,1,158,14.881,0.2494,33.116,5.306,16.7606,8.3451,1.0821,0.4979,17.0705,6.5459,1.2559,0.3835,0.7528,0.2027,-0.4525,0.2692,0.7499,0.148,-0.6546,0.1973,0.8496,0.0856,-0.9817,0.1008,6.2547,2.0486,0.8818,0.3275,3.6834,1.1119,0.3305,0.3019,1.8129,0.7976,2.6467,0.44,5.8508,1.2028,7.2517,1.3092,48.9423,0.2522,0.0419,2.7941,151.4658,39.3622
FL_examples (135),follicular_lymphoma,1,155,14.599,0.2683,40.085,5.866,18.3805,9.9441,1.4681,0.541,18.6806,7.4926,1.0882,0.4011,0.7011,0.2177,-0.1783,0.3105,0.7314,0.1401,-0.5041,0.1915,0.8325,0.108,-1.2672,0.1297,6.4551,2.109,0.8573,0.3267,4.0404,1.2227,0.5538,0.3026,1.6571,0.5301,2.4582,0.3199,5.8576,1.0648,7.2911,1.1054,48.1223,0.2359,0.0411,2.8738,148.7656,38.3616
FL_examples (136),follicular_lymphoma,1,139,13.092,0.2085,31.135,4.894,15.9263,7.7636,0.5105,0.4875,16.5778,6.5536,0.9974,0.3953,0.7662,0.2259,-0.5877,0.2948,0.723,0.1644,-0.5008,0.2273,0.8388,0.1145,-1.0466,0.1365,6.0815,2.2547,1.5522,0.3707,3.6991,1.0438,-0.2761,0.2822,1.7216,0.6794,2.1043,0.3946,6.0302,1.7628,7.6047,1.9266,49.64,0.2455,0.0418,2.8873,148.6632,39.3437
FL_examples (137),follicular_lymphoma,1,135,12.715,0.2009,29.745,5.003,15.7979,7.4941,0.4938,0.4744,16.338,5.691,0.6604,0.3483,0.7608,0.1958,-0.4347,0.2574,0.7429,0.1584,-0.8613,0.2132,0.8435,0.0913,-0.9925,0.1083,6.037,1.859,0.8173,0.3079,3.6235,1.044,-0.1418,0.2881,1.7697,0.688,2.2264,0.3888,5.7449,1.3543,7.3612,1.4387,51.4645,0.2314,0.0408,2.8895,145.0633,38.9186
FL_examples (138),follicular_lymphoma,1,148,13.94,0.2449,31.035,5.387,17.5714,7.0397,0.5605,0.4006,17.7805,6.8416,2.0143,0.3848,0.7565,0.2182,-0.6703,0.2885,0.7097,0.1456,-0.4055,0.2051,0.8528,0.1012,-1.2277,0.1186,6.1927,1.849,1.2015,0.2986,4.0144,1.0682,0.6074,0.2661,1.5971,0.4864,1.7878,0.3045,6.1472,1.1922,7.5845,1.4214,48.0349,0.2399,0.0416,2.8927,146.7247,38.3179
FL_examples (139),follicular_lymphoma,1,132,12.433,0.2317,36.864,6.173,18.6401,9.2754,0.8638,0.4976,18.6185,8.0702,1.7326,0.4334,0.7291,0.2251,-0.5315,0.3087,0.6956,0.1736,-1.0042,0.2496,0.8344,0.1098,-1.1771,0.1316,6.3685,2.1447,1.5623,0.3368,4.1615,1.2696,0.347,0.3051,1.5966,0.5195,1.822,0.3254,6.2289,1.6651,7.901,1.683,50.6065,0.2394,0.0404,2.9086,152.2017,39.95
FL_examples (14),follicular_lymphoma,1,150,14.128,0.306,43.97,6.005,21.6594,10.1207,1.6085,0.4673,18.4191,6.7719,1.4952,0.3677,0.8302,0.1826,-1.0705,0.22,0.6749,0.1507,-0.6357,0.2233,0.8951,0.0633,-1.2682,0.0707,6.4573,2.1145,1.3944,0.3275,4.3801,0.9727,0.6575,0.2221,1.4746,0.3411,1.4221,0.2314,6.057,1.2983,7.5016,1.4661,46.7796,0.2395,0.0419,3.0681,165.2313,38.5078
FL_examples (140),follicular_lymphoma,1,131,12.338,0.1831,31.286,5.03,14.8427,8.2942,1.0215,0.5588,15.8842,6.3906,1.177,0.4023,0.7511,0.2009,-0.3566,0.2675,0.7426,0.1513,-0.621,0.2037,0.8247,0.1039,-0.6186,0.126,5.8769,2.0023,0.9231,0.3407,3.54,1.1074,-0.0792,0.3128,1.7534,0.6427,1.7948,0.3665,5.7171,1.5952,7.3939,1.6301,44.9329,0.2468,0.0425,2.8833,148.4621,39.8684
FL_examples (141),follicular_lymphoma,1,146,13.751,0.2113,30.908,5.217,15.3642,7.5087,1.1108,0.4887,16.9642,6.724,1.2627,0.3964,0.7182,0.2232,-0.2645,0.3109,0.7421,0.151,-0.7263,0.2035,0.8197,0.1148,-0.8244,0.14,6.1026,2.082,1.351,0.3412,3.6555,1.0416,0.3367,0.2849,1.741,0.6309,2.1432,0.3624,6.052,1.6148,7.6148,1.4915,52.6138,0.2218,0.04,2.8761,147.9986,38.686
FL_examples (142),follicular_lymphoma,1,130,12.244,0.1695,26.873,4.659,13.8452,6.9344,0.4893,0.5009,15.4669,5.717,0.5669,0.3696,0.7442,0.2013,-0.3508,0.2705,0.7538,0.1481,-0.5896,0.1965,0.8307,0.0972,-0.842,0.117,5.7255,1.783,0.7696,0.3114,3.3953,1.0266,-0.0841,0.3024,1.7802,0.5967,1.2146,0.3352,5.916,1.9652,7.4957,1.932,61.4054,0.2075,0.0383,2.8668,146.935,39.317
FL_examples (143),follicular_lymphoma,1,134,12.621,0.1667,24.621,4.666,13.2076,6.5002,0.5076,0.4922,14.9036,5.2952,0.779,0.3553,0.7582,0.1993,-0.4648,0.2629,0.7782,0.1442,-0.8616,0.1854,0.8324,0.1095,-1.0003,0.1315,5.814,1.8422,1.1825,0.3169,3.2393,1.0297,-0.0427,0.3179,1.9436,0.8168,1.7844,0.4202,5.6268,1.4507,7.574,1.7319,55.3985,0.2238,0.0397,2.8321,140.8339,39.5467
FL_examples (144),follicular_lymphoma,1,88,8.288,0.1138,32.939,5.785,13.7299,8.7251,1.1891,0.6355,16.5307,8.8693,1.69,0.5365,0.6941,0.2241,-0.3084,0.3229,0.8038,0.1431,-1.2051,0.1781,0.8057,0.1175,-0.6753,0.1459,6.1758,2.3115,0.9212,0.3743,3.2268,1.3711,0.7734,0.4249,2.1301,0.9739,1.6732,0.4572,6.8551,2.054,9.0226,2.3712,59.0167,0.2179,0.0408,2.8015,131.3937,39.9248
FL_examples (145),follicular_lymphoma,1,89,8.383,0.114,28.049,4.597,13.6042,7.6077,1.1153,0.5592,14.8024,6.007,1.1843,0.4058,0.7829,0.1812,-0.603,0.2314,0.8194,0.1303,-1.5273,0.159,0.8552,0.0777,-0.6809,0.0909,5.969,1.7946,0.4602,0.3006,3.0541,1.1006,0.4987,0.3604,2.1522,0.943,2.0736,0.4381,6.4101,2.2071,8.7919,2.5438,55.072,0.2252,0.0406,2.7088,134.9895,39.3093
FL_examples (146),follicular_lymphoma,1,79,7.441,0.1129,30.312,5.013,15.1683,8.0279,0.4857,0.5293,16.3681,6.1787,0.3591,0.3775,0.7227,0.1876,0.0167,0.2596,0.8072,0.1423,-0.9082,0.1763,0.8334,0.0773,-0.7814,0.0928,6.4525,2.3026,0.8252,0.3569,3.2597,1.1467,0.3667,0.3518,2.1554,0.9342,1.3972,0.4334,6.5693,2.0693,9.0434,2.1936,53.4768,0.233,0.0416,2.7305,135.2721,39.3094
FL_examples (147),follicular_lymphoma,1,111,10.455,0.1568,28.654,4.644,14.9969,7.7746,0.5069,0.5184,15.7536,5.7835,0.5646,0.3671,0.7655,0.1921,-0.3975,0.2509,0.7948,0.1454,-1.1369,0.183,0.8513,0.0902,-1.4298,0.1059,6.1824,1.9685,0.5662,0.3184,3.2941,1.1067,0.0951,0.336,2.0549,0.9854,2.9131,0.4796,6.4445,1.7076,8.2424,1.7132,53.7437,0.2259,0.0404,2.8001,148.2146,39.7017
FL_examples (148),follicular_lymphoma,1,130,12.244,0.1819,31.545,5.282,14.8544,7.9729,1.0602,0.5367,16.1021,6.7716,1.1252,0.4205,0.7556,0.2102,-0.5917,0.2781,0.7767,0.1304,-0.7929,0.1679,0.8408,0.0979,-0.8438,0.1164,6.0051,1.9313,0.6178,0.3216,3.4326,1.1422,0.5322,0.3328,1.874,0.8138,3.4113,0.4343,6.0952,1.7491,7.657,1.7701,52.7835,0.2327,0.0411,2.8169,143.4244,38.9634
FL_examples (149),follicular_lymphoma,1,123,11.585,0.1811,30.064,4.954,15.6326,7.3605,1.0711,0.4708,16.4109,6.0441,1.3065,0.3683,0.7599,0.2045,-0.4922,0.2691,0.7461,0.1327,-0.663,0.1778,0.8559,0.0866,-0.6971,0.1012,5.9428,1.7645,0.5455,0.2969,3.6209,0.9677,0.3848,0.2673,1.7009,0.5651,2.418,0.3323,6.4246,1.4452,8.166,1.4798,52.8125,0.2242,0.0405,2.8413,141.8038,38.2284
FL_examples (15),follicular_lymphoma,1,157,14.787,0.3347,46.552,6.374,22.6358,10.8371,2.015,0.4788,19.4047,8.2132,2.4278,0.4233,0.8064,0.2011,-0.8842,0.2494,0.701,0.1502,-0.5397,0.2143,0.8885,0.0733,-1.0749,0.0825,6.7833,2.2253,1.3386,0.3281,4.4206,1.0733,0.8851,0.2428,1.551,0.3903,1.0521,0.2517,6.1472,1.3202,7.4028,1.3081,48.7624,0.2425,0.0416,3.0384,173.8292,39.1999
FL_examples (150),follicular_lymphoma,1,128,12.056,0.2244,41.262,6.273,18.6142,10.7052,2.0508,0.5751,17.1195,7.1385,1.47,0.417,0.8156,0.1936,-0.8716,0.2374,0.6962,0.1707,-0.6005,0.2452,0.8865,0.0655,-0.8893,0.0739,6.1528,2.1871,1.1024,0.3555,3.9694,1.3075,0.9811,0.3294,1.6238,0.594,2.135,0.3658,6.1078,1.5406,7.6726,1.8242,44.5338,0.2586,0.0434,2.8066,152.0436,37.9933
FL_examples (151),follicular_lymphoma,1,109,10.266,0.2172,43.34,6.486,21.1523,10.0334,1.0128,0.4743,18.3693,6.4071,0.9829,0.3488,0.806,0.1832,-0.7659,0.2273,0.6812,0.1506,-0.487,0.221,0.8919,0.0616,-1.5252,0.069,6.4026,1.8846,0.6352,0.2943,4.3496,1.1967,0.5935,0.2751,1.514,0.4439,2.4058,0.2932,6.4665,2.4781,8.2419,2.9291,49.4799,0.2411,0.0415,2.8528,160.414,39.3491
FL_examples (152),follicular_lymphoma,1,108,10.172,0.2294,50.553,6.759,22.5491,12.2574,1.8765,0.5436,19.2834,7.5365,1.2264,0.3908,0.7896,0.1945,-0.6932,0.2464,0.7138,0.1355,-0.7284,0.1898,0.8874,0.0672,-1.0398,0.0758,6.7076,2.042,1.0068,0.3044,4.3984,1.2568,0.8456,0.2858,1.5633,0.3942,1.6342,0.2522,6.4683,1.7536,8.4803,2.3257,45.9181,0.2472,0.0423,2.8358,155.7869,38.728
FL_examples (153),follicular_lymphoma,1,125,11.773,0.2477,44.485,6.217,21.0381,11.0532,1.136,0.5254,18.6903,7.6676,1.2712,0.4102,0.7929,0.2014,-0.7574,0.254,0.7086,0.1538,-0.9459,0.217,0.8846,0.0685,-0.9957,0.0775,6.5852,2.3285,1.0399,0.3536,4.208,1.141,0.645,0.2711,1.5858,0.4504,1.574,0.284,6.2513,1.4266,8.0408,1.5658,42.5173,0.2483,0.0427,2.8302,155.9912,38.4422
FL_examples (154),follicular_lymphoma,1,138,12.998,0.2755,40.793,6.132,21.1984,9.3319,1.013,0.4402,18.9231,7.0219,1.9845,0.3711,0.7855,0.2085,-0.7669,0.2655,0.7078,0.147,-0.6528,0.2076,0.8813,0.0846,-1.5417,0.096,6.6382,1.9704,1.1674,0.2968,4.3122,1.0721,0.5223,0.2486,1.5789,0.4569,1.8108,0.2894,6.1874,1.3114,7.8339,1.5607,42.0019,0.2567,0.0432,2.8027,152.6307,38.3697
FL_examples (155),follicular_lymphoma,1,139,13.092,0.2939,44.451,6.318,22.4509,10.3481,1.2714,0.4609,18.9737,6.4372,0.8809,0.3393,0.8049,0.1879,-0.676,0.2334,0.6801,0.1695,-0.6962,0.2493,0.8904,0.0681,-1.3052,0.0765,6.6451,1.9939,0.7865,0.3001,4.4495,1.128,0.5786,0.2535,1.5227,0.4015,1.2821,0.2637,6.3217,1.3196,7.6167,1.5319,36.3722,0.2818,0.0471,2.8631,148.9617,36.7485
FL_examples (156),follicular_lymphoma,1,111,10.455,0.2141,42.003,5.987,20.4813,10.7442,1.4109,0.5246,17.8177,7.539,2.1945,0.4231,0.8307,0.1813,-1.1628,0.2182,0.7054,0.1506,-0.8672,0.2135,0.9009,0.0638,-1.2812,0.0708,6.3577,2.095,0.9669,0.3295,4.1588,1.2055,0.5341,0.2899,1.5588,0.3966,1.3969,0.2544,6.5195,1.4527,8.109,1.6952,46.747,0.258,0.0422,2.839,158.5953,41.5663
FL_examples (157),follicular_lymphoma,1,145,13.657,0.2717,40.218,5.828,19.8933,9.4928,1.029,0.4772,18.1532,7.0867,1.2638,0.3904,0.7961,0.2025,-0.7836,0.2543,0.698,0.1672,-0.8304,0.2396,0.8868,0.0658,-1.138,0.0742,6.3894,2.2022,1.3316,0.3447,4.142,1.0495,-0.0332,0.2534,1.5667,0.4236,1.3413,0.2704,6.0569,1.5355,7.6513,1.7363,52.0356,0.2295,0.0402,2.8932,156.9843,39.5518
FL_examples (158),follicular_lymphoma,1,153,14.411,0.2634,32.957,5.767,18.2778,7.4052,0.395,0.4051,16.5776,5.5866,1.0199,0.337,0.8545,0.1815,-1.2731,0.2124,0.6763,0.1507,-0.4166,0.2228,0.9013,0.0693,-1.9839,0.0769,5.9334,1.6844,0.561,0.2839,4.0582,0.9905,0.1387,0.2441,1.4918,0.3937,2.064,0.2639,5.9146,1.1846,7.3297,1.2006,49.8376,0.243,0.041,2.8782,159.743,39.9091
FL_examples (159),follicular_lymphoma,1,161,15.164,0.2808,36.37,5.748,18.5144,8.3842,0.8893,0.4528,17.5089,7.1432,1.6461,0.408,0.8104,0.2099,-1.0466,0.259,0.689,0.1536,-0.4855,0.2229,0.8846,0.0747,-1.3731,0.0845,6.1118,1.9551,1.067,0.3199,4.0665,1.0382,0.4636,0.2553,1.5269,0.3938,1.2261,0.2579,5.897,1.2958,7.2653,1.2351,54.6932,0.2283,0.0398,2.8871,163.2098,39.4287
FL_examples (16),follicular_lymphoma,1,151,14.222,0.2992,40.072,5.825,21.0353,9.5474,2.2453,0.4539,18.4583,6.1803,1.137,0.3348,0.8043,0.1891,-0.8759,0.2351,0.6977,0.1541,-0.6734,0.2209,0.8845,0.0677,-1.3444,0.0765,6.5338,1.9493,0.9217,0.2983,4.2873,0.9854,1.0766,0.2298,1.5423,0.382,1.117,0.2477,6.1007,1.2002,7.398,1.634,49.2649,0.243,0.0413,3.0507,170.9149,40.2207
FL_examples (160),follicular_lymphoma,1,143,13.469,0.2394,29.765,5.093,17.7759,6.5742,0.2278,0.3698,16.6102,4.8734,0.6562,0.2934,0.8277,0.1828,-0.8149,0.2209,0.7046,0.1475,-0.4272,0.2093,0.8914,0.0685,-1.4345,0.0768,6.0288,1.6247,0.7264,0.2695,3.9223,0.8779,0.0498,0.2238,1.5798,0.466,1.6508,0.295,5.9374,1.1792,7.5741,1.286,49.1554,0.2397,0.0423,2.8783,155.8496,37.6209
FL_examples (161),follicular_lymphoma,1,152,14.316,0.2471,32.309,5.203,17.2593,7.3648,0.9241,0.4267,16.012,5.5482,2.2808,0.3465,0.8578,0.1754,-1.48,0.2045,0.6708,0.1538,-0.4179,0.2293,0.9019,0.0721,-2.3281,0.08,5.748,1.692,1.0994,0.2944,3.9328,0.859,0.0914,0.2184,1.4772,0.3637,1.5069,0.2462,5.8346,1.2917,7.2941,1.2402,52.1312,0.2276,0.04,2.8636,162.3968,40.0242
FL_examples (162),follicular_lymphoma,1,155,14.599,0.2686,34.663,5.87,18.3955,7.7605,0.7645,0.4219,17.1562,6.015,1.2388,0.3506,0.8146,0.1907,-0.9594,0.2341,0.6832,0.1405,-0.4427,0.2056,0.8854,0.0761,-1.6559,0.086,6.0224,1.7241,0.7072,0.2863,4.1029,0.9851,0.3612,0.2401,1.4872,0.3518,1.5366,0.2366,5.8869,1.4004,7.2924,1.4465,50.8179,0.2421,0.0415,2.8664,156.6736,39.1115
FL_examples (163),follicular_lymphoma,1,151,14.222,0.271,36.818,5.599,19.0566,8.2448,1.2578,0.4326,17.1639,5.9335,1.7318,0.3457,0.8379,0.1819,-1.1538,0.2171,0.6656,0.1621,-0.5411,0.2435,0.8964,0.063,-1.4976,0.0703,6.0443,1.7866,1.2517,0.2956,4.153,0.9335,0.4361,0.2248,1.4757,0.3665,1.2813,0.2484,5.9837,1.2692,7.1863,1.285,47.9004,0.2528,0.043,2.8477,170.206,38.4614
FL_examples (164),follicular_lymphoma,1,122,11.491,0.2321,43.492,6.259,20.2026,10.911,1.2263,0.5401,17.8119,7.3167,1.0459,0.4108,0.8155,0.1851,-0.7364,0.227,0.7023,0.1748,-0.8507,0.2489,0.8869,0.0671,-0.9073,0.0757,6.4684,2.3614,0.8277,0.3651,4.1011,1.2213,0.5312,0.2978,1.6096,0.482,1.2225,0.2994,6.1632,1.1729,7.6741,1.6225,53.2661,0.2675,0.043,2.7566,161.6708,40.2965
FL_examples (165),follicular_lymphoma,1,111,10.455,0.1683,35.337,5.614,16.0987,8.9806,1.1872,0.5578,15.9621,7.6126,2.0955,0.4769,0.8245,0.1915,-1.3022,0.2322,0.7352,0.1414,-0.4245,0.1923,0.8766,0.0833,-2.0454,0.095,5.8918,2.3246,1.6839,0.3946,3.6093,1.1613,0.6187,0.3217,1.6817,0.5343,1.5824,0.3177,6.4219,2.0629,8.209,2.1488,46.224,0.2646,0.0435,2.6793,150.4306,38.8061
FL_examples (166),follicular_lymphoma,1,147,13.845,0.2493,35.267,5.642,18.0076,8.41,0.9311,0.467,16.8811,6.4156,1.3047,0.38,0.8212,0.1892,-0.9197,0.2304,0.7149,0.1621,-0.8044,0.2268,0.8815,0.0819,-1.8008,0.0929,6.2152,2.1472,1.327,0.3455,3.9091,1.0553,0.1495,0.2699,1.6329,0.5086,1.7244,0.3115,6.0285,1.244,7.2403,1.2224,56.1486,0.2485,0.0419,2.7049,165.1914,39.6503
FL_examples (167),follicular_lymphoma,1,143,13.469,0.247,37.298,5.582,18.3352,8.7243,1.0116,0.4758,16.778,6.075,1.2961,0.3621,0.8313,0.1666,-0.9977,0.2004,0.6989,0.16,-0.9629,0.2289,0.8895,0.06,-1.286,0.0674,6.0639,1.9797,1.2771,0.3265,3.9642,1.0048,0.3266,0.2535,1.555,0.4045,1.2771,0.2601,6.1142,1.4749,7.5021,1.6531,50.1285,0.2562,0.0424,2.7663,156.6719,39.2022
FL_examples (168),follicular_lymphoma,1,148,13.94,0.2436,34.886,5.483,17.4756,8.144,1.473,0.466,16.5222,5.9281,1.9163,0.3588,0.8216,0.181,-0.9208,0.2203,0.7133,0.1534,-0.7096,0.2151,0.8816,0.0806,-1.5421,0.0914,6.0501,1.8526,1.302,0.3062,3.8788,1.0035,0.7413,0.2587,1.6034,0.4595,1.4994,0.2866,5.9353,1.343,7.3744,1.3231,51.9238,0.2572,0.0419,2.7283,156.5387,40.1088
FL_examples (169),follicular_lymphoma,1,151,14.222,0.2485,38.604,5.824,17.4703,10.7293,3.0745,0.6141,16.2824,7.0513,2.0578,0.4331,0.8352,0.1869,-0.9045,0.2238,0.6974,0.156,-0.5585,0.2237,0.8814,0.08,-1.4233,0.0907,5.8972,2.109,1.1331,0.3576,3.8577,1.2226,1.7031,0.3169,1.5662,0.4527,1.5116,0.289,5.8873,1.2557,7.2121,1.2995,48.3507,0.2607,0.0428,2.7563,150.9743,38.9978
FL_examples (17),follicular_lymphoma,1,167,15.729,0.3303,40.801,6.191,21.0004,8.6269,1.5417,0.4108,18.5227,7.542,2.6147,0.4072,0.8275,0.1974,-1.2716,0.2385,0.6427,0.161,-0.4464,0.2505,0.8878,0.0752,-1.6151,0.0847,6.3085,1.9801,2.0823,0.3139,4.4749,0.9828,1.0459,0.2196,1.4227,0.3565,2.5634,0.2506,5.8939,1.1333,7.1455,1.2029,49.4307,0.2377,0.0408,3.0819,171.9891,39.7383
FL_examples (170),follicular_lymphoma,1,140,13.186,0.229,30.984,5.082,17.3693,7.2717,0.2446,0.4187,16.1241,5.3654,0.7375,0.3328,0.8453,0.1702,-1.0204,0.2014,0.6795,0.1674,-0.6064,0.2464,0.8886,0.0704,-1.3029,0.0792,5.8576,1.8662,1.0446,0.3186,3.9161,0.9579,-0.3658,0.2446,1.5248,0.4158,1.3887,0.2727,6.1594,1.2665,7.665,1.4174,46.5475,0.2668,0.0449,2.7583,153.923,37.2885
FL_examples (171),follicular_lymphoma,1,134,12.621,0.2323,35.05,5.26,18.4076,8.5487,1.0941,0.4644,16.6043,5.8111,1.2044,0.35,0.8429,0.1735,-1.1017,0.2058,0.6722,0.1702,-0.6693,0.2532,0.8882,0.0796,-1.6414,0.0896,6.0598,2.1353,1.341,0.3524,4.0196,0.918,-0.1587,0.2284,1.524,0.5145,3.7588,0.3376,6.1132,1.5881,7.7386,1.7729,54.4746,0.2496,0.0412,2.7569,158.3319,40.1735
FL_examples (172),follicular_lymphoma,1,139,13.092,0.2448,33.297,5.853,18.7015,7.6094,0.2874,0.4069,17.2822,5.9478,1.1165,0.3442,0.8171,0.1982,-1.0617,0.2425,0.6988,0.1466,-0.7038,0.2097,0.8818,0.0818,-1.36,0.0928,6.1646,1.742,0.5317,0.2826,4.0971,1.0609,0.5695,0.2589,1.5368,0.3842,1.3146,0.25,6.1395,1.5654,7.6336,1.6199,51.9729,0.2386,0.0413,2.7697,153.7397,38.8797
FL_examples (173),follicular_lymphoma,1,149,14.034,0.2491,33.644,5.635,17.7531,7.3324,1.1112,0.413,16.4278,6.1937,2.8662,0.377,0.8576,0.1749,-1.5067,0.2039,0.6774,0.1618,-0.5742,0.2388,0.8972,0.0701,-1.6733,0.0782,5.8879,1.7706,1.8,0.3007,3.9929,0.977,0.9073,0.2447,1.5056,0.3848,1.2159,0.2556,5.8518,1.106,7.2995,1.1183,53.4801,0.2429,0.0414,2.7748,158.6067,39.0157
FL_examples (174),follicular_lymphoma,1,146,13.751,0.2458,34.632,5.832,17.8715,8.1856,1.0332,0.458,17.0211,6.1472,1.6629,0.3611,0.7972,0.1862,-0.7716,0.2336,0.7161,0.1554,-0.6032,0.217,0.8754,0.0814,-1.6677,0.093,6.137,1.7586,1.0876,0.2866,3.9327,1.1316,0.478,0.2877,1.6342,0.5043,1.3425,0.3086,6.0651,1.293,7.6441,1.3046,53.4245,0.2418,0.0409,2.7436,155.1355,39.1656
FL_examples (175),follicular_lymphoma,1,138,12.998,0.2551,42.909,6.589,19.6297,10.9211,1.4893,0.5564,17.8416,7.9231,1.8935,0.4441,0.801,0.1979,-0.8131,0.2471,0.7028,0.1656,-0.8476,0.2357,0.8743,0.0934,-1.4083,0.1068,6.3932,2.4402,2.2905,0.3817,4.1214,1.3842,0.902,0.3359,1.6186,0.5566,2.0093,0.3439,6.2801,1.3867,7.8557,1.4105,48.6469,0.2527,0.0416,2.7405,158.1295,39.882
FL_examples (176),follicular_lymphoma,1,172,16.2,0.3013,36.266,5.599,18.5987,8.5995,0.9525,0.4624,17.3434,6.2151,1.4852,0.3584,0.7981,0.179,-0.796,0.2243,0.7246,0.1561,-0.7958,0.2154,0.8777,0.0652,-0.835,0.0742,6.3417,2.0405,1.2155,0.3218,3.9432,1.051,0.3629,0.2665,1.6718,0.6136,3.4325,0.367,5.7632,1.4008,6.9753,1.4396,49.3972,0.2456,0.0421,2.7651,160.1474,38.3603
FL_examples (177),follicular_lymphoma,1,164,15.447,0.2955,37.503,5.846,19.1278,8.784,1.415,0.4592,17.0065,6.2691,1.6636,0.3686,0.8492,0.1806,-1.2299,0.2127,0.6646,0.1689,-0.8094,0.2541,0.8972,0.0647,-1.6585,0.0722,6.0274,1.8261,0.9405,0.303,4.1492,1.0681,0.4436,0.2574,1.4837,0.3998,1.7468,0.2694,5.8349,1.2236,7.1591,1.2477,47.0964,0.2528,0.0427,2.7963,158.4203,38.4314
FL_examples (178),follicular_lymphoma,1,144,13.563,0.2677,40.74,6.121,19.739,9.913,1.2796,0.5022,17.6404,7.028,1.5415,0.3984,0.8229,0.1966,-0.9165,0.2389,0.6602,0.1664,-0.4786,0.2521,0.8893,0.0681,-0.7809,0.0766,6.1482,2.0712,1.1162,0.3369,4.2106,1.0732,0.5102,0.2549,1.4743,0.3948,1.9069,0.2678,5.9794,1.5087,7.5062,1.607,44.8701,0.2514,0.0434,2.8039,147.6807,37.0938
FL_examples (179),follicular_lymphoma,1,137,12.904,0.2398,36.425,5.292,18.5853,8.3947,0.9885,0.4517,17.2534,6.21,1.5297,0.3599,0.812,0.1986,-0.7846,0.2446,0.7088,0.1513,-0.4267,0.2134,0.8811,0.0795,-1.2781,0.0903,6.2629,2.038,1.4325,0.3254,4.0058,0.9879,-0.0495,0.2466,1.6058,0.5001,1.7056,0.3114,5.9431,1.4007,7.5318,1.6741,46.0226,0.2507,0.0428,2.8167,153.8417,38.1313
FL_examples (18),follicular_lymphoma,1,186,17.519,0.2796,27.23,5.215,15.961,5.8704,0.4413,0.3678,16.2425,5.4044,1.0135,0.3327,0.8025,0.2102,-0.7252,0.262,0.6293,0.1521,-0.2753,0.2417,0.8908,0.0684,-1.3807,0.0768,5.41,1.3275,0.7105,0.2454,3.9722,0.9029,0.0585,0.2273,1.3955,0.3889,4.1931,0.2787,5.5522,1.0329,6.7162,1.1815,76.04,0.1832,0.0353,3.0513,162.1083,39.8029
FL_examples (180),follicular_lymphoma,1,142,13.374,0.2757,39.668,5.708,20.6131,8.6827,1.1449,0.4212,18.2295,6.1919,1.1755,0.3397,0.8138,0.1941,-0.7415,0.2385,0.6984,0.1559,-0.6427,0.2232,0.889,0.0737,-1.4284,0.0829,6.4932,1.9304,0.9172,0.2973,4.2347,0.9206,0.4646,0.2174,1.5529,0.3993,1.0263,0.2571,6.1743,1.367,7.6107,1.5914,50.3136,0.2487,0.0417,2.8531,165.861,39.754
FL_examples (181),follicular_lymphoma,1,157,14.787,0.2561,31.767,5.19,17.3189,7.7177,0.5653,0.4456,16.6197,5.8145,0.8541,0.3499,0.8093,0.1994,-0.8867,0.2464,0.6907,0.1887,-0.8068,0.2733,0.868,0.086,-0.9415,0.099,6.0351,1.8239,0.8644,0.3022,3.8903,1.0641,-0.2802,0.2735,1.6556,0.7191,3.1577,0.4343,5.6267,1.3518,6.9974,1.2418,54.1188,0.238,0.0398,2.839,165.0853,41.2106
FL_examples (182),follicular_lymphoma,1,144,13.563,0.262,35.563,5.544,19.3159,8.1074,0.9832,0.4197,17.4444,6.1521,1.4264,0.3527,0.8263,0.1849,-1.0259,0.2237,0.6814,0.1626,-0.7434,0.2387,0.8882,0.0688,-1.1587,0.0774,6.1777,1.8568,1.0066,0.3006,4.1338,0.9358,0.2036,0.2264,1.5234,0.45,2.6081,0.2954,6.1615,1.3415,7.5916,1.4282,51.829,0.2423,0.0413,2.8351,160.3879,39.7113
FL_examples (183),follicular_lymphoma,1,141,13.28,0.2855,45.931,6.498,21.4961,11.813,0.9006,0.5495,19.546,8.7306,1.028,0.4467,0.7471,0.21,-0.4282,0.2811,0.7241,0.1651,-0.5368,0.2281,0.8596,0.0818,-0.8899,0.0952,6.8705,2.5085,0.9255,0.3651,4.2128,1.4645,0.4866,0.3476,1.7513,0.7665,2.516,0.4377,6.265,1.4726,7.7161,1.3683,49.3064,0.2503,0.041,2.8096,162.4397,41.4996
FL_examples (184),follicular_lymphoma,1,169,15.918,0.293,36.831,5.519,18.408,8.6989,0.9977,0.4726,16.9353,6.7233,1.4262,0.397,0.8343,0.1968,-1.0741,0.2358,0.6715,0.1685,-0.6733,0.2509,0.8903,0.0732,-1.1074,0.0822,6.024,2.0536,0.9535,0.3409,4.0361,1.0045,-0.09,0.2489,1.5218,0.5076,3.1591,0.3335,5.7658,1.1328,7.0049,1.2074,48.9226,0.2514,0.042,2.8204,159.5124,38.9846
FL_examples (185),follicular_lymphoma,1,147,13.845,0.2664,37.312,5.988,19.2412,8.6866,1.2203,0.4515,17.4606,6.5692,1.845,0.3762,0.8203,0.1937,-0.8565,0.2361,0.6625,0.1679,-0.4532,0.2535,0.8888,0.0763,-1.3503,0.0858,6.1071,1.9303,1.3534,0.3161,4.2004,1.0752,0.2009,0.256,1.4889,0.4157,1.6167,0.2792,6.0702,1.6319,7.3844,1.8004,52.4824,0.2437,0.0407,2.8534,162.8752,40.3223
FL_examples (186),follicular_lymphoma,1,150,14.128,0.2798,42.024,5.879,19.8015,9.9006,1.6482,0.5,17.6687,6.5258,1.1516,0.3693,0.8185,0.1879,-0.8853,0.2296,0.6826,0.1743,-0.9004,0.2554,0.8881,0.0701,-1.2413,0.0789,6.3154,2.1314,1.0419,0.3375,4.1651,1.0698,0.5867,0.2568,1.5388,0.4326,1.5772,0.2811,5.995,1.1086,7.4509,1.1854,46.5972,0.2508,0.0431,2.873,154.5864,37.2363
FL_examples (187),follicular_lymphoma,1,157,14.787,0.3331,45.666,6.177,22.5266,10.4353,1.247,0.4632,19.8959,7.5468,1.151,0.3793,0.7622,0.2076,-0.4916,0.2724,0.7194,0.1476,-0.8347,0.2052,0.865,0.0821,-1.0459,0.0949,7.0019,2.355,1.2266,0.3363,4.4045,1.059,0.4416,0.2404,1.6127,0.4635,1.6067,0.2874,6.2131,1.398,7.4614,1.3372,50.0421,0.249,0.0415,2.8776,164.4242,39.3112
FL_examples (188),follicular_lymphoma,1,163,15.352,0.3219,41.673,6.228,20.9666,9.9839,0.9942,0.4762,18.8479,7.42,1.1929,0.3937,0.7848,0.2075,-0.6548,0.2644,0.6745,0.1552,-0.3469,0.2301,0.8749,0.0786,-1.2792,0.0898,6.463,2.2127,1.1891,0.3424,4.3377,1.0916,0.3322,0.2517,1.517,0.4818,2.4473,0.3176,5.8554,1.079,7.1971,1.1874,56.0286,0.2135,0.0389,2.9482,164.4131,38.7827
FL_examples (189),follicular_lymphoma,1,162,15.258,0.3069,34.242,5.584,20.1124,7.4604,0.3436,0.3709,17.8949,5.2543,0.8633,0.2936,0.8095,0.1716,-0.7918,0.212,0.6846,0.1605,-0.991,0.2344,0.8854,0.0605,-1.149,0.0683,6.286,1.5879,1.0054,0.2526,4.261,0.9209,-0.2474,0.2161,1.5144,0.425,3.6334,0.2806,5.923,1.2871,7.3052,1.224,53.4082,0.2192,0.0394,2.9656,160.8734,39.1559
FL_examples (19),follicular_lymphoma,1,196,18.461,0.2997,30.312,5.428,16.2371,6.6197,1.2157,0.4077,16.208,5.38,1.2465,0.3319,0.8063,0.2006,-0.7327,0.2488,0.6545,0.1391,-0.1577,0.2126,0.8909,0.0719,-1.3745,0.0807,5.4955,1.3614,1.1848,0.2477,3.9538,0.9406,0.4059,0.2379,1.4214,0.3227,2.1386,0.227,5.5727,1.0525,6.6354,1.0583,61.9135,0.1992,0.0379,3.0567,153.6138,37.44
FL_examples (190),follicular_lymphoma,1,146,13.751,0.2775,37.284,5.656,20.1817,8.4157,0.5053,0.417,17.7391,6.1175,1.211,0.3449,0.8254,0.1816,-1.0136,0.2201,0.6759,0.1587,-0.4389,0.2348,0.8968,0.0635,-1.2014,0.0709,6.2452,1.8806,1.4422,0.3011,4.2402,1.0535,-0.1477,0.2485,1.5234,0.5069,3.2331,0.3327,6.2414,1.3363,7.678,1.4111,51.8099,0.2214,0.0399,2.9822,156.5599,38.3774
FL_examples (191),follicular_lymphoma,1,173,16.294,0.3263,38.1,5.973,20.0225,8.7179,1.0732,0.4354,17.5118,5.7016,1.7038,0.3256,0.8308,0.1639,-1.0164,0.1973,0.6657,0.1459,-0.4321,0.2191,0.8965,0.0576,-1.0674,0.0642,6.1051,1.6205,1.1642,0.2654,4.2972,1.0425,0.3428,0.2426,1.4509,0.3371,1.7403,0.2323,5.8562,1.1167,7.0749,1.1323,53.7068,0.2238,0.0398,2.9832,162.6892,38.7435
FL_examples (192),follicular_lymphoma,1,126,11.867,0.1913,32.375,4.794,16.1219,7.7085,1.6573,0.4781,15.7095,5.6061,1.6793,0.3569,0.8335,0.1771,-1.1495,0.2124,0.7205,0.1551,-0.3413,0.2153,0.8787,0.0803,-1.3243,0.0913,5.9366,2.0178,1.4848,0.3399,3.6383,0.9134,-0.1243,0.251,1.735,0.8751,4.0141,0.5044,6.138,1.3893,7.8097,1.7301,57.0549,0.247,0.0405,2.8828,158.1881,41.1369
FL_examples (193),follicular_lymphoma,1,122,11.491,0.1689,35.94,5.792,14.7027,9.4362,1.6831,0.6418,15.3062,6.6637,1.4333,0.4354,0.7852,0.1911,-0.541,0.2434,0.7728,0.1799,-1.1771,0.2328,0.841,0.1005,-1.0279,0.1195,6.0523,2.0814,0.9731,0.3439,3.29,1.3436,1.0216,0.4084,2.1026,1.1349,2.1607,0.5398,5.8939,1.6968,7.8186,1.7059,69.1865,0.2354,0.0389,2.853,158.2178,42.4606
FL_examples (194),follicular_lymphoma,1,119,11.208,0.1708,36.995,5.062,15.2406,9.6859,1.2666,0.6355,16.2197,8.1598,1.6884,0.5031,0.7593,0.2099,-0.423,0.2765,0.7744,0.1883,-1.6173,0.2432,0.8538,0.0907,-1.2007,0.1062,6.3042,2.7963,1.1948,0.4436,3.2634,1.0711,0.5601,0.3282,2.0028,0.8062,1.3081,0.4025,6.3103,1.9341,8.2096,2.0974,71.9791,0.2263,0.0391,2.8398,159.6418,41.4995
FL_examples (195),follicular_lymphoma,1,160,15.07,0.2716,39.093,5.916,18.0257,9.8137,1.8752,0.5444,17.3782,7.2212,1.7403,0.4155,0.7745,0.1882,-0.5377,0.243,0.7371,0.142,-0.5965,0.1927,0.8579,0.0797,-0.9175,0.0929,6.3246,2.2684,1.5188,0.3587,3.8675,1.1387,0.854,0.2944,1.6769,0.517,1.8342,0.3083,5.7019,1.2009,7.1055,1.492,53.1277,0.2612,0.0422,2.7609,161.2639,40.6401
FL_examples (196),follicular_lymphoma,1,185,17.424,0.2969,34.97,5.407,17.0401,7.92,1.2891,0.4648,16.4324,6.1886,1.6487,0.3766,0.8228,0.1874,-0.9966,0.2278,0.7279,0.1385,-0.4469,0.1903,0.8815,0.0762,-1.3359,0.0865,6.0585,1.9576,1.1712,0.3231,3.7853,0.9871,0.7059,0.2608,1.6403,0.5069,2.088,0.309,5.4304,1.061,6.6296,1.2829,59.3924,0.2583,0.0413,2.7671,168.1091,41.4896
FL_examples (197),follicular_lymphoma,1,180,16.954,0.282,35.184,5.61,16.6364,8.0922,1.533,0.4864,16.5041,6.5572,1.7363,0.3973,0.8072,0.1989,-0.8897,0.2464,0.7183,0.1408,-0.7248,0.196,0.8688,0.0798,-0.9595,0.0918,5.9247,1.9184,1.4833,0.3238,3.8045,0.9937,0.9907,0.2612,1.5806,0.3865,1.1557,0.2445,5.5289,1.1738,6.6811,1.1438,38.6428,0.2969,0.0505,2.8101,134.4336,33.5876
FL_examples (198),follicular_lymphoma,1,175,16.483,0.2878,35.608,5.679,17.4612,8.6823,1.7862,0.4972,16.9666,7.0691,2.1221,0.4166,0.8006,0.1928,-0.8584,0.2408,0.7368,0.1322,-0.7529,0.1794,0.8718,0.0792,-1.2724,0.0908,6.1598,1.9724,1.149,0.3202,3.8429,1.0767,1.2441,0.2802,1.6427,0.4866,2.9129,0.2962,5.5221,1.0207,6.8921,1.1471,53.7463,0.2604,0.043,2.7747,160.7446,39.2931
FL_examples (199),follicular_lymphoma,1,162,15.258,0.2466,31.877,5.335,16.1587,7.5089,1.3686,0.4647,15.7757,5.8985,1.9658,0.3739,0.8352,0.1723,-1.1387,0.2063,0.7378,0.1351,-0.7822,0.1832,0.8918,0.067,-1.1968,0.0752,5.8628,1.7849,0.7759,0.3044,3.6474,0.9734,1.2263,0.2669,1.6327,0.3934,0.8067,0.2409,5.5897,1.0707,6.8035,1.2019,62.2054,0.248,0.0412,2.7216,163.8015,40.7098
FL_examples (2),follicular_lymphoma,1,168,15.823,0.3943,51.867,6.675,24.9184,11.8645,1.339,0.4761,20.9503,8.1081,1.2919,0.387,0.7631,0.2129,-0.6563,0.279,0.6929,0.1585,-0.6837,0.2287,0.8756,0.0784,-1.2128,0.0895,7.1591,2.3531,1.3118,0.3287,4.7037,1.151,0.3839,0.2447,1.5419,0.415,1.7347,0.2691,6.0058,1.1463,7.2207,0.9799,43.2256,0.2674,0.044,2.9586,178.1893,39.8284
FL_examples (20),follicular_lymphoma,1,206,19.402,0.3093,28.979,5.297,15.9429,6.9307,2.8339,0.4347,15.9522,6.5561,4.3524,0.411,0.8289,0.2094,-0.9509,0.2526,0.6066,0.1643,-0.3513,0.2708,0.9011,0.0684,-1.6274,0.0759,5.3279,1.593,3.0871,0.299,3.9711,0.865,0.1559,0.2178,1.3581,0.3148,2.1761,0.2318,5.5045,0.9216,6.4795,1.0669,71.3578,0.184,0.0364,3.0785,159.9858,38.4173
FL_examples (200),follicular_lymphoma,1,148,13.94,0.2274,33.207,5.231,16.3161,8.0078,0.8597,0.4908,16.017,6.4574,1.2643,0.4032,0.8213,0.1941,-0.8824,0.2363,0.7252,0.1512,-0.5674,0.2085,0.8809,0.0754,-1.0916,0.0856,5.9301,2.0629,1.004,0.3479,3.6766,1.0336,0.035,0.2811,1.6619,0.5299,1.4909,0.3188,5.9298,1.016,7.12,1.0668,63.6676,0.2384,0.0405,2.7645,165.1627,40.8585
FL_examples (201),follicular_lymphoma,1,176,16.577,0.2751,33.292,5.594,16.5974,7.7862,1.6105,0.4691,16.2004,5.9487,1.5388,0.3672,0.8211,0.1911,-1.1035,0.2327,0.717,0.1386,-0.5064,0.1933,0.8746,0.0825,-1.1585,0.0944,5.8982,1.8214,1.6295,0.3088,3.8064,1.0349,0.5932,0.2719,1.6038,0.543,4.3537,0.3386,5.5978,1.231,6.7726,1.3773,53.9005,0.2504,0.0433,2.8243,154.6014,37.132
FL_examples (202),follicular_lymphoma,1,184,17.33,0.3669,41.953,6.157,21.1738,9.9753,0.9686,0.4711,20.1223,8.1604,0.9969,0.4055,0.7194,0.2231,-0.3883,0.3101,0.7421,0.1526,-0.863,0.2056,0.8464,0.0931,-0.785,0.11,7.0672,2.4682,0.8912,0.3493,4.2313,1.1988,0.9066,0.2833,1.704,0.4967,1.0226,0.2915,5.7063,1.1859,6.8398,1.1509,51.2897,0.2652,0.0426,2.8504,172.8948,40.7499
FL_examples (203),follicular_lymphoma,1,182,17.142,0.3344,42.988,6.41,19.5103,11.0084,1.2661,0.5642,18.8083,8.4657,1.3062,0.4501,0.7394,0.219,-0.4088,0.2961,0.7258,0.144,-0.8212,0.1983,0.8389,0.1042,-1.0329,0.1242,6.575,2.4606,1.4953,0.3742,4.1526,1.3504,0.3793,0.3252,1.6373,0.5238,2.6089,0.3199,5.4657,1.1456,6.7176,1.1397,47.512,0.2552,0.0424,2.8893,160.1258,38.5937
FL_examples (204),follicular_lymphoma,1,171,16.106,0.3201,40.298,6.122,19.8731,10.052,0.7192,0.5058,19.3005,8.072,1.2375,0.4182,0.715,0.2097,-0.3328,0.2933,0.739,0.137,-0.8734,0.1854,0.8462,0.0896,-1.1622,0.1059,6.6221,2.1216,0.7527,0.3204,4.1262,1.243,0.4176,0.3012,1.647,0.4313,1.2798,0.2619,5.8104,1.1984,7.0072,1.0684,46.5999,0.2403,0.0421,2.9178,151.0024,37.5682
FL_examples (205),follicular_lymphoma,1,169,15.918,0.3138,38.598,6.052,19.7151,9.2205,0.7543,0.4677,19.3382,7.7897,1.0783,0.4028,0.7221,0.2251,-0.3976,0.3117,0.7378,0.1475,-0.8204,0.1999,0.8407,0.0976,-0.7755,0.1161,6.743,2.154,0.8334,0.3194,4.1267,1.1763,0.4363,0.285,1.6986,0.595,2.9407,0.3503,5.7784,1.0215,6.9766,1.0912,42.9536,0.2589,0.0442,2.9214,147.0276,36.3368
FL_examples (206),follicular_lymphoma,1,177,16.671,0.3374,40.004,5.992,20.2359,9.3806,0.9825,0.4636,18.9537,7.6921,1.9066,0.4058,0.7552,0.2025,-0.5601,0.2681,0.7362,0.1567,-0.7699,0.2128,0.8566,0.0884,-1.2455,0.1032,6.7856,2.2643,1.155,0.3337,4.1106,1.1182,0.6161,0.272,1.7003,0.5201,1.1401,0.3059,5.865,1.1256,7.0291,1.0589,50.1307,0.2505,0.0421,2.9223,162.3476,38.7196
FL_examples (207),follicular_lymphoma,1,180,16.954,0.3461,45.083,6.501,20.4171,10.8737,1.9099,0.5326,19.4903,8.9898,2.6911,0.4612,0.7345,0.2163,-0.4465,0.2945,0.7301,0.1398,-0.4367,0.1915,0.852,0.0888,-1.2007,0.1042,6.7246,2.2603,1.0118,0.3361,4.1889,1.246,1.3453,0.2975,1.6509,0.503,1.6833,0.3047,5.8753,1.1196,6.9378,1.078,56.1441,0.2337,0.04,2.9154,169.6245,39.9958
FL_examples (208),follicular_lymphoma,1,167,15.729,0.2936,38.959,6.085,18.6652,9.6253,1.3127,0.5157,17.7788,7.3891,1.223,0.4156,0.7811,0.2102,-0.6657,0.2692,0.6979,0.1657,-0.4283,0.2374,0.8572,0.095,-1.3705,0.1108,6.3639,2.3422,0.9354,0.368,4.0418,1.2154,0.6775,0.3007,1.6464,0.7682,5.0795,0.4666,5.7552,1.2763,7.0367,1.3292,48.5905,0.2605,0.0435,2.8898,157.9342,38.5289
FL_examples (209),follicular_lymphoma,1,173,16.294,0.3152,39.71,5.722,19.3473,9.0814,1.1588,0.4694,18.198,6.89,1.1096,0.3786,0.7748,0.2083,-0.543,0.2688,0.7221,0.1375,-0.3754,0.1904,0.8589,0.0905,-1.0735,0.1054,6.5204,2.2626,1.2492,0.347,4.0858,1.0351,0.3568,0.2533,1.6273,0.5293,2.3985,0.3252,5.6224,1.0643,6.8743,0.9804,56.1097,0.2367,0.0406,2.9088,166.9879,40.2102
FL_examples (21),follicular_lymphoma,1,199,18.743,0.2994,28.354,4.947,15.9763,6.0948,0.5513,0.3815,15.6598,5.1245,1.5715,0.3272,0.8413,0.1891,-1.049,0.2248,0.6212,0.151,-0.0673,0.2431,0.9024,0.0679,-1.9265,0.0752,5.3736,1.5038,1.7149,0.2798,3.9453,0.7945,-0.2016,0.2014,1.38,0.3483,2.5424,0.2524,5.5631,1.0379,6.5445,1.0416,59.3376,0.2019,0.0385,3.0754,152.2274,37.2748
FL_examples (210),follicular_lymphoma,1,152,14.316,0.2786,39.463,6.031,19.4575,9.7325,0.9022,0.5002,18.6029,7.9273,1.1222,0.4261,0.7582,0.2189,-0.5403,0.2887,0.714,0.1535,-0.6618,0.215,0.849,0.0932,-0.8296,0.1097,6.4959,2.3461,1.1761,0.3612,4.1146,1.1658,0.2572,0.2833,1.603,0.4625,2.1737,0.2885,5.9821,1.2245,7.3824,1.2383,53.2812,0.2472,0.0409,2.8998,163.7303,41.062
FL_examples (211),follicular_lymphoma,1,152,14.316,0.2748,39.463,5.662,19.1944,9.4776,1.1441,0.4938,17.8456,7.1493,1.3932,0.4006,0.7905,0.1984,-0.7379,0.251,0.7181,0.1528,-0.577,0.2128,0.8699,0.0824,-1.0531,0.0947,6.4632,2.2697,1.2938,0.3512,4.028,1.0835,0.2905,0.269,1.6689,0.663,2.8885,0.3973,5.7465,1.2774,7.281,1.2669,58.3196,0.2401,0.041,2.8888,166.6552,39.9224
FL_examples (212),follicular_lymphoma,1,161,15.164,0.2912,36.258,5.687,19.2057,7.9874,1.3832,0.4159,18.267,6.5401,1.6675,0.358,0.7721,0.2067,-0.6416,0.2677,0.7189,0.1559,-0.6487,0.2169,0.8701,0.0875,-1.2054,0.1006,6.5376,2.0811,1.6215,0.3183,4.082,0.9341,0.4527,0.2288,1.6396,0.5063,1.5261,0.3088,5.7378,1.1748,7.1086,1.2872,52.8364,0.2481,0.0418,2.9076,162.2352,39.513
FL_examples (213),follicular_lymphoma,1,157,14.787,0.2885,40.349,6.02,19.5103,9.468,1.2477,0.4853,18.3121,7.6673,1.7753,0.4187,0.7834,0.2067,-0.8398,0.2638,0.7166,0.1485,-0.7616,0.2073,0.8599,0.0993,-1.5348,0.1155,6.5471,2.3407,1.5486,0.3575,4.1491,1.1616,0.7719,0.28,1.6179,0.5314,3.1591,0.3284,5.6717,1.2803,7.1316,1.106,55.2436,0.2447,0.0404,2.8826,164.6568,40.5441
FL_examples (214),follicular_lymphoma,1,175,16.483,0.2875,34.256,5.591,17.4443,7.7723,1.1374,0.4456,17.0418,6.1092,1.5047,0.3585,0.7854,0.1888,-0.6476,0.2404,0.7244,0.154,-0.8693,0.2126,0.8598,0.0821,-1.2789,0.0954,6.1859,1.9315,1.1385,0.3122,3.867,0.9542,0.7354,0.2467,1.631,0.4454,1.1732,0.2731,5.4772,1.1188,6.6445,1.2374,60.9446,0.2359,0.04,2.9129,166.0515,40.2333
FL_examples (215),follicular_lymphoma,1,166,15.635,0.2627,33.508,5.146,16.8018,7.9043,0.9408,0.4704,16.4053,6.2766,1.214,0.3826,0.8125,0.1899,-0.9838,0.2337,0.7253,0.1585,-0.7283,0.2185,0.8677,0.0907,-1.5139,0.1046,6.0833,2.0731,1.1624,0.3408,3.7418,0.9702,-0.0485,0.2593,1.6832,0.5932,2.0993,0.3524,5.5876,1.1712,6.9068,1.3008,54.5132,0.2492,0.0419,2.8905,158.3391,39.3433
FL_examples (216),follicular_lymphoma,1,147,13.845,0.2397,37.848,5.991,17.3152,9.923,3.2962,0.5731,17.2718,8.3899,2.8975,0.4858,0.7886,0.208,-0.9836,0.2637,0.7429,0.1388,-0.7174,0.1868,0.8652,0.0861,-1.425,0.0995,6.1663,2.0048,1.2361,0.3251,3.8089,1.2671,1.8152,0.3327,1.6864,0.5161,1.9955,0.306,6.0143,1.3918,7.4384,1.5744,53.7905,0.26,0.0416,2.8698,156.5536,40.9382
FL_examples (217),follicular_lymphoma,1,139,13.092,0.2159,30.848,5.162,16.4911,7.2824,0.5169,0.4416,16.2851,5.8536,1.1804,0.3594,0.807,0.186,-0.8901,0.2305,0.7381,0.1494,-0.8026,0.2024,0.8697,0.0836,-1.5025,0.0962,6.0316,1.7823,0.9847,0.2955,3.71,1.0552,0.1532,0.2844,1.7125,0.6112,2.4069,0.3569,6.1214,1.1366,7.6321,1.4127,56.9936,0.2501,0.041,2.8501,162.0964,40.6729
FL_examples (218),follicular_lymphoma,1,140,13.186,0.2192,38.95,5.732,16.6212,9.8083,1.7648,0.5901,16.5158,7.4287,1.453,0.4498,0.8024,0.2158,-0.7824,0.2689,0.7456,0.1549,-0.774,0.2077,0.8673,0.0969,-1.4484,0.1118,6.2295,2.5487,1.2024,0.4091,3.6007,1.1352,1.1576,0.3153,1.7957,0.7482,2.3954,0.4167,6.0954,1.616,7.6609,1.7168,52.825,0.2548,0.042,2.8508,153.2933,39.9597
FL_examples (219),follicular_lymphoma,1,129,12.15,0.1825,36.184,4.657,15.0171,9.4324,1.503,0.6281,16.4624,7.5361,1.1114,0.4578,0.73,0.2114,-0.2285,0.2896,0.8262,0.133,-1.7808,0.161,0.8317,0.0951,-0.8002,0.1143,6.5762,2.684,1.1701,0.4081,3.1575,1.1263,0.5598,0.3567,2.2272,0.965,1.5888,0.4333,6.2905,1.6888,7.9756,1.6752,71.1999,0.2179,0.0375,2.7689,154.0233,42.5191
FL_examples (22),follicular_lymphoma,1,190,17.895,0.281,26.728,4.589,15.7007,5.5359,0.7045,0.3526,15.6499,4.7396,1.46,0.3028,0.8297,0.2005,-0.8238,0.2417,0.6222,0.1605,-0.105,0.2579,0.8954,0.0864,-2.9602,0.0965,5.4127,1.6051,2.6069,0.2965,3.9243,0.6974,-0.6745,0.1777,1.3937,0.3687,2.6584,0.2645,5.6339,1.0528,6.6929,1.001,66.0078,0.1925,0.0372,3.057,150.0014,37.9129
FL_examples (220),follicular_lymphoma,1,112,10.549,0.2166,49.444,5.648,20.5308,13.7644,1.1542,0.6704,20.5643,9.8533,0.8351,0.4791,0.641,0.203,0.2019,0.3168,0.8697,0.1285,-3.0181,0.1478,0.8187,0.0783,-0.1272,0.0957,8.2584,3.5044,1.0065,0.4244,3.4155,1.46,1.4053,0.4275,2.6163,1.1597,1.6444,0.4433,6.6313,1.4268,8.3837,1.6283,68.0921,0.2096,0.0392,2.8349,160.9487,38.7744
FL_examples (221),follicular_lymphoma,1,168,15.823,0.2662,35.686,5.521,16.826,8.4942,2.5833,0.5048,15.7509,6.0965,2.2763,0.3871,0.867,0.1704,-1.3595,0.1965,0.6967,0.1486,-0.3324,0.2132,0.9029,0.064,-1.4184,0.0709,5.8131,1.9918,1.8708,0.3426,3.803,0.9794,1.3908,0.2575,1.5556,0.4438,1.5518,0.2853,5.4556,1.1261,6.7168,1.1714,52.9415,0.2734,0.045,2.7042,159.3963,38.274
FL_examples (222),follicular_lymphoma,1,160,15.07,0.2432,30.245,5.06,16.1372,6.8388,0.6609,0.4238,15.5448,5.2431,0.8714,0.3373,0.8541,0.1778,-1.2281,0.2082,0.7055,0.1614,-0.8943,0.2288,0.8931,0.0729,-1.5349,0.0816,5.7833,1.8417,1.1009,0.3185,3.7208,0.9157,0.258,0.2461,1.5888,0.4728,2.15,0.2976,5.5931,1.4254,6.844,1.4071,53.4314,0.2813,0.0453,2.7037,156.8245,39.6832
FL_examples (223),follicular_lymphoma,1,170,16.012,0.2737,35.511,5.502,17.0948,8.374,1.3914,0.4899,16.6023,7.1065,1.7895,0.428,0.8277,0.2037,-1.0972,0.2462,0.7088,0.1527,-0.5797,0.2155,0.8846,0.0756,-1.17,0.0854,6.0284,2.1744,1.4311,0.3607,3.8298,1.014,0.934,0.2648,1.5995,0.4936,2.0336,0.3086,5.4979,1.4402,6.6383,1.5591,61.3248,0.262,0.042,2.6831,164.3742,40.8163
FL_examples (224),follicular_lymphoma,1,177,16.671,0.2713,33.915,5.289,16.2717,8.1147,1.6114,0.4987,15.8749,6.5526,2.1333,0.4128,0.8379,0.1843,-1.2657,0.2199,0.7205,0.1422,-0.7329,0.1974,0.8852,0.0775,-1.3009,0.0876,5.8491,2.0434,1.5819,0.3494,3.6938,0.9274,0.4729,0.2511,1.6019,0.4422,1.776,0.276,5.4149,1.0881,6.6312,1.1799,57.4436,0.2644,0.0428,2.7093,163.3884,40.6033
FL_examples (225),follicular_lymphoma,1,165,15.541,0.2752,37.976,5.814,17.7064,9.1236,1.5977,0.5153,16.6335,6.7279,1.5919,0.4045,0.8306,0.1881,-0.9149,0.2264,0.7287,0.1409,-0.8564,0.1934,0.8846,0.081,-1.3473,0.0916,6.1826,2.2402,1.3523,0.3623,3.8415,1.0423,0.9636,0.2713,1.6289,0.4619,1.7031,0.2836,5.7775,1.2382,7.152,1.2471,54.5389,0.2672,0.0434,2.7812,163.1684,39.1875
FL_examples (226),follicular_lymphoma,1,187,17.613,0.2672,28.822,4.824,15.173,6.4813,0.9087,0.4272,14.9815,5.4146,1.642,0.3614,0.8677,0.1747,-1.3439,0.2014,0.7116,0.1518,-0.451,0.2133,0.8947,0.0695,-1.3346,0.0777,5.6561,1.8702,1.2735,0.3307,3.5707,0.8318,0.28,0.2329,1.6204,0.5421,2.6146,0.3345,5.4379,1.0808,6.5992,1.3176,63.5999,0.26,0.0419,2.7137,170.8233,41.3262
FL_examples (227),follicular_lymphoma,1,184,17.33,0.2728,31.027,5.219,15.7435,6.9411,1.5191,0.4409,15.3336,5.1948,1.5805,0.3388,0.8568,0.1618,-1.3041,0.1889,0.7284,0.1364,-0.9585,0.1873,0.893,0.063,-1.139,0.0705,5.7582,1.7714,1.3587,0.3076,3.6294,0.8422,0.9702,0.232,1.6093,0.4337,2.1049,0.2695,5.3603,1.0629,6.7055,1.089,57.6356,0.2549,0.0435,2.7622,162.5741,38.3291
FL_examples (228),follicular_lymphoma,1,177,16.671,0.2874,38.829,5.632,17.24,9.8948,2.8287,0.5739,16.8065,7.4588,2.4025,0.4438,0.805,0.194,-0.8471,0.241,0.7484,0.1341,-0.7791,0.1792,0.8768,0.0738,-1.1464,0.0842,6.2049,2.2627,1.6774,0.3647,3.7327,1.1144,1.7578,0.2986,1.6963,0.5081,1.8073,0.2996,5.7437,1.3085,6.8633,1.404,56.4625,0.2564,0.0437,2.7837,166.3735,38.6192
FL_examples (229),follicular_lymphoma,1,160,15.07,0.3145,50.361,6.411,20.8704,14.0788,4.3191,0.6746,19.1906,9.7891,3.7895,0.5101,0.757,0.2032,-0.574,0.2684,0.7547,0.1334,-0.8765,0.1768,0.8626,0.0756,-0.9084,0.0877,6.8698,2.5352,1.342,0.369,4.0727,1.3577,2.4186,0.3334,1.7431,0.6162,2.4411,0.3535,5.9062,1.0552,7.186,1.1114,43.2951,0.2817,0.046,2.8284,154.9276,36.9154
FL_examples (23),follicular_lymphoma,1,185,17.424,0.2802,31.25,5.44,16.0827,7.4036,1.2735,0.4603,16.6662,6.5629,1.5893,0.3938,0.7777,0.227,-0.7438,0.2918,0.6636,0.1693,-0.2555,0.2551,0.865,0.0935,-1.2218,0.1081,5.732,1.8964,1.7313,0.3308,3.8871,1.0283,0.3496,0.2645,1.5395,0.6486,4.6979,0.4213,5.5323,1.411,6.6018,1.4306,56.2619,0.2173,0.0396,3.0108,151.6541,37.312
FL_examples (230),follicular_lymphoma,1,171,16.106,0.3414,43.167,6.215,21.1984,10.9835,0.889,0.5181,19.6993,7.9851,0.9668,0.4054,0.7277,0.2019,-0.4667,0.2774,0.7476,0.1415,-0.893,0.1892,0.8439,0.0902,-1.2107,0.1068,7.045,2.7064,1.658,0.3842,4.193,1.2706,0.4857,0.303,1.7453,0.7288,4.4061,0.4176,5.9327,1.3094,7.0854,1.3744,40.2594,0.284,0.0465,2.8423,151.3993,36.7943
FL_examples (231),follicular_lymphoma,1,151,14.222,0.3224,52.226,7.232,22.6678,13.499,1.3295,0.5955,20.9397,10.2185,1.5942,0.488,0.7086,0.2185,-0.3906,0.3084,0.7521,0.1393,-1.133,0.1853,0.8358,0.0963,-0.8786,0.1152,7.1575,2.613,0.8898,0.3651,4.3479,1.5704,1.0932,0.3612,1.6973,0.4595,1.4228,0.2707,5.9066,1.2513,7.4244,1.2603,44.6039,0.274,0.0442,2.8691,160.3051,38.5951
FL_examples (232),follicular_lymphoma,1,174,16.388,0.3074,38.029,5.903,18.7582,9.2491,0.9943,0.4931,18.0282,7.2016,1.2544,0.3995,0.7653,0.1978,-0.699,0.2585,0.7515,0.1384,-1.1753,0.1842,0.861,0.0771,-0.82,0.0896,6.4714,2.0616,0.7562,0.3186,3.9312,1.156,0.5365,0.2941,1.69,0.4448,1.2453,0.2632,5.633,1.1423,6.9965,1.1819,47.8333,0.2638,0.0437,2.8471,160.5854,38.4934
FL_examples (233),follicular_lymphoma,1,163,15.352,0.3128,42.868,5.959,20.372,10.1559,1.3543,0.4985,19.1396,7.355,1.1919,0.3843,0.7366,0.195,-0.3082,0.2648,0.7673,0.1283,-1.0591,0.1672,0.8425,0.0866,-0.811,0.1028,7.002,2.4394,1.1909,0.3484,4.0636,1.0779,0.6943,0.2653,1.753,0.5022,1.2665,0.2865,5.865,1.3014,7.2449,1.2204,53.5658,0.2593,0.0417,2.7889,166.5344,40.7625
FL_examples (234),follicular_lymphoma,1,162,15.258,0.4029,50.498,6.328,26.403,11.987,0.5705,0.454,23.1304,9.501,1.307,0.4108,0.6796,0.2089,-0.2599,0.3074,0.7087,0.1571,-0.6064,0.2217,0.8403,0.082,-0.88,0.0976,7.5859,2.6182,1.0613,0.3451,4.8234,1.1841,0.0479,0.2455,1.5918,0.4373,1.2165,0.2747,6.2218,1.1524,7.4324,1.2308,38.3571,0.2667,0.0451,2.975,160.9246,36.684
FL_examples (235),follicular_lymphoma,1,164,15.447,0.3977,50.187,6.287,25.7442,12.0977,1.1255,0.4699,22.5709,8.7425,1.6728,0.3873,0.6755,0.1895,-0.2215,0.2806,0.7088,0.157,-0.7824,0.2215,0.8381,0.0755,-0.6352,0.0901,7.4484,2.5382,1.5748,0.3408,4.775,1.2148,-0.0728,0.2544,1.591,0.4424,1.2809,0.278,6.1728,1.1915,7.3927,1.0906,41.7414,0.2575,0.0433,2.9878,168.5184,37.723
FL_examples (236),follicular_lymphoma,1,151,14.222,0.3403,44.476,5.916,23.9304,9.9927,1.508,0.4176,20.7721,7.8856,2.2324,0.3796,0.7486,0.1959,-0.623,0.2616,0.671,0.1701,-0.53,0.2535,0.863,0.0726,-0.8753,0.0841,7.0296,2.4338,1.9911,0.3462,4.673,1.0141,0.6705,0.217,1.5318,0.5152,2.4709,0.3363,6.1619,1.1005,7.4241,1.2562,36.8499,0.2859,0.047,2.9335,154.3424,36.4509
FL_examples (237),follicular_lymphoma,1,170,16.012,0.3627,44.15,5.812,22.6512,10.4552,1.7644,0.4616,19.373,7.1225,1.8105,0.3677,0.789,0.1831,-0.5661,0.2321,0.6804,0.1556,-0.3126,0.2287,0.8724,0.0719,-1.0193,0.0824,6.7671,2.2674,1.1947,0.3351,4.496,1.0648,1.6157,0.2368,1.5192,0.4228,1.5785,0.2783,5.9199,1.0679,7.0493,1.2026,45.1664,0.278,0.0445,2.8656,171.5635,39.0798
FL_examples (238),follicular_lymphoma,1,169,15.918,0.3564,41.598,6.036,22.3883,9.3099,1.1499,0.4158,19.318,6.8069,1.4441,0.3524,0.7953,0.198,-0.8023,0.249,0.6847,0.155,-0.2493,0.2263,0.8771,0.082,-1.4658,0.0934,6.7792,2.1948,1.453,0.3238,4.4972,1.0383,0.3359,0.2309,1.5363,0.439,1.3777,0.2858,5.8991,0.9274,6.9564,1.0222,42.2855,0.288,0.0453,2.8653,173.4103,39.6126
FL_examples (239),follicular_lymphoma,1,157,14.787,0.3546,43.907,6.082,23.9795,9.6832,0.7724,0.4038,20.4688,7.2302,1.1677,0.3532,0.7692,0.2048,-0.6534,0.2662,0.6877,0.1623,-0.3848,0.236,0.8726,0.0759,-1.1777,0.087,7.0922,2.3277,1.1485,0.3282,4.6216,0.9699,0.0157,0.2099,1.5514,0.4404,1.1983,0.2839,6.0943,1.131,7.2946,1.2895,40.4505,0.2893,0.0464,2.8606,167.0309,37.6159
FL_examples (24),follicular_lymphoma,1,111,10.455,0.209,46.816,6.287,19.9895,12.9918,1.1199,0.6499,18.6261,8.6445,0.8731,0.4641,0.7388,0.207,-0.3877,0.2801,0.7499,0.1397,-1.0934,0.1863,0.8436,0.0961,-0.9949,0.1139,6.5749,2.4261,0.5765,0.369,4.0158,1.4047,0.3183,0.3498,1.6909,0.4644,1.7032,0.2747,6.5487,1.9576,8.3231,1.9365,40.0567,0.2717,0.0469,2.9671,149.983,35.2328
FL_examples (240),follicular_lymphoma,1,174,16.388,0.3557,43.684,6.469,21.706,9.6601,1.3215,0.445,18.6396,7.1703,2.0712,0.3847,0.8223,0.1851,-1.1056,0.2251,0.669,0.161,-0.433,0.2406,0.8843,0.0755,-1.3533,0.0854,6.521,2.0883,1.3629,0.3202,4.4473,1.0998,1.4045,0.2473,1.4844,0.3735,1.2913,0.2516,5.7507,1.0456,6.8831,1.0936,42.2669,0.2907,0.0463,2.8421,167.5597,38.4664
FL_examples (241),follicular_lymphoma,1,171,16.106,0.3468,39.111,5.561,21.5325,8.4747,0.8785,0.3936,18.774,6.0374,1.1485,0.3216,0.7999,0.182,-0.8658,0.2276,0.6846,0.1675,-0.5906,0.2446,0.8801,0.0758,-1.7452,0.0862,6.6522,1.9888,1.1195,0.299,4.3797,0.9029,-0.1058,0.2062,1.5533,0.4745,1.8471,0.3055,5.9371,1.0902,7.0654,1.2378,37.049,0.3028,0.0476,2.8634,158.0692,37.9478
FL_examples (242),follicular_lymphoma,1,179,16.859,0.3563,38.688,5.692,21.1328,8.2003,1.1189,0.388,18.3393,6.0645,1.3913,0.3307,0.8241,0.1823,-1.1022,0.2212,0.6548,0.17,-0.2199,0.2596,0.8844,0.0721,-1.6099,0.0815,6.4832,2.108,1.528,0.3252,4.4165,0.8915,-0.086,0.2019,1.4912,0.4666,2.1964,0.3129,5.8954,1.0021,6.8983,0.9627,41.2036,0.2957,0.0473,2.8896,165.977,37.3534
FL_examples (243),follicular_lymphoma,1,192,18.084,0.3543,35.2,5.406,19.5939,7.4544,0.9948,0.3804,17.4602,5.0641,1.1249,0.29,0.8231,0.166,-0.8508,0.2017,0.6731,0.1757,-0.5531,0.261,0.8847,0.0663,-1.1854,0.0749,6.2699,1.8225,1.501,0.2907,4.1965,0.8896,-0.3245,0.212,1.5398,0.4922,2.2101,0.3197,5.6478,0.8798,6.6074,0.9712,42.9441,0.2877,0.0454,2.9095,171.0438,39.1259
FL_examples (244),follicular_lymphoma,1,183,17.236,0.3408,33.132,5.385,19.7725,6.9411,0.5448,0.3511,17.3148,5.1504,1.9047,0.2975,0.8483,0.1663,-1.3005,0.1961,0.6473,0.1646,-0.2734,0.2543,0.8903,0.0686,-1.4439,0.077,6.1236,1.6527,1.2776,0.2699,4.3066,0.9074,0.0288,0.2107,1.4603,0.4468,2.875,0.306,5.799,0.9328,6.8581,1.1375,43.0701,0.2899,0.0466,2.8843,170.5268,38.1549
FL_examples (245),follicular_lymphoma,1,178,16.765,0.3492,38.735,5.437,20.8295,8.3906,0.7307,0.4028,18.1344,6.2336,1.5487,0.3437,0.8275,0.183,-1.1158,0.2212,0.6743,0.1687,-0.6071,0.2502,0.885,0.075,-1.9228,0.0847,6.4442,2.0134,1.363,0.3124,4.3175,0.9417,-0.3697,0.2181,1.5245,0.4514,1.6909,0.2961,5.7224,0.943,6.8206,0.9832,44.3459,0.2952,0.0462,2.8869,173.0587,39.3054
FL_examples (246),follicular_lymphoma,1,194,18.272,0.3617,36.014,5.265,19.7966,7.5696,1.0956,0.3824,17.3664,5.4751,1.3778,0.3153,0.8506,0.1758,-1.4216,0.2066,0.6573,0.154,-0.4183,0.2343,0.8914,0.0738,-2.0967,0.0828,6.1663,1.8779,1.4923,0.3046,4.2781,0.8277,0.5728,0.1935,1.447,0.3578,1.8912,0.2473,5.6803,0.9177,6.6734,1.0686,45.9144,0.2907,0.0461,2.9049,171.4019,38.4835
FL_examples (247),follicular_lymphoma,1,171,16.106,0.3298,38.135,5.996,20.4757,8.5886,0.9906,0.4195,17.6804,6.006,1.5286,0.3397,0.8423,0.1751,-1.0953,0.2078,0.6433,0.1649,-0.2025,0.2564,0.8922,0.067,-1.1157,0.0751,6.2269,1.9199,1.1404,0.3083,4.3752,1.0184,0.4111,0.2328,1.4497,0.4188,2.1964,0.2889,5.8842,0.9624,6.9712,1.2064,38.8008,0.309,0.0484,2.8803,161.4804,37.5674
FL_examples (248),follicular_lymphoma,1,103,9.701,0.1557,40.973,5.824,16.0508,12.2184,1.5298,0.7612,18.3338,10.9135,1.4751,0.5953,0.6562,0.2353,-0.0876,0.3586,0.8155,0.1478,-1.4856,0.1812,0.7581,0.1225,-0.4946,0.1616,7.0025,3.7438,2.5743,0.5346,3.4607,1.5707,0.5498,0.4539,2.1663,0.8375,0.9702,0.3866,6.1557,1.9247,8.0853,2.6808,49.3889,0.2375,0.0416,2.7839,150.9443,37.9993
FL_examples (249),follicular_lymphoma,1,66,6.216,0.1026,42.834,6.368,16.5111,11.9331,1.0789,0.7227,16.9202,8.4393,0.6805,0.4988,0.7291,0.2085,-0.2872,0.2859,0.7547,0.1655,-1.0022,0.2193,0.8128,0.0988,-0.6978,0.1216,6.1893,2.5576,0.8762,0.4132,3.5858,1.5067,0.4739,0.4202,1.8668,0.7986,2.1469,0.4278,6.5319,1.6114,8.8391,1.9685,51.2131,0.2592,0.0429,2.7189,143.3148,41.6295
FL_examples (25),follicular_lymphoma,1,106,9.984,0.2159,45.359,5.933,21.6291,11.7044,0.9667,0.5411,19.2443,7.5532,0.8579,0.3925,0.748,0.191,-0.378,0.2554,0.7435,0.1431,-0.5112,0.1924,0.851,0.0867,-0.886,0.1019,6.9353,2.4198,1.0711,0.3489,4.1835,1.2271,-0.2303,0.2933,1.739,0.6392,2.0653,0.3676,6.8201,1.8542,8.6027,1.9255,36.6039,0.2858,0.0489,2.938,146.526,34.628
FL_examples (250),follicular_lymphoma,1,97,9.136,0.1765,42.426,6.138,19.321,11.3972,0.7322,0.5899,18.7466,8.6794,0.9072,0.463,0.727,0.2206,-0.3318,0.3035,0.7527,0.1813,-1.0954,0.2408,0.8223,0.1134,-0.8029,0.1378,6.8697,2.6598,0.6536,0.3872,3.9193,1.4208,0.263,0.3625,1.8574,0.6933,1.4305,0.3733,6.6587,2.0299,8.7081,3.4793,47.2197,0.269,0.0425,2.644,155.3042,41.2051
FL_examples (251),follicular_lymphoma,1,122,11.491,0.237,46.65,7.24,20.6241,11.8047,1.2794,0.5724,19.2528,8.8521,1.4946,0.4598,0.743,0.2178,-0.4538,0.2931,0.7053,0.1658,-0.4537,0.2351,0.8346,0.1021,-0.8079,0.1223,6.6241,2.295,1.1354,0.3465,4.3162,1.6026,0.7736,0.3713,1.6384,0.5729,1.9549,0.3497,6.3571,1.5664,8.0663,1.6393,40.2668,0.2887,0.0462,2.663,146.452,37.9176
FL_examples (252),follicular_lymphoma,1,149,14.034,0.3323,48.654,6.4,23.6793,11.8219,1.036,0.4993,20.5626,7.9129,1.1792,0.3848,0.7376,0.1963,-0.4255,0.2662,0.7371,0.1409,-0.7553,0.1911,0.8473,0.0893,-1.0013,0.1054,7.2937,2.5093,1.1739,0.344,4.4673,1.2144,0.3114,0.2718,1.6733,0.5063,1.4363,0.3026,6.0998,1.4451,7.4351,1.4253,38.1693,0.2971,0.047,2.7526,166.4497,37.7429
FL_examples (253),follicular_lymphoma,1,145,13.657,0.3277,51.221,6.834,23.9969,12.5181,1.5394,0.5217,21.0453,8.3169,1.1673,0.3952,0.7209,0.2072,-0.3359,0.2874,0.7143,0.1497,-0.8299,0.2096,0.8382,0.095,-0.8473,0.1134,7.1754,2.3569,1.0284,0.3285,4.6072,1.2355,0.4398,0.2682,1.5862,0.4194,1.534,0.2644,6.0414,1.3071,7.4345,1.7339,42.7697,0.2944,0.0448,2.8252,162.8154,40.6448
FL_examples (254),follicular_lymphoma,1,147,13.845,0.3184,51.405,7.069,22.9967,13.5979,2.1554,0.5913,21.6244,10.8601,2.366,0.5022,0.6823,0.2203,-0.3054,0.3229,0.7499,0.133,-0.6661,0.1773,0.8244,0.097,-0.8718,0.1176,7.2665,2.5425,1.2551,0.3499,4.4246,1.4305,0.7826,0.3233,1.6975,0.4853,1.3338,0.2859,6.0901,1.2537,7.4793,1.2767,36.9659,0.2878,0.0467,2.8538,157.1698,37.5814
FL_examples (255),follicular_lymphoma,1,150,14.128,0.3428,46.933,6.835,24.2663,11.2014,0.6351,0.4616,23.3011,9.899,1.2466,0.4248,0.6313,0.22,-0.1656,0.3485,0.703,0.1602,-0.9128,0.2279,0.8142,0.0941,-0.5137,0.1156,7.3063,2.263,0.6042,0.3097,4.7744,1.3186,0.3397,0.2762,1.5646,0.4058,1.4457,0.2594,5.9336,1.2572,7.1385,1.228,44.3713,0.2523,0.0434,2.9464,160.7793,36.7039
FL_examples (256),follicular_lymphoma,1,153,14.411,0.3279,44.674,6.445,22.7574,11.0175,0.8679,0.4841,20.9346,8.9427,1.341,0.4272,0.7155,0.2194,-0.4476,0.3066,0.709,0.1438,-0.8309,0.2028,0.8492,0.0887,-1.1995,0.1045,6.9334,2.3032,0.8888,0.3322,4.5243,1.2673,0.2108,0.2801,1.5601,0.4007,1.6831,0.2568,6.0192,1.2914,7.2918,1.3481,33.2653,0.2751,0.049,2.9082,140.6083,32.5085
FL_examples (257),follicular_lymphoma,1,139,13.092,0.3009,46.084,6.31,22.9807,11.1764,1.1809,0.4863,20.0501,8.187,1.4736,0.4083,0.7639,0.2057,-0.6557,0.2693,0.699,0.1636,-0.9983,0.234,0.8604,0.0843,-0.9919,0.098,6.9026,2.3251,1.1185,0.3368,4.5006,1.2076,0.2725,0.2683,1.5613,0.4217,1.6587,0.2701,6.3267,1.4308,7.703,1.4999,34.8124,0.3059,0.0486,2.7953,149.2185,36.8183
FL_examples (258),follicular_lymphoma,1,132,12.433,0.2591,42.018,5.986,20.8442,10.5317,1.3928,0.5053,18.5357,7.2613,1.6852,0.3917,0.7878,0.1896,-0.6655,0.2407,0.6858,0.176,-0.5676,0.2566,0.8663,0.0741,-1.0004,0.0855,6.5245,2.2206,1.0592,0.3404,4.2749,1.1595,0.1827,0.2712,1.5636,0.4469,1.0616,0.2858,6.3856,1.4085,8.0799,1.6005,38.2709,0.295,0.0467,2.7574,151.125,38.2772
FL_examples (259),follicular_lymphoma,1,185,17.424,0.3403,34.168,5.346,19.5278,7.3842,0.8799,0.3781,17.4356,5.8982,2.5942,0.3383,0.8351,0.1758,-1.232,0.2105,0.6641,0.1739,-0.5352,0.2618,0.8868,0.078,-2.0062,0.088,6.2491,2.0209,2.6362,0.3234,4.2295,0.8628,-0.3659,0.204,1.5058,0.4437,1.7097,0.2947,5.7281,0.9838,6.811,1.0742,43.7559,0.2875,0.0461,2.8011,165.6121,38.03
FL_examples (26),follicular_lymphoma,1,103,9.701,0.2048,44.821,6.62,21.1127,11.6347,0.845,0.5511,19.1152,7.6102,0.9057,0.3981,0.739,0.1977,-0.302,0.2675,0.7403,0.1316,-0.9128,0.1778,0.8449,0.0899,-1.6262,0.1064,6.6828,2.1142,0.3866,0.3164,4.223,1.3653,0.2676,0.3233,1.6387,0.415,1.2798,0.2532,6.6839,2.1141,8.5835,2.3536,45.1528,0.2762,0.0464,2.9413,163.8159,37.3266
FL_examples (260),follicular_lymphoma,1,179,16.859,0.334,36.701,5.757,19.81,7.8745,1.1652,0.3975,17.5866,5.6652,1.9907,0.3221,0.8259,0.1746,-1.0205,0.2114,0.6447,0.1738,-0.5068,0.2697,0.8841,0.0788,-1.3836,0.0891,6.1549,1.7385,1.4602,0.2825,4.3267,0.955,0.8791,0.2207,1.4504,0.3913,1.8898,0.2698,5.8394,1.0528,6.923,1.089,44.1338,0.2899,0.0452,2.8378,162.5425,39.6327
FL_examples (261),follicular_lymphoma,1,177,16.671,0.3315,40.357,5.936,19.8856,8.832,1.4508,0.4441,17.9597,6.8732,1.8503,0.3827,0.8144,0.1898,-0.9824,0.2331,0.6631,0.1755,-0.5026,0.2647,0.8754,0.0767,-1.2335,0.0876,6.321,2.1484,1.4403,0.3399,4.2559,0.9482,0.5168,0.2228,1.4984,0.4163,1.486,0.2778,5.6902,1.1782,6.9485,1.2569,44.567,0.2687,0.0445,2.8747,161.5549,37.9947
FL_examples (262),follicular_lymphoma,1,193,18.178,0.3575,37.929,5.631,19.6689,8.158,1.123,0.4148,17.6506,6.2802,1.4881,0.3558,0.8312,0.1907,-1.0714,0.2294,0.6552,0.1764,-0.3881,0.2692,0.8867,0.0702,-1.3033,0.0791,6.2686,2.181,1.3573,0.3479,4.2226,0.8679,0.3585,0.2055,1.496,0.468,2.2964,0.3128,5.6248,1.0893,6.6784,1.2338,45.9159,0.2736,0.0444,2.8832,162.4986,38.2606
FL_examples (263),follicular_lymphoma,1,143,13.469,0.283,45.381,6.227,21.0106,11.3172,1.5448,0.5386,17.9863,7.448,1.8013,0.4141,0.8306,0.1731,-0.9741,0.2084,0.6613,0.1741,-0.7082,0.2632,0.889,0.0582,-0.8206,0.0655,6.2853,2.2001,1.3597,0.35,4.3215,1.1824,0.1156,0.2736,1.481,0.4006,2.1566,0.2705,6.2958,1.2735,7.406,1.5563,43.7616,0.2664,0.044,2.8965,160.0666,38.7574
FL_examples (264),follicular_lymphoma,1,167,15.729,0.3349,43.303,6.337,21.293,9.8806,1.6184,0.464,18.6174,6.7724,1.725,0.3638,0.8022,0.1895,-0.7094,0.2362,0.6645,0.166,-0.2711,0.2498,0.874,0.075,-0.9326,0.0859,6.4967,2.102,1.0198,0.3235,4.3978,1.0357,0.9682,0.2355,1.497,0.424,1.5967,0.2832,5.8527,0.9673,7.1706,1.2086,43.9498,0.2712,0.0442,2.8769,161.9345,38.4392
FL_examples (265),follicular_lymphoma,1,182,17.142,0.3542,35.927,5.244,20.6624,7.5145,0.997,0.3637,17.9387,5.4108,1.3249,0.3016,0.8345,0.1793,-0.9948,0.2149,0.6594,0.1723,-0.409,0.2613,0.887,0.0719,-1.2341,0.081,6.416,1.9685,1.4,0.3068,4.351,0.7679,0.0979,0.1765,1.4879,0.4139,1.4988,0.2782,5.7458,1.0145,6.8676,1.0684,44.7198,0.2727,0.0442,2.91,161.6433,38.3476
FL_examples (266),follicular_lymphoma,1,166,15.635,0.3393,39.084,5.836,21.7017,8.1497,0.8602,0.3755,18.6621,5.6224,1.1508,0.3013,0.8104,0.1807,-0.7992,0.2229,0.673,0.1615,-0.5681,0.24,0.8803,0.0724,-1.0718,0.0823,6.5699,1.8454,1.0129,0.2809,4.4542,0.9111,0.2482,0.2045,1.4987,0.396,1.4353,0.2643,5.9918,1.2052,7.2009,1.1726,43.8093,0.2726,0.0449,2.8717,164.1787,38.0378
FL_examples (267),follicular_lymphoma,1,164,15.447,0.3454,42.507,6.297,22.3625,9.546,0.8936,0.4269,19.1164,6.805,1.3797,0.356,0.8026,0.1838,-0.8877,0.229,0.67,0.1713,-0.3838,0.2556,0.8775,0.0755,-1.4019,0.0861,6.7163,2.1777,0.9472,0.3242,4.4854,1.0693,1.0956,0.2384,1.522,0.4568,1.7329,0.3001,6.0082,1.3276,7.2629,1.4904,45.8759,0.2696,0.0434,2.8629,165.1336,39.5263
FL_examples (268),follicular_lymphoma,1,131,12.338,0.2894,45.116,6.382,23.4569,10.5705,1.1331,0.4506,20.1615,7.5739,1.4897,0.3757,0.7677,0.2001,-0.6254,0.2607,0.6914,0.16,-0.578,0.2314,0.8689,0.0798,-1.6587,0.0919,6.9545,2.164,0.958,0.3112,4.5761,1.1268,0.5172,0.2462,1.5508,0.4416,1.627,0.2848,6.367,1.5171,7.7988,1.6004,42.081,0.2751,0.044,2.8565,156.9849,39.3047
FL_examples (269),follicular_lymphoma,1,145,13.657,0.3526,54.833,6.915,25.8181,13.7978,1.1132,0.5344,22.2801,9.9518,1.3372,0.4467,0.712,0.2196,-0.3953,0.3085,0.7169,0.1505,-0.6695,0.21,0.8472,0.0868,-0.8307,0.1024,7.4711,2.6747,0.895,0.358,4.7164,1.3953,0.7626,0.2958,1.6125,0.4599,1.3728,0.2852,6.4857,1.3974,7.7482,1.5034,33.9671,0.2907,0.0473,2.9234,149.131,36.3531
FL_examples (27),follicular_lymphoma,1,134,12.621,0.2533,53.217,7.048,20.072,15.2047,2.6674,0.7575,20.7355,11.1008,1.4668,0.5354,0.6438,0.2298,0.0424,0.3569,0.7908,0.1362,-1.006,0.1722,0.7971,0.1034,-0.4228,0.1297,7.2046,2.9542,1.0191,0.41,3.9352,1.5977,1.0843,0.406,1.9298,0.6792,1.5682,0.3519,5.8095,1.5513,7.4699,1.5506,54.9733,0.2479,0.043,2.861,169.4041,37.8059
FL_examples (270),follicular_lymphoma,1,140,13.186,0.4075,63.51,7.445,30.9072,15.1068,0.9736,0.4888,25.8995,10.7052,1.0829,0.4133,0.636,0.2081,0.0201,0.3272,0.7105,0.1501,-0.6844,0.2113,0.8272,0.0861,-0.9053,0.1041,8.2289,2.9044,1.092,0.353,5.2654,1.3875,-0.0471,0.2635,1.5784,0.4048,1.0259,0.2564,6.7443,1.3909,8.0955,1.3227,39.0452,0.2647,0.0445,2.9493,171.0625,37.4278
FL_examples (271),follicular_lymphoma,1,153,14.411,0.3966,54.699,7.326,27.5204,12.678,1.4814,0.4607,24.641,9.9176,1.8125,0.4025,0.6279,0.2033,-0.1958,0.3238,0.7087,0.1416,-0.56,0.1998,0.8244,0.0863,-0.914,0.1047,7.7701,2.4984,2.2008,0.3215,5.0623,1.2853,0.8508,0.2539,1.5616,0.4008,1.3844,0.2566,5.9129,1.2217,7.3686,1.2268,43.4024,0.2451,0.0423,2.9679,169.0849,37.7265
FL_examples (272),follicular_lymphoma,1,164,15.447,0.419,52.713,7.0,27.1261,12.5059,1.1999,0.461,24.0624,9.9742,1.6271,0.4145,0.6525,0.2134,-0.1874,0.327,0.6843,0.1823,-0.792,0.2665,0.8317,0.0907,-0.7705,0.109,7.6989,2.7764,2.2886,0.3606,5.0071,1.2744,0.0986,0.2545,1.5814,0.5462,2.7737,0.3454,6.2211,1.164,7.379,1.0358,40.2603,0.2608,0.044,2.9609,166.3172,36.9796
FL_examples (273),follicular_lymphoma,1,142,13.374,0.3576,54.861,7.35,26.7391,13.7988,0.73,0.5161,22.1076,9.0671,0.9048,0.4101,0.7257,0.2012,-0.4302,0.2772,0.693,0.1432,-0.7576,0.2066,0.8517,0.0781,-0.8615,0.0917,7.3096,2.418,0.6655,0.3308,4.9091,1.4155,0.2898,0.2884,1.5142,0.394,2.8376,0.2602,6.4371,1.2766,7.6777,1.2837,36.0945,0.2794,0.0465,2.8751,159.7538,36.7246
FL_examples (274),follicular_lymphoma,1,152,14.316,0.3349,49.858,6.447,23.3929,11.7284,1.9124,0.5014,19.1447,7.0329,1.5,0.3674,0.8211,0.1768,-0.8213,0.2153,0.6744,0.1572,-0.4136,0.2331,0.8905,0.0616,-0.8933,0.0692,6.7463,2.3033,1.5377,0.3414,4.5473,1.1368,0.9792,0.25,1.4978,0.394,1.4476,0.2631,6.3121,1.1824,7.4964,1.2681,40.3043,0.2996,0.0474,2.7019,165.7891,38.2664
FL_examples (275),follicular_lymphoma,1,170,16.012,0.3589,41.175,5.776,22.4122,8.8378,1.1588,0.3943,19.042,6.0635,1.1922,0.3184,0.807,0.1784,-0.8259,0.2211,0.649,0.1746,-0.3518,0.269,0.885,0.0642,-1.2857,0.0725,6.6157,2.0024,1.0207,0.3027,4.5743,0.9052,0.3424,0.1979,1.4569,0.363,1.0289,0.2491,6.0883,1.0722,7.1155,1.0736,40.5417,0.3098,0.0474,2.7045,167.9139,39.2689
FL_examples (276),follicular_lymphoma,1,168,15.823,0.3817,46.851,6.522,24.1224,10.8699,1.0731,0.4506,19.8492,7.4414,1.2993,0.3749,0.8119,0.2037,-0.96,0.2508,0.6666,0.1507,-0.3741,0.2261,0.8943,0.0735,-1.976,0.0821,6.8427,2.3172,1.4043,0.3386,4.6707,1.0182,0.3219,0.218,1.4656,0.3595,1.4824,0.2453,6.2303,1.1288,7.2884,1.2334,43.7142,0.2609,0.0433,2.9895,176.9061,39.264
FL_examples (277),follicular_lymphoma,1,178,16.765,0.3901,42.873,5.973,23.2712,9.1072,1.0751,0.3913,19.2066,6.4654,1.4454,0.3366,0.8334,0.1933,-1.1671,0.2319,0.6272,0.174,-0.2693,0.2775,0.8989,0.0676,-1.5769,0.0752,6.6131,2.047,1.3523,0.3095,4.6924,0.8626,0.5959,0.1838,1.413,0.3625,1.927,0.2565,5.8664,1.0241,6.9486,1.1745,45.2007,0.2579,0.0435,3.0257,178.5385,38.4777
FL_examples (278),follicular_lymphoma,1,157,14.787,0.3666,48.523,6.45,24.7896,10.7238,1.5155,0.4326,20.773,6.9717,1.0473,0.3356,0.7659,0.2082,-0.6351,0.2718,0.6824,0.1624,-0.5603,0.238,0.8769,0.08,-1.4232,0.0913,7.1213,2.2048,1.2414,0.3096,4.7254,1.0226,0.5112,0.2164,1.5259,0.4096,1.2449,0.2684,6.0573,1.2174,7.3442,1.3014,43.2197,0.2599,0.043,3.019,171.1691,38.9998
FL_examples (279),follicular_lymphoma,1,130,12.244,0.2995,46.747,6.322,24.461,11.1203,0.6898,0.4546,21.9071,8.7513,1.2381,0.3995,0.6951,0.218,-0.2392,0.3137,0.7322,0.1668,-1.0489,0.2278,0.8493,0.0821,-0.7742,0.0966,7.4144,2.2952,0.8891,0.3096,4.5278,1.2149,-0.0324,0.2683,1.7093,0.5775,1.8651,0.3379,6.4952,1.6459,8.0515,1.6524,47.032,0.2402,0.0413,3.028,164.7435,39.2016
FL_examples (28),follicular_lymphoma,1,134,12.621,0.3041,57.48,7.7,24.0956,16.8065,2.5688,0.6975,23.4563,12.2244,1.4971,0.5212,0.6138,0.2318,0.1813,0.3776,0.7778,0.1392,-1.0596,0.1789,0.7874,0.1104,-0.6328,0.1402,7.8256,3.0792,0.74,0.3935,4.4395,1.7765,1.0273,0.4002,1.8455,0.5908,1.2357,0.3202,6.1929,1.5894,7.6513,1.7655,56.3648,0.2414,0.0426,2.8516,177.2136,38.0857
FL_examples (280),follicular_lymphoma,1,150,14.128,0.3364,47.85,6.464,23.8121,10.2869,1.4108,0.432,19.8256,7.3447,2.0306,0.3705,0.8051,0.201,-0.8836,0.2497,0.6628,0.1681,-0.2704,0.2536,0.8895,0.0701,-1.1152,0.0788,6.8825,2.3472,2.4336,0.341,4.6416,1.0386,1.0487,0.2238,1.5167,0.5211,2.7861,0.3435,6.236,1.2391,7.6026,1.3494,49.9795,0.2422,0.041,3.0426,172.412,39.7527
FL_examples (281),follicular_lymphoma,1,162,15.258,0.3515,43.204,6.337,23.0357,9.6922,1.0417,0.4207,19.6281,6.6086,1.0548,0.3367,0.7875,0.1958,-0.6726,0.2487,0.6958,0.1615,-0.7501,0.2322,0.8835,0.0711,-1.2606,0.0804,6.8851,2.037,0.6939,0.2958,4.4928,1.0605,0.5125,0.236,1.5796,0.6178,5.9706,0.3911,5.9896,1.0628,7.1464,1.23,48.1272,0.2488,0.0423,3.0385,179.7868,39.1721
FL_examples (282),follicular_lymphoma,1,109,10.266,0.2144,37.453,5.573,20.8844,8.0016,0.6387,0.3831,17.476,5.1672,0.9618,0.2957,0.8686,0.1519,-1.4303,0.1749,0.6492,0.1725,-0.7625,0.2658,0.9098,0.0558,-1.8266,0.0614,6.2127,1.7098,0.7545,0.2752,4.363,0.8965,-0.1817,0.2055,1.4391,0.3306,1.2513,0.2297,6.5956,1.4903,8.2813,1.6337,42.6082,0.258,0.0439,3.0397,150.1898,37.8598
FL_examples (283),follicular_lymphoma,1,121,11.397,0.2599,45.982,6.375,22.8021,10.2712,1.2091,0.4504,19.1208,6.9151,1.4839,0.3617,0.8147,0.1835,-0.9939,0.2252,0.6971,0.1397,-0.6807,0.2004,0.8892,0.0706,-1.5612,0.0794,6.7169,2.0405,1.0705,0.3038,4.4756,1.0342,0.7228,0.2311,1.5072,0.3202,1.0976,0.2125,6.4809,1.4467,7.9416,1.6664,44.769,0.2487,0.0429,3.033,168.1369,38.9118
FL_examples (284),follicular_lymphoma,1,141,13.28,0.2844,40.035,5.403,21.4151,8.8298,1.1904,0.4123,18.3326,6.0086,1.3967,0.3278,0.8275,0.1773,-0.8797,0.2143,0.6914,0.151,-0.7131,0.2184,0.8968,0.0626,-1.3387,0.0698,6.5894,2.1412,1.3519,0.3249,4.3079,0.776,0.1811,0.1801,1.5307,0.4093,1.584,0.2674,6.1322,1.312,7.4457,1.4111,50.1928,0.2488,0.0413,3.0427,168.1521,40.5339
FL_examples (285),follicular_lymphoma,1,162,15.258,0.3191,36.818,5.459,20.9131,7.6415,1.0709,0.3654,18.2665,5.5157,1.413,0.302,0.8201,0.1861,-1.0251,0.2269,0.6747,0.1625,-0.7291,0.2409,0.8886,0.0748,-1.8367,0.0842,6.4233,1.7203,1.0595,0.2678,4.3674,0.8016,-0.1244,0.1835,1.4858,0.3436,1.0574,0.2312,5.6632,1.0961,6.9911,1.1445,51.0556,0.2316,0.0404,3.0825,171.8043,39.749
FL_examples (286),follicular_lymphoma,1,157,14.787,0.3378,48.007,6.16,22.8447,11.0235,2.0367,0.4825,19.2689,7.5503,1.9195,0.3918,0.8169,0.1971,-0.9612,0.2412,0.6614,0.162,-0.6083,0.2449,0.8916,0.0689,-1.2687,0.0773,6.6408,2.2459,1.5398,0.3382,4.5424,0.9659,0.6971,0.2127,1.4639,0.3613,1.3908,0.2468,6.1588,1.1714,7.3021,1.1933,48.6133,0.2323,0.0409,3.0904,173.3482,38.9959
FL_examples (287),follicular_lymphoma,1,174,16.388,0.3435,41.262,6.063,20.9582,9.0397,1.9843,0.4313,18.7935,7.1359,2.2168,0.3797,0.7958,0.2008,-0.9286,0.2523,0.6724,0.1668,-0.5601,0.248,0.8836,0.0731,-1.1841,0.0827,6.4905,1.9607,1.4245,0.3021,4.358,0.9434,0.6728,0.2165,1.5343,0.5684,4.3297,0.3705,5.8487,1.1268,7.0255,1.1784,47.2155,0.247,0.0418,3.0689,167.3694,39.234
FL_examples (288),follicular_lymphoma,1,171,16.106,0.3577,45.929,6.401,22.2118,10.5514,1.2713,0.475,19.5426,7.5403,1.1819,0.3858,0.7812,0.2194,-0.6278,0.2809,0.6596,0.1738,-0.3054,0.2635,0.8784,0.0777,-1.1016,0.0885,6.6861,2.346,1.2569,0.3509,4.5114,1.1262,0.7999,0.2496,1.5064,0.4754,2.3365,0.3156,5.934,1.0411,7.1332,1.2361,47.6106,0.2522,0.0422,3.041,177.1282,40.4538
FL_examples (289),follicular_lymphoma,1,170,16.012,0.3588,41.909,5.757,22.4072,9.2926,0.9027,0.4147,19.0139,6.3689,1.1894,0.335,0.8104,0.1873,-0.8906,0.2311,0.664,0.159,-0.4212,0.2395,0.8846,0.0777,-2.3864,0.0879,6.632,2.0902,1.3821,0.3152,4.5348,0.9496,0.2673,0.2094,1.4708,0.3754,1.7423,0.2552,5.8814,0.984,7.0788,1.0539,43.157,0.2675,0.0436,2.9919,175.7478,39.9564
FL_examples (29),follicular_lymphoma,1,83,7.817,0.1812,46.764,6.294,23.1843,12.1605,0.5358,0.5245,19.9802,6.9264,0.3567,0.3467,0.7257,0.1692,-0.5413,0.2332,0.7269,0.1646,-1.1096,0.2265,0.8339,0.1042,-1.6518,0.125,7.0923,2.1455,0.3868,0.3025,4.4436,1.3397,0.2042,0.3015,1.6661,0.5662,3.379,0.3399,7.3351,1.9293,9.5751,2.0139,37.9495,0.282,0.0486,2.9327,150.9698,34.8208
FL_examples (290),follicular_lymphoma,1,154,14.505,0.3282,46.248,6.311,22.6248,11.4469,1.6004,0.5059,19.351,7.001,1.0148,0.3618,0.7806,0.1916,-0.5131,0.2455,0.6939,0.1571,-0.734,0.2263,0.8766,0.0743,-1.2253,0.0847,6.7386,2.1652,0.8348,0.3213,4.4459,1.1007,0.3989,0.2476,1.5321,0.3692,0.978,0.241,6.0525,1.0699,7.4344,1.1481,40.7198,0.2703,0.044,2.9604,165.0578,38.8327
FL_examples (291),follicular_lymphoma,1,151,14.222,0.3389,54.09,7.487,23.8281,13.4146,1.9978,0.563,19.6834,8.1085,1.632,0.4119,0.8026,0.1977,-0.87,0.2463,0.6671,0.1551,-0.2591,0.2324,0.8857,0.0695,-1.126,0.0785,6.774,2.3769,1.1295,0.3509,4.6133,1.3674,1.4002,0.2964,1.5002,0.5025,3.8452,0.3349,6.109,1.2523,7.3228,1.321,45.1361,0.2534,0.0425,2.9886,172.5639,39.2474
FL_examples (292),follicular_lymphoma,1,163,15.352,0.3691,48.444,6.413,24.0445,10.942,1.215,0.4551,19.5121,7.0379,1.467,0.3607,0.8231,0.1861,-1.0863,0.2261,0.6599,0.1598,-0.6911,0.2422,0.8935,0.0687,-1.3513,0.0769,6.7585,2.1637,1.4582,0.3201,4.6812,1.0242,0.1979,0.2188,1.4542,0.3545,1.8419,0.2438,6.2571,1.0549,7.4191,1.1012,44.6771,0.2593,0.0432,3.0125,176.6296,39.5252
FL_examples (293),follicular_lymphoma,1,125,11.773,0.3148,58.923,7.492,26.7378,14.8053,1.372,0.5537,22.3763,10.4985,2.1075,0.4692,0.725,0.2181,-0.3819,0.3008,0.7228,0.163,-0.6547,0.2255,0.8607,0.0845,-1.0816,0.0982,7.6198,2.697,0.8148,0.3539,4.7098,1.5591,0.7868,0.331,1.6994,0.617,1.7431,0.3631,6.8004,1.4231,8.3867,1.3903,39.7662,0.2647,0.0437,2.986,160.1507,39.5438
FL_examples (294),follicular_lymphoma,1,157,14.787,0.3662,51.67,6.575,24.7639,12.0997,1.346,0.4886,20.1747,8.1256,1.7236,0.4028,0.8053,0.1978,-0.8897,0.2456,0.6899,0.1515,-0.5492,0.2196,0.8923,0.0727,-1.4243,0.0815,7.0476,2.4211,1.5727,0.3435,4.6444,1.1297,0.8901,0.2432,1.5378,0.465,2.8054,0.3024,6.1125,1.3476,7.4848,1.44,43.5791,0.2719,0.0448,2.9232,181.3142,40.0201
FL_examples (295),follicular_lymphoma,1,156,14.693,0.3642,51.776,7.068,24.7898,12.5012,1.7349,0.5043,20.3756,8.9381,2.1977,0.4387,0.8032,0.2069,-0.8683,0.2576,0.6635,0.1762,-0.5716,0.2656,0.8889,0.0723,-1.1356,0.0814,6.9859,2.4216,1.0973,0.3466,4.7127,1.1954,1.1597,0.2536,1.4901,0.3783,0.9675,0.2539,5.9652,1.2255,7.2642,1.4843,40.6535,0.2813,0.0463,2.9341,182.0894,39.4648
FL_examples (296),follicular_lymphoma,1,165,15.541,0.3708,44.635,6.495,23.8569,9.78,1.5332,0.4099,20.1135,7.5343,2.063,0.3746,0.7974,0.2096,-0.9098,0.2628,0.6559,0.1682,-0.5942,0.2565,0.886,0.0739,-1.0955,0.0834,6.8087,1.987,1.0865,0.2918,4.7193,1.0603,0.8318,0.2247,1.4731,0.4415,3.0301,0.2997,6.1027,1.0949,7.3087,1.0665,44.3139,0.2671,0.0444,2.9801,180.3273,39.5543
FL_examples (297),follicular_lymphoma,1,154,14.505,0.3442,44.581,5.961,23.7308,9.778,0.958,0.412,19.5545,6.5416,1.0777,0.3345,0.81,0.1823,-0.836,0.2251,0.6842,0.1658,-0.6749,0.2423,0.8936,0.062,-1.285,0.0694,6.9103,2.1366,0.9427,0.3092,4.5524,0.9541,-0.3143,0.2096,1.5407,0.4447,1.5877,0.2886,6.0455,1.1932,7.3363,1.2615,44.3765,0.264,0.0436,2.977,173.5101,39.8144
FL_examples (298),follicular_lymphoma,1,155,14.599,0.3394,50.625,6.76,23.2473,11.8723,1.5174,0.5107,19.3411,8.1534,1.7893,0.4216,0.8197,0.1955,-1.0889,0.2385,0.6494,0.1722,-0.6785,0.2652,0.8881,0.0767,-1.5548,0.0863,6.637,2.3835,1.5387,0.3591,4.6044,1.1374,0.501,0.247,1.441,0.3292,1.0139,0.2285,6.0565,1.0031,7.3635,1.1474,43.815,0.2603,0.0427,2.9363,170.1481,39.9278
FL_examples (299),follicular_lymphoma,1,172,16.2,0.3667,42.896,6.137,22.635,9.2492,1.7056,0.4086,19.1182,6.6296,1.9832,0.3468,0.8181,0.19,-0.8655,0.2322,0.6615,0.1634,-0.362,0.247,0.892,0.0648,-1.0977,0.0726,6.6582,2.0185,1.158,0.3032,4.5376,0.9282,1.1335,0.2045,1.4861,0.4292,1.896,0.2888,6.0172,1.0561,7.1221,0.9886,46.0029,0.2678,0.0447,2.9585,182.5026,39.7509
FL_examples (3),follicular_lymphoma,1,173,16.294,0.3747,43.131,6.094,22.9935,9.8139,0.873,0.4268,19.5755,7.5541,1.6308,0.3859,0.8039,0.2056,-0.9646,0.2558,0.6637,0.1639,-0.4981,0.247,0.8815,0.0776,-1.4453,0.088,6.7182,2.1673,1.5317,0.3226,4.5827,1.029,0.0163,0.2245,1.4917,0.4379,2.0,0.2935,5.8569,1.023,7.055,1.0796,45.1018,0.258,0.0431,2.9677,174.6722,38.8529
FL_examples (30),follicular_lymphoma,1,119,11.208,0.2383,48.139,6.673,21.2578,13.2707,0.8394,0.6243,19.3006,8.8824,1.2765,0.4602,0.7325,0.2008,-0.3957,0.2741,0.7361,0.1648,-0.7073,0.2239,0.8425,0.0975,-1.8747,0.1158,6.8025,2.4636,0.8859,0.3622,4.1672,1.5742,0.4976,0.3778,1.742,0.5983,1.3169,0.3434,6.3848,1.7844,8.2217,2.0326,38.5647,0.2719,0.0463,2.9768,151.8413,35.7037
FL_examples (300),follicular_lymphoma,1,135,12.715,0.3271,48.426,6.635,25.7243,11.8252,1.3237,0.4597,20.9648,7.6078,0.9516,0.3629,0.7734,0.2075,-0.4773,0.2683,0.6703,0.1621,-0.4094,0.2418,0.8807,0.0744,-1.1349,0.0844,7.0901,2.1556,0.6278,0.304,4.8345,1.2397,0.2215,0.2564,1.5001,0.4149,1.5883,0.2766,6.6944,1.3688,8.0114,1.2774,43.0967,0.2576,0.0429,2.9857,167.2398,38.8925
FL_examples (31),follicular_lymphoma,1,120,11.302,0.2286,42.391,6.387,20.229,11.5481,0.4734,0.5709,19.5964,8.9935,0.7116,0.4589,0.7046,0.2208,-0.3823,0.3134,0.7199,0.1533,-0.607,0.2129,0.8335,0.0923,-0.8633,0.1108,6.5757,2.2291,0.2757,0.339,4.1888,1.4677,-0.0165,0.3504,1.6722,0.6442,2.7015,0.3852,6.542,1.5773,8.2203,1.4648,39.0478,0.2654,0.0454,2.9514,142.9971,36.2136
FL_examples (32),follicular_lymphoma,1,115,10.831,0.2375,43.501,6.181,21.9273,11.4114,0.4691,0.5204,20.7436,8.546,0.7941,0.412,0.6788,0.2089,-0.1766,0.3078,0.739,0.1532,-0.6533,0.2074,0.8262,0.097,-0.6577,0.1174,7.0521,2.2906,0.5433,0.3248,4.3108,1.3392,-0.0126,0.3107,1.716,0.5543,1.4623,0.323,6.5067,1.9241,8.2771,1.9828,37.2878,0.2704,0.0467,2.9787,145.1588,34.8982
FL_examples (33),follicular_lymphoma,1,112,10.549,0.2185,47.733,6.857,20.7141,12.9479,1.0779,0.6251,19.1594,9.0761,0.9517,0.4737,0.7444,0.2184,-0.5765,0.2933,0.6965,0.1755,-1.0943,0.252,0.8483,0.09,-1.1074,0.1061,6.4532,2.3864,0.7237,0.3698,4.2366,1.4646,0.3613,0.3457,1.5691,0.4224,1.3399,0.2692,6.7129,1.7156,8.6554,1.6868,35.5428,0.2841,0.0484,2.9486,138.3279,35.0339
FL_examples (34),follicular_lymphoma,1,121,11.397,0.2526,45.364,6.623,22.1673,12.313,0.5311,0.5555,19.8217,7.8995,0.5862,0.3985,0.7128,0.1863,-0.1181,0.2614,0.7483,0.139,-0.4581,0.1857,0.8392,0.0897,-0.9445,0.1069,6.9828,2.3489,0.8833,0.3364,4.2524,1.4677,0.1488,0.3451,1.7496,0.6378,1.9992,0.3645,6.3354,1.3347,8.0982,1.4507,47.2285,0.2604,0.043,2.987,170.7935,39.1051
FL_examples (35),follicular_lymphoma,1,121,11.397,0.2393,48.066,6.923,20.9991,13.8715,0.8385,0.6606,18.875,8.8044,0.6591,0.4665,0.7485,0.2074,-0.5051,0.2771,0.717,0.1689,-0.6904,0.2356,0.8375,0.0966,-0.8151,0.1153,6.5806,2.4171,0.4336,0.3673,4.1765,1.651,0.3435,0.3953,1.6893,0.6474,2.5158,0.3832,6.5615,1.6787,8.1545,1.5435,40.9047,0.2834,0.0458,2.9435,156.6663,38.0147
FL_examples (36),follicular_lymphoma,1,133,12.527,0.2159,38.738,6.363,17.2382,10.4948,0.9801,0.6088,18.3974,9.7969,1.4924,0.5325,0.7083,0.2395,-0.3641,0.3382,0.7654,0.1657,-0.9146,0.2165,0.8115,0.1153,-0.937,0.1421,6.65,2.7178,0.9636,0.4087,3.729,1.53,0.6318,0.4103,1.9557,0.919,2.319,0.4699,6.046,1.3843,7.7506,1.5549,53.7663,0.2455,0.0418,2.8041,159.9935,39.0749
FL_examples (37),follicular_lymphoma,1,113,10.643,0.1957,41.526,6.428,18.3868,11.1448,0.9696,0.6061,18.6328,8.4616,0.8697,0.4541,0.6961,0.2107,-0.0785,0.3026,0.7483,0.1631,-1.0951,0.2179,0.8127,0.0936,-0.227,0.1151,6.5064,2.2717,0.8023,0.3491,3.9101,1.4728,0.5584,0.3767,1.7808,0.6118,1.1582,0.3435,6.5914,1.931,8.4392,2.0506,53.1453,0.2587,0.0431,2.8044,162.3221,38.7809
FL_examples (38),follicular_lymphoma,1,110,10.361,0.196,36.184,5.549,18.919,9.1631,0.4252,0.4843,18.3097,7.393,0.8053,0.4038,0.7481,0.2131,-0.5766,0.2849,0.7343,0.1444,-0.8706,0.1967,0.8507,0.0961,-1.0123,0.113,6.4082,1.9905,0.62,0.3106,4.0383,1.2228,-0.2471,0.3028,1.6602,0.4884,1.4606,0.2942,6.7465,1.8335,8.594,1.6453,38.5324,0.2813,0.0478,2.9037,141.5086,36.062
FL_examples (39),follicular_lymphoma,1,126,11.867,0.2629,51.419,6.334,22.1542,13.2212,1.3591,0.5968,20.2751,8.6468,1.062,0.4265,0.7141,0.2107,-0.4341,0.295,0.7401,0.1203,-0.7053,0.1626,0.8427,0.0884,-1.0637,0.1049,6.9294,2.5107,1.3757,0.3623,4.3294,1.2665,0.3042,0.2925,1.6218,0.4129,1.9729,0.2546,6.2984,1.5586,7.8089,1.7166,38.6224,0.2703,0.0457,2.9718,153.9839,35.7741
FL_examples (4),follicular_lymphoma,1,160,15.07,0.3309,46.221,6.612,21.9549,10.972,1.3575,0.4998,18.8575,7.7804,2.0381,0.4126,0.8119,0.1998,-1.0085,0.2461,0.6601,0.1551,-0.2201,0.235,0.8826,0.0814,-1.4578,0.0922,6.4642,2.1157,1.6969,0.3273,4.5044,1.2426,0.8853,0.2759,1.4862,0.5084,3.6011,0.3421,5.9601,1.1529,7.2224,1.2873,44.308,0.259,0.0429,2.962,170.8143,39.2465
FL_examples (40),follicular_lymphoma,1,122,11.491,0.2493,49.156,7.066,21.6994,13.4208,1.163,0.6185,21.0958,10.6009,1.5638,0.5025,0.6717,0.2306,-0.1394,0.3433,0.7222,0.1623,-0.9526,0.2247,0.8164,0.0989,-0.9867,0.1211,6.8604,2.266,0.5485,0.3303,4.3817,1.6047,0.4747,0.3662,1.6619,0.5885,3.5531,0.3541,6.3321,1.7188,8.237,1.2801,41.0726,0.2552,0.0441,2.9712,154.1057,36.6684
FL_examples (41),follicular_lymphoma,1,126,11.867,0.2719,49.075,6.741,22.9116,12.0548,1.0332,0.5261,21.188,8.3723,0.7849,0.3951,0.6836,0.2233,-0.18,0.3266,0.7094,0.1492,-0.5648,0.2103,0.8316,0.1071,-0.9739,0.1288,6.9775,2.1811,0.866,0.3126,4.5516,1.2973,0.2234,0.285,1.5813,0.4288,1.3891,0.2712,6.606,1.7618,8.2307,1.68,47.0051,0.2527,0.0426,2.9651,166.1125,38.3226
FL_examples (42),follicular_lymphoma,1,130,12.244,0.2634,45.331,6.382,21.5116,11.3348,0.8842,0.5269,20.1878,8.5848,1.194,0.4252,0.7117,0.226,-0.3655,0.3176,0.7003,0.1646,-0.5615,0.235,0.8337,0.1025,-0.8511,0.1229,6.7673,2.2439,1.4625,0.3316,4.4123,1.3574,-0.0021,0.3076,1.6253,0.6048,2.3723,0.3721,6.4857,1.8359,7.9045,1.8875,43.1709,0.2631,0.0436,2.9795,156.908,38.091
FL_examples (43),follicular_lymphoma,1,136,12.809,0.2993,50.421,6.635,23.3693,13.3535,0.6859,0.5714,21.1518,9.3445,0.819,0.4418,0.6886,0.2044,-0.0926,0.2968,0.7315,0.1396,-0.6048,0.1908,0.8274,0.0841,-0.6177,0.1016,7.1338,2.6156,0.9657,0.3666,4.4527,1.4567,0.1297,0.3271,1.6663,0.579,2.6254,0.3475,6.2114,1.6155,7.7352,1.5083,46.1636,0.2448,0.0418,2.9977,167.4727,38.7631
FL_examples (44),follicular_lymphoma,1,137,12.904,0.2667,39.599,6.303,20.6673,10.4507,0.2861,0.5057,20.4971,9.3792,0.8708,0.4576,0.688,0.2401,-0.3182,0.349,0.708,0.1613,-0.4598,0.2279,0.8228,0.0968,-0.4541,0.1177,6.6631,2.0448,0.5986,0.3069,4.3662,1.4732,-0.1123,0.3374,1.6375,0.5501,1.4638,0.336,6.191,1.7351,7.6167,1.7766,46.2507,0.2556,0.0436,2.9747,157.8035,37.1267
FL_examples (45),follicular_lymphoma,1,120,11.302,0.259,49.814,6.564,22.9145,12.552,1.1765,0.5478,20.9891,8.4872,0.7733,0.4044,0.692,0.2202,-0.2062,0.3181,0.7086,0.1601,-0.7293,0.226,0.825,0.1101,-1.3736,0.1335,7.0443,2.3005,0.9514,0.3266,4.5373,1.3478,0.0971,0.297,1.6166,0.5108,1.6233,0.316,6.4967,1.7689,8.4046,1.9167,39.7947,0.2649,0.0461,2.9596,146.0463,35.0983
FL_examples (46),follicular_lymphoma,1,119,11.208,0.2493,50.414,7.086,22.2394,13.6045,1.0343,0.6117,21.4207,10.8335,1.4332,0.5057,0.6625,0.2182,-0.2279,0.3293,0.7477,0.1469,-0.7772,0.1964,0.8087,0.1007,-0.6688,0.1245,7.1224,2.3822,0.7152,0.3345,4.3782,1.6524,0.3417,0.3774,1.7619,0.6586,2.0044,0.3738,6.4949,1.5123,8.3606,1.5348,44.6602,0.2468,0.0429,2.9353,151.6878,37.1191
FL_examples (47),follicular_lymphoma,1,123,11.585,0.2572,56.839,7.344,22.2025,16.1247,1.8018,0.7263,21.0282,10.8153,1.2,0.5143,0.6619,0.2148,-0.0889,0.3246,0.7677,0.1527,-0.9723,0.199,0.8002,0.1029,-0.3685,0.1286,7.2943,2.9215,1.2884,0.4005,4.2064,1.7278,0.2574,0.4107,1.8933,0.7632,1.6198,0.4031,6.2651,1.6571,8.1631,1.5056,39.0754,0.2847,0.0458,2.8324,149.3279,38.6869
FL_examples (48),follicular_lymphoma,1,112,10.549,0.2097,47.557,6.601,19.8753,12.5004,1.2774,0.6289,19.2851,8.7935,1.2066,0.456,0.707,0.2141,-0.2468,0.3029,0.7551,0.1515,-1.1792,0.2006,0.8299,0.0924,-1.0053,0.1114,6.7387,2.3448,0.8525,0.348,4.0506,1.444,0.3785,0.3565,1.7502,0.5368,1.4368,0.3067,6.4993,2.077,8.4384,2.4408,49.5341,0.2519,0.0422,2.8057,156.9182,39.4599
FL_examples (49),follicular_lymphoma,1,119,11.208,0.2067,40.416,6.235,18.443,10.8153,1.2754,0.5864,19.4854,8.7036,0.8762,0.4467,0.6539,0.215,0.1008,0.3288,0.7724,0.1519,-1.2909,0.1967,0.7976,0.0994,-0.2629,0.1246,6.8076,2.322,0.7261,0.3411,3.9212,1.5093,0.5662,0.3849,1.8709,0.6849,1.8356,0.3661,6.3658,1.7386,8.0965,1.8535,47.039,0.2604,0.0446,2.7973,151.3806,36.6268
FL_examples (5),follicular_lymphoma,1,153,14.411,0.3294,43.616,6.229,22.8583,9.4183,1.1139,0.412,19.157,6.5012,1.3451,0.3394,0.8208,0.1953,-1.13,0.238,0.6645,0.1624,-0.4351,0.2443,0.8892,0.0775,-1.8248,0.0872,6.6653,1.8749,0.8862,0.2813,4.5846,0.9762,0.1411,0.2129,1.4783,0.3798,1.3487,0.2569,6.241,1.2223,7.4051,1.3377,43.4727,0.266,0.0434,2.9963,171.7403,39.8517
FL_examples (50),follicular_lymphoma,1,141,13.28,0.238,50.841,7.066,17.9185,14.3974,2.01,0.8035,20.2143,12.6442,1.5786,0.6255,0.629,0.2484,0.037,0.3948,0.8046,0.1236,-0.6756,0.1536,0.7677,0.1134,-0.2907,0.1478,7.0263,3.2176,1.3975,0.4579,3.7337,1.7347,0.8956,0.4646,2.0444,0.8808,2.3789,0.4308,5.8742,1.6322,7.4841,1.7438,60.0468,0.223,0.0398,2.8711,169.3559,38.5542
FL_examples (51),follicular_lymphoma,1,122,11.491,0.2227,40.692,6.3,19.3805,10.8132,0.7007,0.5579,18.0788,7.2221,0.8007,0.3995,0.7522,0.1908,-0.4796,0.2537,0.7259,0.1679,-1.2242,0.2313,0.8448,0.0924,-1.0332,0.1094,6.464,2.102,0.5949,0.3252,4.0362,1.3502,0.2379,0.3345,1.7067,0.6607,2.5363,0.3871,6.3835,1.5231,8.0066,1.5964,47.0935,0.2688,0.0441,2.9513,158.3047,38.59
FL_examples (52),follicular_lymphoma,1,119,11.208,0.2459,49.409,6.551,21.9424,12.9923,1.2171,0.5921,21.1553,9.8162,1.5936,0.464,0.6638,0.2222,-0.0947,0.3347,0.7562,0.134,-0.8528,0.1772,0.8104,0.1108,-1.3358,0.1368,7.2068,2.5824,0.6357,0.3583,4.2817,1.3922,0.7099,0.3252,1.7369,0.5838,2.5477,0.3361,6.4339,1.8185,8.1487,1.9441,42.7589,0.2507,0.0445,3.0385,151.5925,35.3509
FL_examples (53),follicular_lymphoma,1,135,12.715,0.276,48.305,6.919,21.7102,13.6394,0.8512,0.6282,22.9101,13.6431,1.8674,0.5955,0.6206,0.2526,-0.1517,0.4071,0.7269,0.1627,-0.791,0.2238,0.7837,0.1104,-0.5846,0.1408,7.1576,3.0003,1.2312,0.4192,4.4136,1.701,0.4761,0.3854,1.7067,0.6215,2.0234,0.3642,6.2438,1.6515,7.9108,1.6563,48.3885,0.2291,0.0412,3.0251,157.8527,37.5808
FL_examples (54),follicular_lymphoma,1,142,13.374,0.3196,50.572,7.083,23.8988,12.5165,1.0674,0.5237,24.1963,10.7643,1.1702,0.4449,0.5861,0.2363,0.1338,0.4031,0.7218,0.1475,-0.678,0.2043,0.7912,0.1057,-0.44,0.1336,7.4285,2.2527,0.7642,0.3032,4.7498,1.4025,0.3093,0.2953,1.6271,0.4842,1.7705,0.2976,6.2633,1.5444,7.7936,1.3799,47.6405,0.2248,0.0416,3.057,155.7958,36.0933
FL_examples (55),follicular_lymphoma,1,138,12.998,0.2734,45.63,6.833,21.0374,11.7887,1.3043,0.5604,22.4623,10.6942,1.1233,0.4761,0.6058,0.2407,-0.0321,0.3973,0.7327,0.1672,-0.8182,0.2282,0.7858,0.1133,-0.5863,0.1442,7.1839,2.4154,0.9252,0.3362,4.385,1.5553,0.4361,0.3547,1.7788,0.7733,2.4159,0.4348,6.0638,1.6544,7.6792,1.5025,47.8019,0.2342,0.0419,3.0508,152.8937,36.4574
FL_examples (56),follicular_lymphoma,1,149,14.034,0.2785,44.154,6.935,19.8478,11.6408,0.7971,0.5865,21.102,10.2153,1.5738,0.4841,0.6193,0.2329,0.0737,0.3761,0.7235,0.1639,-0.7036,0.2266,0.7801,0.113,-0.3924,0.1449,6.8062,2.1386,0.5557,0.3142,4.3045,1.5904,0.4142,0.3695,1.7203,0.7042,2.5307,0.4094,5.7679,1.4894,7.3645,1.5219,50.1305,0.2295,0.0417,3.0655,153.9002,36.0096
FL_examples (57),follicular_lymphoma,1,136,12.809,0.2752,45.086,6.918,21.4867,12.0996,0.6831,0.5631,23.0883,11.1804,0.8533,0.4842,0.5811,0.2395,0.2675,0.4122,0.7454,0.1644,-0.9147,0.2206,0.7744,0.1102,-0.2533,0.1423,7.304,2.5662,0.9836,0.3513,4.3742,1.5459,0.0879,0.3534,1.8003,0.7098,1.9937,0.3943,5.9701,1.8777,7.8088,1.6762,55.0841,0.2116,0.0403,3.0675,154.3156,36.2599
FL_examples (58),follicular_lymphoma,1,130,12.244,0.284,49.091,7.175,23.1978,13.3853,0.6759,0.577,22.8352,12.5537,1.3115,0.5498,0.666,0.2591,-0.3576,0.389,0.7142,0.1456,-0.8251,0.2039,0.8142,0.101,-0.6564,0.124,7.0377,2.4884,0.5463,0.3536,4.5845,1.5555,0.3581,0.3393,1.575,0.3847,0.9862,0.2443,6.4168,1.6246,7.9562,1.6842,41.6811,0.2509,0.0435,3.0188,151.9575,36.895
FL_examples (59),follicular_lymphoma,1,135,12.715,0.2804,47.685,6.946,22.0503,12.5085,1.0975,0.5673,22.5942,10.8042,1.0442,0.4782,0.6223,0.2539,0.1048,0.4079,0.6973,0.1671,-0.4783,0.2396,0.8001,0.1135,-0.5734,0.1419,6.9735,2.2361,0.6192,0.3207,4.5831,1.5686,0.1429,0.3422,1.6348,0.6661,3.3159,0.4074,6.1961,1.4292,7.7854,1.3613,51.5326,0.229,0.0405,3.0391,159.8548,37.8329
FL_examples (6),follicular_lymphoma,1,165,15.541,0.3956,54.207,6.998,25.4574,13.0041,1.301,0.5108,20.6058,8.5466,1.6493,0.4148,0.7949,0.2014,-0.8149,0.2534,0.669,0.1651,-0.5529,0.2468,0.8808,0.0805,-1.2962,0.0914,7.0645,2.4791,1.3177,0.3509,4.7691,1.1634,0.4879,0.244,1.4862,0.3679,1.181,0.2475,6.1292,1.0226,7.2855,1.093,41.5766,0.2651,0.044,3.0091,179.5858,39.5822
FL_examples (60),follicular_lymphoma,1,136,12.809,0.2549,43.922,6.994,19.8982,11.923,0.9086,0.5992,21.5952,10.8719,1.1118,0.5034,0.6178,0.2546,0.1671,0.4121,0.7251,0.1641,-1.0309,0.2263,0.7861,0.1072,-0.3602,0.1364,6.7989,2.3791,0.3632,0.3499,4.2704,1.5704,0.5439,0.3677,1.6629,0.5161,1.831,0.3104,5.6835,1.7826,7.4593,1.6226,55.6217,0.2154,0.0396,3.0399,157.2106,37.4639
FL_examples (61),follicular_lymphoma,1,127,11.962,0.2744,49.97,7.237,22.9427,13.271,0.8224,0.5784,23.171,11.9835,1.373,0.5172,0.6214,0.249,0.0113,0.4007,0.7288,0.1355,-0.5828,0.186,0.7985,0.1141,-0.8802,0.1429,7.1468,2.6406,2.4573,0.3695,4.5895,1.6217,0.1878,0.3533,1.6485,0.5548,2.4965,0.3366,6.4497,1.8238,8.0961,1.6828,54.94,0.2181,0.0398,3.0546,161.7176,37.2765
FL_examples (62),follicular_lymphoma,1,131,12.338,0.255,43.862,6.607,20.6641,11.5392,0.7271,0.5584,19.9721,8.8517,0.8321,0.4432,0.6982,0.2235,-0.4144,0.3201,0.7225,0.1444,-0.5087,0.1998,0.8177,0.1021,-0.9085,0.1248,6.7151,2.3309,0.8237,0.3471,4.2596,1.3838,0.2131,0.3249,1.6552,0.5739,1.9691,0.3467,6.2354,1.5091,7.9455,1.5037,41.7419,0.2576,0.0437,2.9759,152.7435,37.1164
FL_examples (63),follicular_lymphoma,1,121,11.397,0.2307,43.15,6.272,20.2437,11.1121,1.6138,0.5489,20.7216,8.6001,0.8081,0.415,0.6521,0.2355,-0.0989,0.3612,0.6969,0.1681,-0.7787,0.2413,0.8006,0.1113,-0.6932,0.139,6.6749,2.0555,0.6757,0.3079,4.3981,1.3134,0.3053,0.2986,1.5889,0.5563,3.9366,0.3501,6.145,1.4944,7.9374,1.444,42.8358,0.2491,0.0448,2.9826,141.2288,35.2493
FL_examples (64),follicular_lymphoma,1,122,11.491,0.2237,52.379,7.63,19.4706,14.8901,1.1708,0.7647,20.7514,13.2682,1.7384,0.6394,0.6396,0.2379,-0.1359,0.372,0.7918,0.1296,-0.7181,0.1636,0.7676,0.1209,-0.36,0.1575,7.0679,2.93,1.0031,0.4146,3.9445,1.8812,0.6685,0.4769,2.0219,0.9667,2.1922,0.4781,6.2072,1.5514,8.1012,1.7537,51.0597,0.238,0.0413,2.989,153.2748,38.0862
FL_examples (65),follicular_lymphoma,1,144,13.563,0.1748,35.027,6.291,12.8885,10.0158,1.7999,0.7771,16.8859,10.7776,2.2336,0.6383,0.6382,0.2355,0.0528,0.3691,0.8063,0.1464,-0.8936,0.1816,0.7395,0.1163,-0.2592,0.1572,6.1376,2.3073,0.8373,0.3759,3.2277,1.6167,1.1107,0.5009,2.2098,1.1378,2.4219,0.5149,5.6754,1.8354,7.2786,1.7885,61.3344,0.2052,0.0398,2.9279,143.4602,36.0906
FL_examples (66),follicular_lymphoma,1,159,14.976,0.5,73.677,8.091,33.3862,17.5602,1.6485,0.526,23.5698,8.845,1.2207,0.3753,0.7785,0.1707,-0.775,0.2193,0.6906,0.1456,-0.8087,0.2108,0.8848,0.0642,-1.5146,0.0725,8.1327,2.7922,1.0135,0.3433,5.4195,1.3943,1.0064,0.2573,1.5004,0.3391,1.6101,0.226,6.2938,1.2181,7.5306,1.3202,30.2005,0.2891,0.0498,2.4602,187.507,36.393
FL_examples (67),follicular_lymphoma,1,155,14.599,0.4793,76.348,8.178,32.8321,19.0754,1.7458,0.581,23.476,9.5839,1.6099,0.4082,0.7649,0.1646,-0.6224,0.2152,0.7156,0.1467,-0.9505,0.205,0.8831,0.0599,-1.3629,0.0678,8.2119,3.0087,1.2292,0.3664,5.2279,1.4733,0.9273,0.2818,1.5768,0.3823,1.0947,0.2424,6.3257,1.374,7.5298,1.5826,32.2898,0.2874,0.048,2.4329,183.123,37.2678
FL_examples (68),follicular_lymphoma,1,162,15.258,0.502,75.168,8.226,32.8998,18.326,1.4421,0.557,23.6129,9.683,1.454,0.4101,0.7701,0.1797,-0.6799,0.2333,0.7019,0.1598,-0.7123,0.2277,0.8834,0.063,-1.457,0.0713,8.2576,3.2076,1.6345,0.3884,5.2796,1.4884,1.1343,0.2819,1.5745,0.451,1.9851,0.2865,6.2713,1.1338,7.5086,1.2338,29.9589,0.2859,0.0505,2.3526,189.5303,36.1732
FL_examples (69),follicular_lymphoma,1,161,15.164,0.4808,70.898,8.513,31.7084,17.747,1.4005,0.5597,23.2332,9.0707,1.1249,0.3904,0.7551,0.1721,-0.4325,0.2279,0.7048,0.1456,-0.7879,0.2066,0.8723,0.0652,-0.8495,0.0748,7.9966,2.7123,0.7768,0.3392,5.2451,1.6247,1.3459,0.3098,1.5468,0.3851,1.669,0.249,6.2316,1.2964,7.2751,1.2605,33.2774,0.2823,0.0487,2.4483,186.3059,36.9931
FL_examples (7),follicular_lymphoma,1,166,15.635,0.3712,48.183,6.55,23.7438,11.2446,2.4108,0.4736,19.258,6.7216,2.0853,0.349,0.8285,0.1825,-0.9504,0.2203,0.6392,0.1702,-0.3618,0.2663,0.8919,0.0669,-1.1894,0.0751,6.6701,2.0637,1.2331,0.3094,4.6948,1.0273,1.2227,0.2188,1.4321,0.3633,1.4921,0.2537,6.0904,1.1752,7.1973,1.1711,43.2533,0.2677,0.0449,2.9678,182.1657,38.964
FL_examples (70),follicular_lymphoma,1,173,16.294,0.4856,60.882,7.267,29.7989,14.726,1.6103,0.4942,22.2407,7.9138,1.3229,0.3558,0.7782,0.171,-0.7249,0.2197,0.7169,0.139,-0.7355,0.194,0.8842,0.0633,-1.1703,0.0716,7.8659,2.6109,1.2524,0.3319,5.0279,1.3021,1.2089,0.259,1.586,0.4409,2.1907,0.278,6.1023,1.1669,7.1981,1.1408,34.5037,0.282,0.0483,2.4713,186.5625,37.1539
FL_examples (71),follicular_lymphoma,1,169,15.918,0.4873,59.87,7.625,30.6119,13.7041,0.9774,0.4477,22.7562,8.2492,1.2922,0.3625,0.7759,0.1759,-0.713,0.2267,0.6948,0.1511,-0.4494,0.2175,0.8828,0.0687,-1.3835,0.0779,7.9404,2.6468,1.0751,0.3333,5.1788,1.247,1.0717,0.2408,1.5406,0.402,1.3039,0.2609,6.1347,1.0282,7.2028,1.0801,33.2224,0.2834,0.049,2.4628,187.3983,36.5683
FL_examples (72),follicular_lymphoma,1,165,15.541,0.4881,64.451,7.628,31.4078,15.2735,1.1953,0.4863,23.5555,9.3648,1.7974,0.3976,0.7496,0.1797,-0.7282,0.2397,0.7198,0.133,-0.7692,0.1847,0.8712,0.0715,-1.2528,0.0821,8.1219,2.8051,1.5298,0.3454,5.1998,1.3531,1.5319,0.2602,1.5734,0.3831,1.429,0.2435,6.2892,1.0489,7.3523,1.1044,33.5168,0.2774,0.0483,2.5484,187.4266,36.2779
FL_examples (73),follicular_lymphoma,1,171,16.106,0.4877,62.163,7.835,30.2823,15.3186,1.0233,0.5059,23.2683,8.912,1.0282,0.383,0.7343,0.1837,-0.4136,0.2502,0.725,0.153,-0.8426,0.211,0.8636,0.0745,-1.675,0.0863,8.1198,2.7759,0.7329,0.3419,5.0646,1.4917,1.4066,0.2945,1.6253,0.4203,0.8767,0.2586,6.1316,1.1357,7.215,1.0866,34.7903,0.2781,0.0475,2.472,184.0354,36.7602
FL_examples (74),follicular_lymphoma,1,157,14.787,0.4722,70.529,8.392,31.93,17.3099,1.4494,0.5421,23.7026,10.2487,2.1904,0.4324,0.751,0.1884,-0.5624,0.2508,0.7052,0.1549,-0.8053,0.2197,0.8751,0.0701,-0.8558,0.0801,8.1699,3.091,1.8453,0.3783,5.252,1.5364,0.9279,0.2925,1.5741,0.4409,1.8224,0.2801,6.4081,1.1047,7.5161,1.1877,33.6934,0.2861,0.0485,2.4864,185.6503,37.1488
FL_examples (75),follicular_lymphoma,1,177,16.671,0.5018,56.556,6.84,30.0998,12.2975,1.0378,0.4086,23.2041,7.7578,1.4278,0.3343,0.7397,0.1745,-0.4464,0.236,0.7121,0.1484,-0.7663,0.2085,0.8645,0.0711,-1.254,0.0823,8.0836,2.5925,1.5193,0.3207,5.1372,1.1007,1.1976,0.2143,1.5866,0.4531,2.3738,0.2856,6.0855,1.0103,7.1615,1.0357,34.1457,0.2804,0.0488,2.5196,187.6544,36.3838
FL_examples (76),follicular_lymphoma,1,165,15.541,0.4832,66.393,7.573,31.0949,15.6566,1.4238,0.5035,23.5026,8.7672,1.2419,0.373,0.7382,0.1829,-0.4135,0.2478,0.7328,0.1272,-0.4929,0.1736,0.8697,0.071,-1.0,0.0817,8.1911,2.739,1.107,0.3344,5.122,1.3413,1.0131,0.2619,1.6197,0.4392,1.8936,0.2712,6.2233,1.123,7.3654,1.1894,36.8592,0.28,0.0477,2.5062,185.9341,37.4019
FL_examples (77),follicular_lymphoma,1,194,18.272,0.4928,54.328,7.115,26.9714,12.6295,1.5028,0.4683,21.1585,7.3203,1.5782,0.346,0.7768,0.1613,-0.7523,0.2077,0.7078,0.152,-1.1111,0.2148,0.8802,0.0625,-1.0544,0.071,7.4256,2.2344,1.318,0.3009,4.8517,1.2338,0.5919,0.2543,1.5573,0.371,1.038,0.2383,5.9268,0.9892,6.9283,1.003,33.8979,0.2871,0.0489,2.4728,186.0245,35.8256
FL_examples (78),follicular_lymphoma,1,182,17.142,0.4918,58.468,7.385,28.6916,14.136,1.2952,0.4927,22.3026,8.6554,1.3546,0.3881,0.7644,0.1848,-0.7023,0.2418,0.7137,0.1452,-0.8416,0.2035,0.8753,0.0714,-1.2071,0.0816,7.8007,2.675,1.0436,0.3429,4.975,1.2822,0.9825,0.2577,1.5818,0.4228,1.4857,0.2673,5.9784,1.1095,7.0825,1.2098,36.8457,0.2728,0.0477,2.5218,187.5959,36.3885
FL_examples (79),follicular_lymphoma,1,179,16.859,0.4819,62.328,7.722,28.5849,15.4414,1.9673,0.5402,22.1619,8.6013,1.4638,0.3881,0.7577,0.1747,-0.5506,0.2306,0.7231,0.1513,-1.019,0.2093,0.8706,0.0656,-0.8045,0.0754,7.7778,2.5763,0.8835,0.3312,4.9153,1.4667,1.5613,0.2984,1.6101,0.4174,1.5046,0.2592,5.9382,0.9573,7.0834,1.0248,38.3346,0.2684,0.0468,2.4953,186.3806,37.1561
FL_examples (8),follicular_lymphoma,1,182,17.142,0.3969,42.543,5.84,23.1562,9.1203,1.0791,0.3939,19.289,6.489,1.5525,0.3364,0.8207,0.1956,-0.9662,0.2384,0.6404,0.1736,-0.197,0.2711,0.8866,0.0776,-1.9324,0.0875,6.719,2.232,1.5884,0.3322,4.635,0.8948,0.7999,0.1931,1.4613,0.4482,2.1316,0.3067,5.832,1.2518,6.9143,1.2966,47.2763,0.2474,0.0431,3.0308,181.2427,38.4875
FL_examples (80),follicular_lymphoma,1,166,15.635,0.4624,67.227,7.051,29.5743,16.8977,1.4265,0.5714,22.2413,9.0852,1.4457,0.4085,0.7683,0.1647,-0.5609,0.2143,0.7323,0.1466,-0.73,0.2002,0.8797,0.0545,-0.845,0.0619,7.9795,3.0448,1.1627,0.3816,4.8606,1.3612,0.8816,0.28,1.6579,0.4933,1.8432,0.2976,6.1179,1.2281,7.2331,1.2955,36.716,0.2784,0.0474,2.419,184.9613,37.2089
FL_examples (81),follicular_lymphoma,1,148,13.94,0.4371,72.41,8.772,31.3583,18.235,1.2552,0.5815,23.8257,10.9065,1.4565,0.4578,0.7355,0.1978,-0.4551,0.2689,0.7392,0.1417,-0.5905,0.1917,0.8675,0.074,-1.2091,0.0853,8.3101,3.1667,1.2385,0.3811,5.0895,1.8568,1.3136,0.3648,1.7039,0.5902,2.1206,0.3464,6.1612,1.4135,7.5756,1.6151,37.1444,0.2814,0.046,2.5143,179.7997,38.8256
FL_examples (82),follicular_lymphoma,1,171,16.106,0.5146,68.723,7.796,31.9541,16.3655,1.2921,0.5122,23.4935,9.3373,1.3858,0.3974,0.7613,0.1768,-0.7221,0.2322,0.7143,0.1474,-0.6905,0.2064,0.8778,0.0665,-1.3459,0.0758,8.2763,3.2105,1.7392,0.3879,5.1933,1.3564,0.9059,0.2612,1.6024,0.5109,3.2971,0.3188,6.1101,1.0843,7.314,1.1441,30.2434,0.289,0.0503,2.3644,187.7927,35.3422
FL_examples (83),follicular_lymphoma,1,157,14.787,0.4597,68.915,8.145,31.0891,16.5496,1.3553,0.5323,23.7941,9.4569,1.4247,0.3974,0.7232,0.1866,-0.373,0.2581,0.7274,0.1301,-1.0637,0.1789,0.8564,0.0774,-0.9034,0.0904,8.1445,2.7519,1.3622,0.3379,5.2141,1.4865,0.8081,0.2851,1.5772,0.3545,1.7509,0.2248,6.1048,1.1533,7.3522,1.3198,39.5138,0.2686,0.0455,2.5238,182.9003,38.8127
FL_examples (84),follicular_lymphoma,1,158,14.881,0.4409,59.592,7.105,29.6294,14.2675,1.5014,0.4815,22.6555,7.9073,1.4552,0.349,0.7449,0.1668,-0.5368,0.2239,0.7134,0.1496,-0.6383,0.2097,0.8681,0.0649,-0.9685,0.0747,7.8865,2.5063,1.2033,0.3178,5.0523,1.2265,0.1965,0.2428,1.5871,0.4125,1.2146,0.2599,6.2431,1.22,7.4365,1.3975,36.2856,0.2799,0.0462,2.5209,180.9819,38.4546
FL_examples (85),follicular_lymphoma,1,155,14.599,0.4737,76.057,8.969,32.4458,19.8651,1.6623,0.6123,23.6428,10.6671,1.5111,0.4512,0.7579,0.1887,-0.4474,0.249,0.6909,0.1643,-0.6995,0.2379,0.8797,0.0606,-0.7892,0.0689,8.0259,2.9465,0.6695,0.3671,5.2636,1.7237,1.1798,0.3275,1.5464,0.4314,2.1005,0.2789,6.2725,1.2975,7.4484,1.336,34.9615,0.2837,0.0468,2.4769,181.9426,38.014
FL_examples (86),follicular_lymphoma,1,169,15.918,0.4724,60.891,7.162,29.6803,14.9359,1.1283,0.5032,22.6042,8.6251,1.0137,0.3816,0.7575,0.1819,-0.3974,0.2401,0.71,0.1609,-0.8577,0.2266,0.8772,0.0648,-0.8808,0.0739,7.8995,2.7974,0.9859,0.3541,5.0044,1.3444,0.4577,0.2686,1.5975,0.4433,1.4289,0.2775,6.1427,1.1576,7.2847,1.1812,37.5174,0.2734,0.0467,2.5161,184.1006,37.8046
FL_examples (87),follicular_lymphoma,1,145,13.657,0.4422,70.675,8.033,32.3806,17.1174,1.4599,0.5286,23.2321,8.4517,1.1237,0.3638,0.7658,0.1588,-0.3809,0.2074,0.6807,0.1623,-0.7045,0.2384,0.8774,0.052,-0.613,0.0592,7.9766,2.7088,0.912,0.3396,5.3417,1.4408,1.0169,0.2697,1.5074,0.3671,1.0053,0.2435,6.2759,1.7031,7.4372,1.7662,32.3264,0.2862,0.0481,2.4708,184.4134,37.331
FL_examples (88),follicular_lymphoma,1,145,13.657,0.4762,83.032,8.858,34.8673,21.0183,1.8029,0.6028,25.5846,11.1788,1.3677,0.4369,0.7054,0.1911,-0.205,0.2709,0.7242,0.148,-0.6892,0.2043,0.8584,0.0743,-1.0731,0.0865,8.6342,3.1254,1.1099,0.362,5.4309,1.7784,1.1382,0.3275,1.6218,0.433,1.1303,0.267,6.439,1.2443,7.8532,1.1409,34.9588,0.2789,0.0475,2.5208,185.27,37.6501
FL_examples (89),follicular_lymphoma,1,143,13.469,0.5114,98.436,9.74,37.9711,27.4054,2.3713,0.7217,26.1341,12.8217,2.1524,0.4906,0.7135,0.1793,-0.3332,0.2513,0.7223,0.1431,-0.9425,0.1982,0.8548,0.0703,-0.943,0.0823,8.7939,3.4369,1.1582,0.3908,5.6143,2.043,1.0835,0.3639,1.5961,0.4061,1.4381,0.2544,6.6856,1.3233,7.8487,1.2391,30.0607,0.2831,0.0487,2.4475,185.7394,36.0563
FL_examples (9),follicular_lymphoma,1,136,12.809,0.3115,46.371,6.319,24.3184,10.6655,0.8728,0.4386,21.5985,8.6469,1.3889,0.4003,0.7216,0.2249,-0.4932,0.3117,0.7204,0.1454,-0.3889,0.2019,0.8586,0.0838,-0.9019,0.0976,7.3066,2.2751,1.0401,0.3114,4.6035,1.1456,-0.1433,0.2489,1.6481,0.5737,2.3022,0.3481,6.3577,1.2442,7.8633,1.4209,44.566,0.2462,0.0416,3.0069,163.3695,39.6254
FL_examples (90),follicular_lymphoma,1,144,13.563,0.4916,83.032,8.947,36.2482,21.3726,1.3315,0.5896,25.4124,11.0428,1.0212,0.4345,0.7417,0.1932,-0.4673,0.2604,0.7074,0.1447,-0.7179,0.2046,0.8717,0.0728,-1.0733,0.0835,8.61,3.2768,1.0495,0.3806,5.5806,1.7391,0.8277,0.3116,1.5562,0.3917,1.6014,0.2517,6.4465,1.3094,7.6795,1.2505,32.737,0.2901,0.0488,2.5032,186.0275,38.0177
FL_examples (91),follicular_lymphoma,1,146,13.751,0.4677,77.897,8.618,34.0125,19.8147,1.5519,0.5826,24.1819,9.6812,1.0368,0.4003,0.7439,0.1778,-0.2936,0.239,0.7039,0.1655,-1.0935,0.2352,0.87,0.0682,-0.8626,0.0784,8.2975,2.8261,0.7679,0.3406,5.3945,1.71,0.7619,0.317,1.5717,0.3979,0.8996,0.2532,6.6163,1.0659,7.811,1.2109,32.6902,0.2886,0.0481,2.5032,183.0606,37.5221
FL_examples (92),follicular_lymphoma,1,148,13.94,0.4933,73.355,7.716,35.3916,17.7348,1.0709,0.5011,25.3808,9.622,1.0213,0.3791,0.7184,0.1749,-0.4335,0.2434,0.7258,0.1592,-0.9658,0.2194,0.8615,0.0726,-1.0523,0.0843,8.7939,3.0287,1.0477,0.3444,5.4485,1.5275,0.6611,0.2804,1.6438,0.4568,1.1807,0.2779,6.5647,1.2577,7.8105,1.1867,33.4171,0.2877,0.0484,2.4855,185.2071,37.8044
FL_examples (93),follicular_lymphoma,1,169,15.918,0.4974,65.87,8.112,31.2517,15.8048,1.6503,0.5057,23.1427,8.7217,1.7181,0.3769,0.7574,0.1703,-0.4758,0.2248,0.7001,0.1379,-0.7019,0.197,0.8718,0.0643,-0.9964,0.0737,7.9423,2.523,1.143,0.3177,5.2913,1.4933,1.4869,0.2822,1.5203,0.3533,1.6405,0.2324,6.2024,1.0579,7.2964,1.0508,32.492,0.2825,0.0487,2.4384,187.1338,36.5769
FL_examples (94),follicular_lymphoma,1,179,16.859,0.4843,55.239,7.112,28.7268,13.0427,1.6539,0.454,21.9201,6.9738,1.0927,0.3181,0.7706,0.1672,-0.5479,0.217,0.7114,0.141,-0.9503,0.1982,0.8778,0.0657,-1.0426,0.0748,7.6627,2.1293,0.7809,0.2779,5.0244,1.2246,1.0578,0.2437,1.5461,0.3346,0.7981,0.2164,6.2324,0.9993,7.2253,0.988,36.3807,0.278,0.0482,2.5503,187.615,37.2563
FL_examples (95),follicular_lymphoma,1,157,14.787,0.482,72.341,8.187,32.5958,17.3006,1.7896,0.5308,23.6037,9.6195,1.657,0.4075,0.7707,0.1849,-0.6361,0.2399,0.7148,0.145,-0.6974,0.2028,0.8843,0.0656,-1.015,0.0741,8.23,2.8691,1.2985,0.3486,5.2595,1.4815,1.2714,0.2817,1.5837,0.4195,1.674,0.2649,6.4132,1.1957,7.5525,1.2847,36.6502,0.2758,0.0478,2.5264,187.0823,37.2691
FL_examples (96),follicular_lymphoma,1,181,17.048,0.4891,56.553,7.227,28.6875,13.515,1.2328,0.4711,22.0566,8.0199,1.1991,0.3636,0.7702,0.1759,-0.5114,0.2284,0.6935,0.1601,-0.782,0.2309,0.8787,0.0684,-1.1418,0.0779,7.6714,2.5857,1.1454,0.3371,5.0205,1.2587,0.8631,0.2507,1.5428,0.405,1.5103,0.2625,6.0496,1.044,7.0667,1.0807,34.9886,0.2774,0.0483,2.5415,187.9338,36.6771
FL_examples (97),follicular_lymphoma,1,158,14.881,0.4834,70.926,7.761,32.4833,17.5785,1.6122,0.5412,24.095,10.0137,1.4116,0.4156,0.7424,0.1877,-0.5421,0.2529,0.7397,0.136,-0.984,0.1838,0.8725,0.0691,-1.1516,0.0792,8.459,3.1145,1.1894,0.3682,5.1553,1.389,1.1587,0.2694,1.6441,0.4249,1.4045,0.2585,6.291,1.0416,7.5798,1.1624,34.38,0.2793,0.0483,2.4665,187.2012,37.0494
FL_examples (98),follicular_lymphoma,1,171,16.106,0.4892,65.114,7.381,30.3751,16.2726,1.7044,0.5357,22.7635,9.0736,1.4348,0.3986,0.7638,0.1823,-0.4367,0.2387,0.7096,0.1465,-0.707,0.2065,0.8767,0.0642,-0.6165,0.0732,7.9293,2.7909,0.8287,0.352,5.0864,1.3431,0.6507,0.2641,1.565,0.3875,1.1399,0.2476,6.1237,1.0904,7.2193,1.1745,33.6039,0.2861,0.0496,2.4587,188.4697,36.3958
FL_examples (99),follicular_lymphoma,1,160,15.07,0.4847,72.619,8.378,32.1619,18.656,1.8894,0.5801,23.5871,10.5666,1.9698,0.448,0.7644,0.1924,-0.5109,0.2517,0.7073,0.1501,-0.7725,0.2123,0.8775,0.0664,-0.8561,0.0756,8.148,3.0763,1.3,0.3776,5.227,1.5431,1.1758,0.2952,1.566,0.4059,1.4685,0.2592,6.2796,1.2094,7.5326,1.2632,33.3335,0.289,0.0487,2.4128,185.3728,36.8358
REACTIVE_examples (1),reactive_tissue,0,150,14.128,0.3582,55.792,7.411,25.3525,13.9663,1.4818,0.5509,21.9358,9.2878,1.7234,0.4234,0.6967,0.1877,-0.4032,0.2694,0.7442,0.1517,-1.1624,0.2039,0.8502,0.0714,-0.4755,0.084,7.4556,2.3069,0.765,0.3094,4.5795,1.508,0.7755,0.3293,1.7049,0.5199,1.7006,0.3049,6.037,1.2478,7.483,1.3374,43.9835,0.2535,0.0441,2.992,179.8532,36.2562
REACTIVE_examples (10),reactive_tissue,0,206,19.402,0.45,48.366,6.529,23.1949,10.826,1.3411,0.4667,19.6521,7.5699,1.5644,0.3852,0.7992,0.2,-0.7847,0.2502,0.6738,0.1699,-0.5713,0.2522,0.8809,0.077,-1.4676,0.0874,6.8799,2.4606,1.5254,0.3577,4.5389,0.9909,0.9759,0.2183,1.5222,0.445,1.7561,0.2923,5.4978,0.9321,6.5437,0.9903,40.2688,0.2597,0.0463,3.065,189.9091,34.9253
REACTIVE_examples (100),reactive_tissue,0,157,14.787,0.2956,36.25,5.692,19.9874,9.3278,0.1372,0.4667,19.1275,7.5783,0.8125,0.3962,0.7344,0.2231,-0.5401,0.3038,0.7164,0.17,-0.614,0.2373,0.8507,0.1019,-1.3846,0.1198,6.6715,2.2362,0.8557,0.3352,4.1475,1.2583,-0.122,0.3034,1.7161,0.7231,2.6183,0.4213,5.8547,1.3644,7.2375,1.2689,64.4865,0.1894,0.0369,3.0771,152.1112,38.6272
REACTIVE_examples (101),reactive_tissue,0,159,14.976,0.2964,36.805,5.694,19.7892,8.7624,0.49,0.4428,19.0064,6.8035,0.6457,0.358,0.7305,0.2142,-0.3998,0.2932,0.7043,0.1514,-0.7564,0.215,0.8584,0.09,-0.9562,0.1048,6.4411,1.8613,0.6033,0.289,4.2261,1.0934,-0.2275,0.2587,1.5706,0.4549,2.1522,0.2896,6.1209,1.2444,7.3277,1.269,56.1693,0.2018,0.0388,3.0416,148.8664,37.3548
REACTIVE_examples (102),reactive_tissue,0,204,19.214,0.3473,31.901,4.951,18.0762,6.2416,1.4334,0.3453,17.0151,5.4421,1.9579,0.3198,0.8262,0.1955,-0.9341,0.2366,0.6598,0.1552,-0.3141,0.2352,0.8918,0.0713,-1.4479,0.0799,5.9602,1.7804,1.9031,0.2987,4.0917,0.6282,-0.0346,0.1535,1.4684,0.4133,2.3368,0.2815,5.6249,0.9235,6.5482,1.0055,71.6094,0.1863,0.0359,3.0944,164.5094,38.9864
REACTIVE_examples (103),reactive_tissue,0,227,21.38,0.4041,31.952,5.218,18.8986,6.0104,1.2919,0.318,17.5313,5.4784,1.6338,0.3125,0.8179,0.1993,-0.9358,0.2437,0.6357,0.1796,-0.2219,0.2825,0.8899,0.0753,-1.2968,0.0846,6.0938,1.7752,1.1418,0.2913,4.238,0.6706,1.2081,0.1582,1.4488,0.4012,1.4755,0.2769,5.482,0.7366,6.3013,0.8051,78.8218,0.1759,0.0347,3.114,176.9722,40.4626
REACTIVE_examples (104),reactive_tissue,0,175,16.483,0.2924,35.137,5.497,17.7381,8.6772,1.0482,0.4892,17.7024,7.356,1.6016,0.4155,0.7608,0.2264,-0.5728,0.2976,0.6959,0.1531,-0.5972,0.22,0.8497,0.1153,-1.4782,0.1357,6.1228,2.0634,1.0182,0.337,4.0333,1.0681,-0.012,0.2648,1.5457,0.412,1.5439,0.2665,5.6429,1.2593,6.8591,1.2361,63.9166,0.1904,0.0369,3.0514,161.7192,38.9224
REACTIVE_examples (105),reactive_tissue,0,179,16.859,0.3349,35.608,5.723,19.8632,7.5917,0.778,0.3822,18.3947,6.9094,2.1378,0.3756,0.796,0.22,-0.868,0.2764,0.639,0.1767,-0.4922,0.2765,0.8773,0.0912,-1.6528,0.1039,6.2161,1.7955,0.9957,0.2889,4.3748,0.8724,0.0057,0.1994,1.4362,0.3632,1.5028,0.2529,5.7113,1.0257,6.9177,0.9314,59.4969,0.2037,0.0382,3.0455,158.7185,38.6795
REACTIVE_examples (106),reactive_tissue,0,167,15.729,0.3057,37.864,5.992,19.4343,8.6899,1.0573,0.4471,18.525,7.7088,1.647,0.4161,0.7779,0.2366,-0.7776,0.3041,0.6717,0.1581,-0.5546,0.2353,0.8632,0.1063,-1.2862,0.1232,6.245,1.9214,1.2501,0.3077,4.2878,1.0797,0.0296,0.2518,1.486,0.3712,1.281,0.2498,5.6815,1.2507,7.0554,1.3052,57.6739,0.2054,0.0387,3.0589,155.9205,38.5772
REACTIVE_examples (107),reactive_tissue,0,149,14.034,0.2846,39.005,6.128,20.2823,9.7621,0.381,0.4813,19.7092,7.8975,0.9902,0.4007,0.7039,0.2311,-0.287,0.3283,0.6895,0.1542,-0.1463,0.2236,0.8309,0.1153,-1.028,0.1388,6.565,2.1038,1.0331,0.3205,4.3614,1.2772,-0.1164,0.2928,1.5873,0.6287,3.3595,0.3961,5.9912,1.3599,7.4106,1.2272,53.7233,0.2064,0.0395,3.051,148.8051,37.1818
REACTIVE_examples (108),reactive_tissue,0,166,15.635,0.3065,40.167,6.134,19.6036,9.5099,1.9643,0.4851,18.5998,8.3188,2.613,0.4473,0.7763,0.2293,-0.854,0.2954,0.6499,0.173,-0.3749,0.2662,0.8646,0.0991,-1.4286,0.1146,6.2127,2.1298,2.3315,0.3428,4.3138,1.1102,0.3021,0.2574,1.4812,0.4829,2.9926,0.326,5.7393,1.2358,7.0009,1.2701,58.276,0.2065,0.0382,3.0656,164.4506,39.0548
REACTIVE_examples (109),reactive_tissue,0,176,16.577,0.3215,37.524,5.771,19.3939,8.4367,0.934,0.435,18.1672,7.2247,1.7283,0.3977,0.7962,0.2318,-0.8937,0.2912,0.6507,0.1689,-0.0469,0.2596,0.8681,0.1075,-1.4772,0.1239,6.2194,1.929,1.1647,0.3102,4.2864,1.0088,-0.0293,0.2354,1.4998,0.5254,2.5136,0.3503,5.9528,1.1183,7.0637,1.1657,60.6647,0.2003,0.0373,3.0221,164.8132,39.334
REACTIVE_examples (11),reactive_tissue,0,178,16.765,0.4177,47.551,6.785,24.9165,11.3674,1.0847,0.4562,21.2421,7.9617,1.1154,0.3748,0.7414,0.2092,-0.4011,0.2821,0.703,0.1629,-0.6037,0.2317,0.86,0.0852,-1.2538,0.0991,7.3729,2.5274,1.0525,0.3428,4.6735,1.164,0.6332,0.2491,1.6062,0.5183,1.9235,0.3227,5.7388,1.0803,6.8417,1.1165,42.0197,0.2618,0.046,3.0405,187.9676,36.0649
REACTIVE_examples (110),reactive_tissue,0,175,16.483,0.2849,32.222,4.991,17.2823,7.0227,0.8334,0.4063,16.6349,5.5699,1.0098,0.3348,0.8178,0.2012,-0.9348,0.246,0.675,0.1532,-0.4084,0.227,0.879,0.0795,-1.2389,0.0904,5.8815,1.8418,1.4537,0.3131,3.9769,0.8521,0.1012,0.2143,1.5,0.4273,2.2835,0.2849,5.6506,1.1569,6.81,1.1222,59.1304,0.1994,0.0384,2.9965,156.9302,37.4405
REACTIVE_examples (111),reactive_tissue,0,135,12.715,0.2286,38.798,5.773,17.9766,9.65,1.79,0.5368,17.8067,8.216,2.6964,0.4614,0.7638,0.2115,-0.6132,0.2769,0.7154,0.1682,-0.7264,0.2351,0.8659,0.0817,-1.1426,0.0944,6.2773,2.2558,1.2127,0.3594,3.8695,1.1134,0.8242,0.2878,1.6785,0.6051,1.8137,0.3605,5.9129,1.3231,7.5131,1.4271,54.5718,0.2126,0.0394,2.9724,154.9548,38.6164
REACTIVE_examples (112),reactive_tissue,0,171,16.106,0.2949,35.22,5.788,18.3077,7.8182,1.2381,0.427,17.9945,7.2143,1.82,0.4009,0.7762,0.2316,-0.7721,0.2984,0.6845,0.153,-0.7426,0.2236,0.8648,0.0965,-1.1625,0.1116,6.1152,1.7809,1.2191,0.2912,4.139,0.9473,0.3632,0.2289,1.499,0.3502,1.293,0.2336,5.6516,1.1144,6.9342,1.2107,62.7843,0.1965,0.0371,3.0281,160.7206,39.4159
REACTIVE_examples (113),reactive_tissue,0,166,15.635,0.2875,36.682,5.723,18.3862,8.61,0.7401,0.4683,17.7422,7.4996,1.3667,0.4227,0.7923,0.2226,-0.9597,0.2809,0.7001,0.1497,-0.8175,0.2139,0.8664,0.0974,-1.8036,0.1124,6.2054,2.2015,1.593,0.3548,4.0599,1.0915,0.0743,0.2688,1.5627,0.4768,2.68,0.3051,5.4966,1.0725,6.8442,1.2539,56.4076,0.2082,0.0383,3.0163,158.7761,39.3788
REACTIVE_examples (114),reactive_tissue,0,190,17.895,0.3388,36.095,5.611,18.9315,7.6183,1.0416,0.4024,18.0012,6.6104,1.602,0.3672,0.784,0.2111,-0.6656,0.2693,0.6716,0.1617,-0.5453,0.2408,0.876,0.0849,-1.1967,0.0969,6.1874,1.9079,1.21,0.3083,4.1765,0.8735,0.1284,0.2091,1.5004,0.4205,1.9422,0.2802,5.6035,1.0704,6.7185,1.0742,55.892,0.2062,0.039,3.0759,155.8439,37.6167
REACTIVE_examples (115),reactive_tissue,0,173,16.294,0.294,35.09,5.611,18.0447,7.8493,0.976,0.435,17.674,6.9127,1.3125,0.3911,0.7827,0.2243,-0.7278,0.2866,0.6812,0.1571,-0.5236,0.2307,0.8708,0.0849,-1.1022,0.0975,6.0633,1.9653,1.53,0.3241,4.0592,0.9823,0.0885,0.242,1.5323,0.4996,2.9526,0.326,5.7835,0.9753,6.9063,1.1475,59.883,0.1983,0.038,3.0427,153.965,38.0719
REACTIVE_examples (116),reactive_tissue,0,181,17.048,0.3076,34.513,5.388,18.0445,7.52,1.1446,0.4168,17.332,6.7249,1.8701,0.388,0.8076,0.2102,-1.0176,0.2603,0.6683,0.158,-0.4386,0.2364,0.8817,0.0846,-1.4557,0.096,6.0161,2.0563,1.8955,0.3418,4.0636,0.846,0.3494,0.2082,1.4927,0.4293,2.0064,0.2876,5.615,1.046,6.7835,1.1144,62.5885,0.1915,0.037,3.0395,162.7074,38.6646
REACTIVE_examples (117),reactive_tissue,0,185,17.424,0.3361,35.861,5.625,19.2876,7.6501,1.1317,0.3966,18.3272,7.3041,2.3218,0.3985,0.7859,0.2175,-0.7971,0.2767,0.6741,0.1582,-0.439,0.2347,0.882,0.0754,-1.3172,0.0855,6.206,1.7932,1.2986,0.2889,4.2179,0.9406,1.2399,0.223,1.4944,0.3829,1.4319,0.2562,5.6915,1.012,6.7478,1.0907,68.2407,0.1846,0.0361,3.0701,164.881,39.0369
REACTIVE_examples (118),reactive_tissue,0,198,18.649,0.344,35.306,5.552,18.4445,7.6623,1.3481,0.4154,17.9113,7.1933,2.0318,0.4016,0.7863,0.2171,-0.8392,0.2761,0.6754,0.1671,-0.6673,0.2474,0.8748,0.0825,-1.2862,0.0942,6.1646,2.1889,2.4695,0.3551,4.0944,0.8831,0.836,0.2157,1.5223,0.4951,3.9314,0.3252,5.5012,0.9838,6.5586,0.9347,66.2835,0.1861,0.0365,3.0734,165.9093,38.8204
REACTIVE_examples (119),reactive_tissue,0,180,16.954,0.3219,35.866,5.509,18.9888,7.7665,1.5849,0.409,18.1622,7.4272,1.8917,0.4089,0.7998,0.2309,-0.9592,0.2887,0.6496,0.1603,-0.1511,0.2467,0.8792,0.0852,-1.5413,0.0969,6.1292,2.0533,1.5927,0.335,4.2351,0.8414,0.1016,0.1987,1.4546,0.4016,1.8558,0.2761,5.6281,1.0693,6.7629,1.0497,60.295,0.1994,0.0376,3.0636,165.4548,38.8811
REACTIVE_examples (12),reactive_tissue,0,183,17.236,0.4117,45.138,6.615,23.8842,10.2814,0.9722,0.4305,20.6686,8.1063,1.5371,0.3922,0.7647,0.2115,-0.6313,0.2766,0.6908,0.1569,-0.6194,0.2271,0.8719,0.0762,-1.7243,0.0874,7.0511,2.2495,0.8826,0.319,4.6342,1.1662,1.4174,0.2516,1.5438,0.4547,2.3876,0.2945,5.6671,1.013,6.8509,1.1755,40.2211,0.2575,0.0458,3.0276,184.1775,34.9266
REACTIVE_examples (120),reactive_tissue,0,146,13.751,0.3356,55.905,7.038,24.4036,13.6929,1.3149,0.5611,20.4164,9.2405,1.5087,0.4526,0.7777,0.2028,-0.7403,0.2608,0.6973,0.1527,-0.4036,0.219,0.8712,0.0812,-1.4193,0.0932,7.0552,2.6417,0.9392,0.3744,4.5715,1.3416,0.969,0.2935,1.5695,0.4758,1.8432,0.3032,6.0406,1.1425,7.4014,1.1986,51.8601,0.2215,0.0394,3.0986,172.4229,39.8606
REACTIVE_examples (121),reactive_tissue,0,161,15.164,0.3627,49.153,6.679,23.9213,12.3829,1.3377,0.5177,20.7693,8.2402,0.9687,0.3967,0.7401,0.209,-0.4532,0.2824,0.705,0.1505,-0.6567,0.2135,0.8605,0.0779,-1.1646,0.0905,7.0553,2.433,0.8599,0.3448,4.5534,1.2011,0.7785,0.2638,1.5643,0.4064,1.2453,0.2598,5.7832,1.0501,7.0932,1.1094,57.6124,0.2052,0.0383,3.1229,173.1588,39.0767
REACTIVE_examples (122),reactive_tissue,0,144,13.563,0.377,57.061,7.435,27.7931,13.4457,1.4336,0.4838,22.0777,7.8797,1.11,0.3569,0.7465,0.1875,-0.4202,0.2512,0.6798,0.1576,-0.6552,0.2318,0.8657,0.0698,-0.6715,0.0806,7.448,2.3546,1.0716,0.3161,5.0144,1.2535,0.8059,0.25,1.506,0.4023,1.9321,0.2672,6.2417,1.3329,7.7901,1.4877,52.0157,0.2169,0.0395,3.1375,168.4272,38.2459
REACTIVE_examples (123),reactive_tissue,0,162,15.258,0.4,48.979,6.515,26.2175,11.2845,0.6223,0.4304,20.8839,7.0907,0.8824,0.3395,0.7839,0.1792,-0.6951,0.2287,0.6745,0.159,-0.5671,0.2357,0.8853,0.0632,-1.4051,0.0714,7.1489,2.1779,0.9017,0.3047,4.8569,1.147,0.0046,0.2362,1.4955,0.3824,1.3594,0.2557,5.947,1.1937,7.3423,1.2041,55.2157,0.2066,0.0384,3.1373,172.6323,38.8939
REACTIVE_examples (124),reactive_tissue,0,163,15.352,0.3327,49.029,6.833,21.6715,12.1113,1.3825,0.5589,18.4167,7.6319,1.4254,0.4144,0.8163,0.1837,-0.9513,0.225,0.6614,0.1698,-0.301,0.2568,0.882,0.0758,-1.4639,0.086,6.4446,2.3516,1.2163,0.3649,4.3715,1.2875,0.9482,0.2945,1.5046,0.4697,2.1526,0.3122,5.8705,1.359,7.0836,1.5825,50.4667,0.2259,0.0404,3.0804,173.5685,38.4508
REACTIVE_examples (125),reactive_tissue,0,163,15.352,0.3562,44.399,6.257,23.2033,10.2544,1.0744,0.4419,19.4678,6.5599,0.8459,0.337,0.7957,0.1762,-0.6689,0.2214,0.6722,0.1717,-0.6926,0.2554,0.8818,0.0632,-1.1195,0.0717,6.7643,2.0883,0.7526,0.3087,4.5507,1.0269,0.5549,0.2256,1.4989,0.3719,1.0953,0.2481,5.7953,1.1699,7.0989,1.3656,55.5711,0.2182,0.0391,3.1014,174.8056,39.2891
REACTIVE_examples (126),reactive_tissue,0,145,13.657,0.2734,40.825,6.511,20.0188,9.6636,0.8621,0.4827,17.3237,6.3564,1.4095,0.3669,0.8449,0.1694,-1.1677,0.2005,0.6428,0.1702,-0.4353,0.2647,0.8925,0.0609,-0.8659,0.0683,6.0389,1.8185,0.9177,0.3011,4.3053,1.1533,0.4344,0.2679,1.4304,0.3335,1.1042,0.2332,6.1194,1.4142,7.5624,1.6045,51.792,0.2403,0.0407,3.0053,171.1719,40.6591
REACTIVE_examples (127),reactive_tissue,0,125,11.773,0.2283,39.83,5.837,19.3944,9.7091,0.9542,0.5006,16.4428,5.4424,0.7382,0.331,0.8724,0.1371,-0.8028,0.1572,0.6526,0.1739,-0.3419,0.2664,0.8947,0.0599,-0.9331,0.067,5.9507,1.8789,0.9482,0.3157,4.1519,1.0895,-0.0264,0.2624,1.4684,0.378,1.0735,0.2574,6.3081,1.5792,8.0489,1.589,49.4826,0.2417,0.0419,2.9822,172.3382,39.6306
REACTIVE_examples (128),reactive_tissue,0,141,13.28,0.2962,43.717,6.317,22.3021,9.9527,1.213,0.4463,18.3604,6.7959,1.9361,0.3701,0.8562,0.1725,-1.1687,0.2014,0.612,0.1793,0.0426,0.293,0.9012,0.0604,-1.3117,0.0671,6.3813,2.1312,1.1767,0.334,4.5823,1.0414,0.7855,0.2273,1.4026,0.3686,1.2546,0.2628,6.1496,1.5508,7.5694,1.6232,50.5758,0.2402,0.0421,3.0227,173.1441,38.5175
REACTIVE_examples (129),reactive_tissue,0,141,13.28,0.2438,36.565,5.158,18.3612,8.3718,1.3749,0.456,16.1092,5.6465,1.5682,0.3505,0.8896,0.1562,-1.6459,0.1756,0.6158,0.1751,-0.1262,0.2844,0.9056,0.0595,-2.0613,0.0657,5.786,2.156,2.2269,0.3726,4.1243,0.8438,-0.7815,0.2046,1.4099,0.407,2.0012,0.2887,5.7847,1.2812,7.3598,1.5575,44.5503,0.2582,0.0445,2.9739,165.4267,37.6565
REACTIVE_examples (13),reactive_tissue,0,168,15.823,0.444,53.722,6.97,28.0597,12.8327,0.7151,0.4573,22.5274,8.2523,0.8074,0.3663,0.7315,0.1908,-0.3893,0.2608,0.6998,0.1608,-0.5601,0.2298,0.8626,0.0728,-0.8318,0.0844,7.663,2.4268,0.6166,0.3167,4.9655,1.3262,0.362,0.2671,1.5772,0.4457,1.3124,0.2826,5.9988,1.0157,7.2062,1.0978,34.5565,0.2759,0.048,2.9493,187.6185,35.4583
REACTIVE_examples (130),reactive_tissue,0,118,11.114,0.2107,38.811,5.476,18.9597,8.8287,1.5971,0.4657,16.1299,5.1617,1.5113,0.32,0.8995,0.138,-1.5983,0.1534,0.5921,0.1753,0.0895,0.2961,0.909,0.0607,-2.6146,0.0667,5.7607,1.9378,1.8284,0.3364,4.2428,0.904,0.398,0.2131,1.3683,0.3994,2.9203,0.2919,6.4339,1.5654,8.1032,1.6905,50.7175,0.2573,0.0444,2.9035,167.6099,39.0378
REACTIVE_examples (131),reactive_tissue,0,121,11.397,0.2545,47.871,6.436,22.3282,12.0453,1.5266,0.5395,19.4735,8.2866,1.6669,0.4255,0.7768,0.198,-0.6079,0.2549,0.6866,0.176,-0.468,0.2564,0.8631,0.0819,-1.1637,0.0949,6.8117,2.5249,1.1038,0.3707,4.3814,1.2428,0.9136,0.2837,1.5993,0.5543,1.7289,0.3466,6.2846,1.479,8.049,1.5913,51.271,0.2504,0.0427,2.9576,157.4229,39.2194
REACTIVE_examples (132),reactive_tissue,0,134,12.621,0.2829,47.64,6.704,22.4122,11.456,1.084,0.5111,19.8467,8.3717,1.3873,0.4218,0.758,0.2032,-0.4902,0.2682,0.7019,0.1843,-0.9959,0.2626,0.874,0.0735,-0.8576,0.0841,6.8811,2.3043,0.6038,0.3349,4.3501,1.2601,0.7375,0.2897,1.6292,0.533,1.8401,0.3272,6.2982,1.6132,7.7991,1.6648,52.6537,0.2416,0.0414,2.9877,158.6439,38.6573
REACTIVE_examples (133),reactive_tissue,0,156,14.693,0.2682,34.412,5.382,18.2546,8.5068,0.8762,0.466,17.6438,6.4694,0.7539,0.3667,0.7646,0.1976,-0.3134,0.2584,0.735,0.1622,-0.7696,0.2207,0.8552,0.0821,-0.6834,0.096,6.4955,2.2431,0.7476,0.3453,3.8733,1.0045,0.0226,0.2593,1.7212,0.5642,1.247,0.3278,5.7172,1.1915,7.1994,1.2101,58.7918,0.2301,0.04,2.9205,163.851,39.6746
REACTIVE_examples (134),reactive_tissue,0,149,14.034,0.2821,38.963,5.995,20.1006,9.4334,0.8796,0.4693,18.482,7.2287,1.1906,0.3911,0.7773,0.1981,-0.6157,0.2549,0.7304,0.1497,-1.032,0.2049,0.8714,0.0765,-1.0036,0.0877,6.6306,2.227,0.8195,0.3359,4.1059,1.0767,0.5986,0.2622,1.6322,0.4129,0.8681,0.253,5.9872,1.3526,7.4472,1.4369,57.3914,0.2441,0.0408,2.9041,165.5418,40.0175
REACTIVE_examples (135),reactive_tissue,0,152,14.316,0.3755,55.545,6.7,26.2315,13.2386,1.8518,0.5047,21.2398,8.046,1.3492,0.3788,0.7658,0.1859,-0.5346,0.2428,0.7135,0.1528,-0.8947,0.2141,0.8754,0.0661,-0.9676,0.0755,7.451,2.5463,1.0884,0.3417,4.7093,1.1036,0.866,0.2343,1.5902,0.4268,1.6197,0.2684,6.1029,1.3617,7.4118,1.4583,45.5714,0.2455,0.0418,2.9199,172.2482,38.7977
REACTIVE_examples (136),reactive_tissue,0,119,11.208,0.3326,64.979,8.329,29.6756,16.3351,1.3814,0.5505,23.7822,10.4533,1.3282,0.4395,0.7071,0.206,-0.3225,0.2913,0.7092,0.1441,-0.4738,0.2032,0.8537,0.0776,-0.7046,0.091,7.8678,2.6736,0.7161,0.3398,5.0992,1.5898,0.9021,0.3118,1.5856,0.4824,2.4091,0.3043,6.6292,1.3347,8.345,1.6405,45.1597,0.2553,0.0422,2.9539,170.3336,40.4096
REACTIVE_examples (137),reactive_tissue,0,131,12.338,0.3499,61.681,7.152,28.3577,15.6353,1.1939,0.5514,22.7969,9.2067,0.8229,0.4039,0.7165,0.1988,-0.1262,0.2775,0.7198,0.1626,-0.6965,0.2258,0.8625,0.0725,-0.7473,0.084,7.8452,2.8851,0.8887,0.3678,4.8522,1.4276,0.5776,0.2942,1.6508,0.4944,1.1086,0.2995,6.6468,1.5153,8.2147,1.3493,41.199,0.2625,0.0432,2.928,169.3948,40.7199
REACTIVE_examples (138),reactive_tissue,0,161,15.164,0.3917,53.647,7.171,25.831,12.3755,1.6146,0.4791,21.4335,8.2465,1.7248,0.3847,0.7514,0.1927,-0.5773,0.2565,0.7196,0.1548,-1.0455,0.215,0.8699,0.0728,-1.1944,0.0837,7.4771,2.477,1.3815,0.3313,4.6985,1.2153,1.2272,0.2587,1.6247,0.4957,2.1998,0.3051,6.0301,1.2739,7.2421,1.3763,50.8531,0.2298,0.0403,3.0186,175.6062,39.4159
REACTIVE_examples (139),reactive_tissue,0,165,15.541,0.426,57.132,7.412,27.4093,13.4264,1.1871,0.4898,22.3486,9.078,1.1849,0.4062,0.7455,0.205,-0.5938,0.2749,0.7023,0.1606,-1.0236,0.2286,0.8663,0.0755,-1.0024,0.0872,7.6094,2.6503,1.0137,0.3483,4.9003,1.2868,1.1446,0.2626,1.5596,0.3953,1.2244,0.2535,5.8086,1.1712,7.152,1.3197,49.5398,0.2308,0.0418,3.0368,185.0956,38.409
REACTIVE_examples (14),reactive_tissue,0,193,18.178,0.4554,49.25,6.916,25.0499,11.5234,1.0231,0.46,21.8806,9.2252,1.4265,0.4216,0.7297,0.2261,-0.4723,0.3098,0.7102,0.145,-0.692,0.2042,0.8661,0.0822,-0.9488,0.0949,7.2682,2.2896,0.9337,0.315,4.7125,1.2254,0.9831,0.26,1.5637,0.3827,1.0939,0.2448,5.6709,1.1153,6.7212,1.1074,41.589,0.2504,0.045,3.0671,186.4568,35.5665
REACTIVE_examples (140),reactive_tissue,0,156,14.693,0.4248,59.817,7.35,28.9146,14.2664,1.6641,0.4934,23.2004,9.4867,1.8968,0.4089,0.7229,0.1949,-0.3959,0.2696,0.7126,0.1568,-0.6765,0.2201,0.8639,0.075,-0.9584,0.0868,7.9141,2.8101,1.5855,0.3551,4.9734,1.3154,1.4563,0.2645,1.6161,0.494,1.9469,0.3057,6.2636,1.2992,7.4753,1.3716,46.5482,0.2369,0.0417,3.012,180.7371,38.3314
REACTIVE_examples (141),reactive_tissue,0,174,16.388,0.4335,63.468,7.509,26.45,16.0227,1.8411,0.6058,21.8725,9.921,1.7841,0.4536,0.7376,0.2068,-0.5152,0.2804,0.7237,0.1426,-0.9974,0.1971,0.8612,0.0844,-1.3661,0.0979,7.5232,2.8341,1.2018,0.3767,4.732,1.3878,1.0252,0.2933,1.5979,0.3967,1.1788,0.2482,5.7621,1.2229,6.9762,1.2013,52.9166,0.218,0.0403,3.0303,183.7543,38.5175
REACTIVE_examples (142),reactive_tissue,0,159,14.976,0.4154,59.975,7.372,27.7396,14.384,2.2099,0.5185,22.2218,8.9641,1.7802,0.4034,0.7526,0.1937,-0.5399,0.2573,0.6968,0.157,-0.8181,0.2253,0.8722,0.0675,-1.0009,0.0774,7.5432,2.5,1.0853,0.3314,4.9193,1.272,1.8776,0.2586,1.5457,0.4018,1.4174,0.2599,5.9228,1.1267,7.2252,1.1366,51.0247,0.2207,0.0399,3.0468,177.8218,38.6142
REACTIVE_examples (143),reactive_tissue,0,139,13.092,0.3355,55.953,7.515,25.6234,13.1653,1.3869,0.5138,21.4227,9.2665,1.5155,0.4326,0.7559,0.213,-0.6029,0.2818,0.6838,0.1824,-0.8381,0.2668,0.8718,0.0776,-0.7934,0.089,7.2454,2.5298,1.018,0.3492,4.7337,1.3267,0.9586,0.2803,1.5639,0.4792,1.9452,0.3064,6.2964,1.1519,7.6721,1.3234,47.3132,0.2344,0.0406,3.0222,168.5503,39.5828
REACTIVE_examples (144),reactive_tissue,0,139,13.092,0.2817,39.342,5.971,21.5177,9.0875,0.6813,0.4223,18.4252,6.2274,1.2032,0.338,0.8125,0.1776,-0.7235,0.2186,0.6723,0.1801,-0.411,0.2678,0.8784,0.0757,-1.2661,0.0862,6.5418,1.9962,0.8226,0.3051,4.3825,1.0769,0.0479,0.2457,1.5365,0.4369,1.0043,0.2843,5.9979,1.4192,7.5676,1.5211,45.713,0.2411,0.0416,2.9922,165.4038,39.1534
REACTIVE_examples (145),reactive_tissue,0,153,14.411,0.3793,57.516,7.072,26.3214,14.3,1.1805,0.5433,21.9728,9.6417,1.167,0.4388,0.7402,0.2153,-0.4985,0.2909,0.713,0.1548,-0.9846,0.2171,0.8621,0.0815,-1.228,0.0945,7.4906,2.8067,0.9501,0.3747,4.7285,1.281,0.6247,0.2709,1.5846,0.392,0.8373,0.2474,6.0881,1.4103,7.3095,1.455,50.4157,0.226,0.0399,3.0524,170.784,39.2584
REACTIVE_examples (146),reactive_tissue,0,161,15.164,0.414,57.443,7.3,27.3003,14.6562,1.3933,0.5368,22.0864,9.2274,1.2042,0.4178,0.7434,0.2055,-0.3914,0.2764,0.7086,0.1354,-0.528,0.1911,0.8686,0.0754,-1.194,0.0868,7.4169,2.5431,0.844,0.3429,4.8558,1.3715,0.5175,0.2825,1.5467,0.37,1.2108,0.2392,6.1192,1.3814,7.4377,1.3611,52.4419,0.2142,0.0389,3.0695,174.0333,39.1925
REACTIVE_examples (147),reactive_tissue,0,137,12.904,0.4032,59.036,7.391,31.2489,14.7892,0.4752,0.4733,24.5417,8.9753,0.6248,0.3657,0.6793,0.1893,-0.0745,0.2786,0.6866,0.1671,-0.701,0.2434,0.8605,0.0686,-0.7854,0.0797,7.9175,2.4651,0.5062,0.3113,5.2795,1.4472,-0.1599,0.2741,1.5325,0.3878,0.9555,0.253,6.6148,1.4595,7.9968,1.3658,52.2862,0.2104,0.0387,3.1102,166.0199,38.6919
REACTIVE_examples (148),reactive_tissue,0,147,13.845,0.3963,59.855,7.417,28.6236,14.9453,1.1207,0.5221,22.8472,9.2863,2.0885,0.4065,0.7203,0.1911,-0.4823,0.2653,0.6999,0.1541,-1.1197,0.2201,0.8607,0.0758,-1.0726,0.0881,7.5977,2.4096,0.9923,0.3172,5.0402,1.4335,0.5881,0.2844,1.531,0.3383,0.7737,0.221,6.2803,1.4082,7.6027,1.3187,51.1989,0.2196,0.0392,3.1025,161.4566,38.9189
REACTIVE_examples (149),reactive_tissue,0,148,13.94,0.3567,55.764,6.784,25.5921,13.6574,1.1595,0.5337,21.8528,9.6718,1.3729,0.4426,0.7225,0.2079,-0.4455,0.2878,0.7232,0.16,-1.0395,0.2212,0.8594,0.0782,-1.3088,0.091,7.425,2.6798,0.9827,0.3609,4.6252,1.3718,0.2901,0.2966,1.6422,0.4752,1.3293,0.2894,6.3358,1.2194,7.7135,1.0831,45.2737,0.2247,0.0428,3.0838,146.5726,34.5155
REACTIVE_examples (15),reactive_tissue,0,178,16.765,0.461,53.123,6.662,27.4949,11.95,0.9799,0.4346,23.3938,8.2402,0.9447,0.3522,0.6843,0.2134,-0.2855,0.3119,0.71,0.153,-0.9257,0.2155,0.8554,0.0847,-1.2858,0.099,7.7019,2.3199,0.991,0.3012,4.938,1.1175,0.3458,0.2263,1.5829,0.4278,1.3764,0.2702,5.9557,1.2275,7.0585,1.166,43.3551,0.2462,0.0446,3.0655,187.1378,35.8002
REACTIVE_examples (150),reactive_tissue,0,194,18.272,0.4133,45.06,6.616,22.6172,10.3806,1.228,0.459,20.0801,7.2902,1.1824,0.3631,0.7455,0.1943,-0.4294,0.2606,0.7283,0.1488,-0.9633,0.2043,0.8658,0.0748,-0.8694,0.0864,7.0397,2.2131,0.9831,0.3144,4.3853,1.0895,1.2633,0.2484,1.6269,0.4243,1.1612,0.2608,5.6455,1.1425,6.7212,1.1627,58.2321,0.2017,0.0378,3.091,171.4794,38.484
REACTIVE_examples (151),reactive_tissue,0,165,15.541,0.3913,51.195,6.798,25.1804,11.9976,1.2178,0.4765,21.7661,8.2096,1.2642,0.3772,0.7108,0.2012,-0.3615,0.2831,0.7174,0.1548,-0.9538,0.2158,0.8574,0.0769,-0.8659,0.0897,7.3529,2.3068,1.2511,0.3137,4.6841,1.2259,0.4493,0.2617,1.6067,0.4369,1.3963,0.2719,6.0424,1.0148,7.2488,1.1542,53.6891,0.2124,0.0397,3.0956,157.4861,36.9211
REACTIVE_examples (152),reactive_tissue,0,161,15.164,0.4006,55.253,7.102,26.4145,13.3954,1.6541,0.5071,22.4147,9.4797,1.7791,0.4229,0.7157,0.2095,-0.461,0.2927,0.7052,0.1544,-0.5911,0.2189,0.8604,0.076,-0.7649,0.0883,7.4848,2.6597,1.7842,0.3553,4.7912,1.2653,0.7915,0.2641,1.5902,0.4801,1.7935,0.3019,6.056,1.3501,7.3243,1.423,58.7445,0.1982,0.0373,3.1184,164.5768,39.2503
REACTIVE_examples (153),reactive_tissue,0,175,16.483,0.4259,47.081,6.866,25.8418,10.8149,0.5668,0.4185,22.0916,8.0322,1.0774,0.3636,0.7176,0.2034,-0.4587,0.2834,0.7136,0.1561,-0.8385,0.2188,0.8619,0.0766,-1.2073,0.0888,7.464,2.2857,0.7507,0.3062,4.7392,1.184,0.5348,0.2498,1.6089,0.4629,1.3841,0.2877,5.7916,1.1019,6.9996,1.0257,63.8506,0.1916,0.0366,3.1279,173.7773,39.4604
REACTIVE_examples (154),reactive_tissue,0,178,16.765,0.3879,42.52,6.161,23.1393,9.0145,1.1886,0.3896,20.2215,6.6791,1.2634,0.3303,0.7569,0.2034,-0.5057,0.2687,0.7034,0.1471,-0.648,0.2092,0.8681,0.0819,-1.1642,0.0944,6.9907,2.0307,1.0318,0.2905,4.5398,0.9066,0.9616,0.1997,1.557,0.4228,1.8887,0.2715,5.827,1.0515,6.9092,1.2614,60.8568,0.2063,0.0378,3.1121,176.889,39.7209
REACTIVE_examples (155),reactive_tissue,0,144,13.563,0.3184,47.003,6.087,23.4744,11.8534,1.9988,0.5049,19.7662,7.9343,2.1788,0.4014,0.7908,0.1929,-0.6986,0.2439,0.6926,0.1578,-0.5544,0.2278,0.8756,0.0782,-1.2548,0.0893,6.9102,2.3841,1.3788,0.345,4.5054,1.0858,0.2317,0.241,1.5636,0.4992,2.5682,0.3193,6.0945,1.1598,7.4654,1.4187,48.1292,0.2278,0.0407,3.0837,169.7933,39.2218
REACTIVE_examples (156),reactive_tissue,0,175,16.483,0.3893,48.315,6.316,23.6218,10.9412,1.399,0.4632,20.2144,7.8381,1.3954,0.3877,0.7766,0.2069,-0.6656,0.2664,0.6917,0.16,-0.5744,0.2313,0.8724,0.0815,-1.2843,0.0934,7.0825,2.5925,1.3491,0.366,4.5559,1.0404,1.0124,0.2284,1.5632,0.4824,1.9927,0.3086,5.6705,0.9718,6.7764,1.125,58.8168,0.1975,0.038,3.1492,176.9158,37.8929
REACTIVE_examples (157),reactive_tissue,0,146,13.751,0.3569,60.25,7.31,25.9544,14.9635,1.5894,0.5765,22.0122,9.4099,1.4362,0.4275,0.7038,0.1913,-0.1829,0.2719,0.7357,0.1376,-0.7841,0.187,0.8458,0.0744,-0.5453,0.088,7.4922,2.572,1.0047,0.3433,4.6577,1.4081,0.844,0.3023,1.6496,0.4817,1.9863,0.292,6.3064,1.2648,7.6093,1.248,56.9121,0.2001,0.0376,3.1189,165.0159,39.1658
REACTIVE_examples (158),reactive_tissue,0,164,15.447,0.3854,44.635,6.1,24.952,10.0932,0.8052,0.4045,21.1132,6.871,0.908,0.3254,0.7385,0.1891,-0.55,0.2561,0.7128,0.1496,-0.666,0.2099,0.8635,0.08,-1.2581,0.0927,7.2819,2.1107,1.0235,0.2899,4.6755,1.0448,-0.2238,0.2235,1.5911,0.4439,1.7799,0.279,5.9764,1.1468,7.2679,1.1846,56.6996,0.2044,0.0379,3.1146,164.1221,38.9446
REACTIVE_examples (159),reactive_tissue,0,156,14.693,0.3471,50.215,6.556,23.6246,11.8867,1.3902,0.5031,19.8444,7.3358,1.3384,0.3697,0.7718,0.1821,-0.4363,0.236,0.6912,0.1632,-0.6138,0.2361,0.8702,0.0705,-0.596,0.081,6.9046,2.2494,1.2877,0.3258,4.5468,1.2098,0.4159,0.2661,1.5602,0.4626,1.7598,0.2965,5.9367,1.2849,7.3211,1.431,53.7585,0.2135,0.0389,3.1017,168.8894,38.4769
REACTIVE_examples (16),reactive_tissue,0,149,14.034,0.388,58.641,7.024,27.6443,14.6664,1.3012,0.5305,23.5813,9.742,1.1371,0.4131,0.6682,0.2005,-0.0583,0.3001,0.7313,0.1619,-0.9647,0.2214,0.8417,0.0787,-0.8364,0.0935,7.8728,2.7185,0.866,0.3453,4.8027,1.4066,0.4164,0.2929,1.6804,0.4958,1.0354,0.295,6.1876,1.2616,7.4048,1.3038,41.9228,0.2498,0.0451,3.0242,187.5343,35.4399
REACTIVE_examples (160),reactive_tissue,0,112,10.549,0.2425,57.555,7.051,22.9888,15.3435,1.7402,0.6674,19.8953,9.446,1.4723,0.4748,0.753,0.2038,-0.4454,0.2706,0.7241,0.1637,-0.4929,0.226,0.8645,0.0897,-1.242,0.1038,7.1281,3.0438,1.3459,0.427,4.2623,1.5234,0.9584,0.3574,1.7624,0.8308,3.2306,0.4714,6.6329,1.7006,8.5195,1.8138,50.4725,0.2293,0.0399,3.0739,159.0217,40.5456
REACTIVE_examples (161),reactive_tissue,0,139,13.092,0.2885,48.698,6.64,22.0384,12.3181,1.5859,0.5589,18.8974,7.4836,1.1796,0.396,0.7932,0.2004,-0.6053,0.2527,0.6686,0.1764,-0.4318,0.2639,0.8731,0.0774,-0.9445,0.0886,6.5817,2.2975,0.8369,0.3491,4.4065,1.253,0.3284,0.2844,1.5403,0.5222,2.2912,0.339,6.2398,1.4823,7.7139,1.487,46.6383,0.2394,0.0413,3.0307,158.7262,39.4172
REACTIVE_examples (162),reactive_tissue,0,167,15.729,0.3613,46.266,6.206,22.9719,10.8362,1.1565,0.4717,19.6438,7.3805,1.2122,0.3757,0.7831,0.1904,-0.5744,0.2431,0.7186,0.1506,-0.9201,0.2096,0.8786,0.0706,-0.7796,0.0803,7.0148,2.4495,1.2315,0.3492,4.3914,1.0198,0.7954,0.2322,1.604,0.435,1.4836,0.2712,5.7967,1.3109,7.1483,1.4276,51.1871,0.2519,0.0413,2.9646,171.991,40.5205
REACTIVE_examples (163),reactive_tissue,0,154,14.505,0.3258,51.617,7.162,22.464,12.6542,1.8359,0.5633,18.7387,7.5305,1.4399,0.4019,0.8232,0.1826,-0.8275,0.2218,0.6732,0.1568,-0.5361,0.233,0.8876,0.0686,-1.0759,0.0773,6.5973,2.3776,1.5164,0.3604,4.4738,1.2883,1.1529,0.288,1.4993,0.4215,1.8823,0.2811,5.9546,1.1884,7.3385,1.3905,49.5332,0.2652,0.0427,2.9395,171.1603,41.2773
REACTIVE_examples (164),reactive_tissue,0,132,12.433,0.2729,44.058,6.245,21.9471,9.9945,1.5615,0.4554,18.4461,6.6105,1.8514,0.3584,0.8374,0.1799,-1.0047,0.2148,0.6757,0.1594,-0.7743,0.2359,0.8967,0.063,-0.9949,0.0703,6.5269,2.0284,1.2197,0.3108,4.421,0.9921,0.5748,0.2244,1.4916,0.3758,1.7212,0.2519,6.2767,1.3902,7.7233,1.6388,52.501,0.2694,0.0424,2.8922,164.4122,41.3069
REACTIVE_examples (165),reactive_tissue,0,206,19.402,0.3776,35.619,5.418,19.46,7.6438,1.8439,0.3928,17.2943,6.0937,2.5235,0.3524,0.8536,0.1834,-1.3283,0.2149,0.6563,0.1522,-0.3988,0.2319,0.9018,0.0684,-1.7136,0.0758,6.1035,1.8448,1.6011,0.3023,4.233,0.7658,1.6986,0.1809,1.4462,0.3675,2.0312,0.2542,5.4357,0.9246,6.359,0.9839,51.7118,0.2387,0.0413,2.972,179.324,39.0855
REACTIVE_examples (166),reactive_tissue,0,189,17.801,0.3886,43.578,6.423,21.8273,9.8896,1.4645,0.4531,19.0728,7.4584,1.5954,0.391,0.8033,0.1996,-0.7579,0.2485,0.6882,0.1484,-0.5326,0.2156,0.8867,0.066,-0.8142,0.0744,6.6608,2.2259,1.2202,0.3342,4.4023,0.9792,1.372,0.2224,1.5143,0.3943,2.125,0.2604,5.4454,0.9641,6.5542,1.2703,51.5777,0.2336,0.0412,2.977,181.0625,39.0228
REACTIVE_examples (167),reactive_tissue,0,145,13.657,0.3021,50.53,6.735,22.1231,12.7059,1.4818,0.5743,19.1743,8.5431,1.4025,0.4455,0.7935,0.2064,-0.718,0.2602,0.6772,0.1721,-0.4446,0.2541,0.8721,0.0754,-1.1298,0.0864,6.6881,2.6181,1.0794,0.3915,4.363,1.2541,0.7639,0.2874,1.5657,0.5829,3.0934,0.3723,5.8566,1.2602,7.21,1.4648,37.9622,0.268,0.0453,2.9189,157.5251,37.8923
REACTIVE_examples (168),reactive_tissue,0,175,16.483,0.3521,42.496,5.832,21.3631,9.2368,1.3413,0.4324,18.4919,6.6089,1.5371,0.3574,0.8248,0.1901,-0.9346,0.2304,0.6926,0.1541,-0.5894,0.2224,0.8946,0.0639,-1.2831,0.0714,6.6004,2.1572,1.2029,0.3268,4.2971,0.8662,0.9118,0.2016,1.544,0.4332,1.7766,0.2805,5.6575,1.1524,6.8151,1.4949,52.266,0.2371,0.0408,2.9654,179.3677,40.0164
REACTIVE_examples (169),reactive_tissue,0,212,19.968,0.3972,38.069,5.944,19.8944,8.5755,1.4158,0.4311,17.6363,6.4216,1.4196,0.3641,0.8385,0.1915,-1.0097,0.2283,0.6537,0.1646,-0.5438,0.2517,0.8897,0.0753,-1.4426,0.0847,6.2036,2.0005,1.1728,0.3225,4.2834,0.9149,1.2094,0.2136,1.4474,0.3491,1.5727,0.2412,5.3555,0.8589,6.3017,1.0036,53.7102,0.2248,0.0407,2.9977,182.5245,38.8188
REACTIVE_examples (17),reactive_tissue,0,130,12.244,0.3109,57.067,7.158,25.3952,15.3925,1.3619,0.6061,22.1157,11.133,1.5911,0.5034,0.7073,0.2157,-0.3899,0.3049,0.7481,0.1457,-0.954,0.1947,0.8473,0.0828,-0.719,0.0977,7.5134,2.8739,1.0674,0.3825,4.527,1.5787,0.4341,0.3487,1.7242,0.5668,2.2931,0.3287,6.3438,1.4467,7.9156,1.8508,40.0615,0.25,0.0442,2.9483,176.5246,36.3403
REACTIVE_examples (170),reactive_tissue,0,145,13.657,0.2932,51.602,6.605,21.4723,12.7476,1.5982,0.5937,18.2708,8.149,1.3948,0.446,0.8298,0.1971,-1.0354,0.2376,0.6742,0.1578,-0.4308,0.2341,0.8918,0.0655,-0.9596,0.0734,6.3771,2.3713,1.1577,0.3718,4.3097,1.2534,0.5478,0.2908,1.4996,0.4006,1.5434,0.2672,5.8182,1.3002,7.3485,1.4873,42.6186,0.2618,0.0439,2.9429,166.513,40.3239
REACTIVE_examples (171),reactive_tissue,0,187,17.613,0.354,40.727,5.717,20.0997,9.0009,1.9297,0.4478,17.4582,5.9891,1.692,0.3431,0.8504,0.1767,-1.1519,0.2077,0.6406,0.1725,-0.1956,0.2693,0.8993,0.0616,-1.2524,0.0685,6.1982,2.076,1.5039,0.3349,4.2825,0.8555,0.7672,0.1998,1.4592,0.4388,2.0496,0.3007,5.3765,0.9921,6.4682,1.2698,49.7506,0.2361,0.0415,2.9984,178.9712,38.7109
REACTIVE_examples (172),reactive_tissue,0,176,16.577,0.357,47.316,7.352,21.5339,11.6213,1.5333,0.5397,18.5247,8.203,1.6089,0.4428,0.8279,0.1994,-1.0548,0.2409,0.6446,0.1657,-0.3042,0.2571,0.8866,0.075,-1.0371,0.0846,6.3394,2.2402,1.0943,0.3534,4.4566,1.3269,1.3361,0.2977,1.4427,0.3751,1.5204,0.26,5.5217,1.1033,6.7955,1.2998,47.0216,0.242,0.0416,2.9888,174.0466,38.6425
REACTIVE_examples (173),reactive_tissue,0,167,15.729,0.3887,47.66,6.299,24.7116,10.6581,1.0582,0.4313,20.259,7.6221,1.5416,0.3762,0.8029,0.1923,-0.8345,0.2394,0.6931,0.1481,-0.5531,0.2137,0.8917,0.0621,-1.0688,0.0696,7.054,2.2472,1.0938,0.3186,4.6438,0.9816,0.5277,0.2114,1.5233,0.3689,1.052,0.2422,5.9854,1.0215,7.0581,1.2152,48.1728,0.2439,0.0415,3.0132,175.2934,39.3528
REACTIVE_examples (174),reactive_tissue,0,165,15.541,0.3515,45.83,6.385,22.6155,10.5749,1.1942,0.4676,19.2003,7.2399,1.4583,0.3771,0.8047,0.1898,-0.7884,0.2359,0.6838,0.1577,-0.6384,0.2307,0.8875,0.0735,-1.4997,0.0828,6.7201,2.2575,1.1977,0.3359,4.4752,1.0677,0.9369,0.2386,1.5067,0.3554,0.9764,0.2359,5.8624,1.195,7.1539,1.4183,48.023,0.2422,0.0411,2.9729,169.2106,39.7523
REACTIVE_examples (175),reactive_tissue,0,158,14.881,0.3196,43.986,6.552,21.4761,9.9492,1.226,0.4633,18.2832,6.6749,1.3106,0.3651,0.8343,0.1851,-0.9225,0.2219,0.6493,0.1705,-0.4054,0.2626,0.8901,0.0687,-1.1981,0.0772,6.3881,2.0645,0.9467,0.3232,4.4289,1.0592,0.8739,0.2392,1.4552,0.3783,1.5193,0.26,5.9766,1.1883,7.1711,1.4113,45.3782,0.2465,0.0426,2.9318,173.117,38.4936
REACTIVE_examples (176),reactive_tissue,0,196,18.461,0.3444,35.062,5.232,18.6586,7.0617,1.3717,0.3785,16.1738,4.4867,1.4549,0.2774,0.893,0.1431,-1.2143,0.1603,0.5986,0.179,-0.0717,0.2991,0.9091,0.053,-0.9783,0.0583,5.7627,1.6972,1.6327,0.2945,4.2275,0.7255,0.5904,0.1716,1.3706,0.3413,1.4657,0.249,5.6341,0.8766,6.67,1.0305,48.8057,0.2453,0.0428,2.935,183.7379,39.3704
REACTIVE_examples (177),reactive_tissue,0,152,14.316,0.3206,46.274,6.23,22.392,10.6451,1.2211,0.4754,19.0186,7.1089,1.2619,0.3738,0.809,0.1952,-0.724,0.2412,0.6776,0.1665,-0.2128,0.2458,0.8838,0.0718,-1.194,0.0813,6.7725,2.4192,1.0703,0.3572,4.4116,1.0348,0.8891,0.2346,1.559,0.5372,2.1762,0.3446,6.0725,1.4227,7.4219,1.6859,44.3161,0.2506,0.0423,2.9371,170.0957,39.2695
REACTIVE_examples (178),reactive_tissue,0,188,17.707,0.3769,41.507,5.897,21.2849,9.9256,3.2342,0.4663,18.1561,6.2085,1.9821,0.342,0.8336,0.1763,-0.899,0.2114,0.6572,0.1702,-0.6153,0.259,0.8923,0.0628,-1.4778,0.0703,6.4075,1.9824,0.9628,0.3094,4.3938,0.9434,2.0366,0.2147,1.4652,0.3652,1.2446,0.2492,5.7181,1.1176,6.7732,1.2619,48.2299,0.2428,0.0413,3.0042,175.7127,39.6708
REACTIVE_examples (179),reactive_tissue,0,186,17.519,0.3861,49.136,6.665,22.0394,11.9706,2.3453,0.5431,18.6334,7.6135,2.2338,0.4086,0.8246,0.1879,-0.9364,0.2279,0.6718,0.1469,-0.1974,0.2187,0.89,0.0682,-1.1699,0.0767,6.5166,2.2098,1.3685,0.3391,4.4452,1.1771,1.2758,0.2648,1.4889,0.4177,1.9916,0.2805,5.6822,1.1209,6.7748,1.1705,52.1369,0.2314,0.0402,3.0269,175.2502,39.7233
REACTIVE_examples (18),reactive_tissue,0,166,15.635,0.4506,57.754,7.384,28.8184,13.916,0.9806,0.4829,24.664,10.4521,1.5039,0.4238,0.659,0.2235,-0.16,0.3391,0.7176,0.1488,-0.6525,0.2074,0.8357,0.0944,-0.98,0.113,7.9759,2.6217,1.1426,0.3287,5.0672,1.3636,0.5549,0.2691,1.6073,0.4407,1.1887,0.2742,6.0228,1.3128,7.2142,1.125,41.839,0.2452,0.0447,3.0804,187.4639,35.6277
REACTIVE_examples (180),reactive_tissue,0,133,12.527,0.3792,61.636,7.405,30.2715,14.9105,0.9254,0.4926,23.3655,9.0681,1.1659,0.3881,0.7343,0.1902,-0.4506,0.2591,0.7307,0.1435,-0.7436,0.1964,0.8678,0.0731,-1.1492,0.0842,8.1032,2.7181,0.8593,0.3354,5.0197,1.3335,0.6688,0.2657,1.6388,0.4568,1.5128,0.2787,6.5251,1.3105,7.9253,1.4358,42.8348,0.2475,0.0421,2.9694,165.9296,38.9212
REACTIVE_examples (181),reactive_tissue,0,178,16.765,0.4438,57.943,7.476,26.4738,14.643,1.8699,0.5531,21.061,9.3283,2.4066,0.4429,0.7862,0.1882,-0.6948,0.2394,0.686,0.1465,-0.5317,0.2136,0.8801,0.0715,-1.2898,0.0813,7.2426,2.6215,1.4777,0.362,4.8516,1.3789,1.6265,0.2842,1.4985,0.3508,1.28,0.2341,5.9076,1.226,7.0729,1.4283,47.2188,0.2402,0.0415,3.0316,179.8458,38.8514
REACTIVE_examples (182),reactive_tissue,0,154,14.505,0.3274,47.914,7.083,22.5739,11.8492,2.4353,0.5249,18.6405,7.3404,2.1934,0.3938,0.8377,0.165,-1.1069,0.197,0.6798,0.1485,-0.6806,0.2185,0.8973,0.0602,-1.5888,0.0671,6.5803,2.141,1.3371,0.3254,4.4806,1.2251,1.8847,0.2734,1.4802,0.3278,1.0508,0.2215,5.9043,1.3814,7.2989,1.5908,48.5172,0.2527,0.0419,2.9455,169.8293,39.5272
REACTIVE_examples (183),reactive_tissue,0,144,13.563,0.2582,37.707,5.791,19.0367,8.7999,2.2636,0.4623,16.2922,5.0083,1.9416,0.3074,0.8856,0.1277,-1.0624,0.1442,0.6166,0.1668,-0.2987,0.2705,0.9077,0.0475,-0.5756,0.0524,5.7463,1.5856,1.4206,0.2759,4.2457,0.9395,0.6432,0.2213,1.3692,0.2775,0.9782,0.2027,5.8544,1.2206,7.3205,1.3691,43.4788,0.2711,0.045,2.8829,169.1124,38.6651
REACTIVE_examples (184),reactive_tissue,0,136,12.809,0.2851,43.877,6.357,22.2584,10.0623,1.5002,0.4521,18.4443,6.3984,1.5432,0.3469,0.842,0.1735,-0.8709,0.206,0.6479,0.1653,-0.242,0.2552,0.8929,0.0623,-1.1996,0.0698,6.5128,2.1084,1.0534,0.3237,4.5052,0.9805,0.9245,0.2176,1.4585,0.418,2.0638,0.2866,6.263,1.3369,7.6766,1.4454,46.3115,0.2604,0.0428,2.9036,168.2218,39.9897
REACTIVE_examples (185),reactive_tissue,0,158,14.881,0.3189,43.272,6.067,21.4279,10.6026,1.9446,0.4948,18.1074,6.4037,1.4369,0.3536,0.8328,0.1744,-0.7924,0.2095,0.6379,0.1874,-0.4166,0.2937,0.8902,0.0633,-1.0652,0.0711,6.3678,2.1323,1.1504,0.3348,4.4129,1.0211,0.661,0.2314,1.4536,0.3826,1.1333,0.2632,5.8871,1.2946,7.2439,1.3833,46.3539,0.2583,0.043,2.9423,166.2917,38.9352
REACTIVE_examples (186),reactive_tissue,0,157,14.787,0.3531,49.514,6.438,23.8771,11.7402,1.2737,0.4917,19.4382,7.2495,1.4107,0.373,0.8183,0.1844,-0.9826,0.2253,0.662,0.179,-0.4475,0.2705,0.8929,0.0677,-1.5731,0.0759,6.862,2.4587,1.3272,0.3583,4.5944,1.1164,0.3134,0.243,1.5077,0.4404,1.6512,0.2921,5.9866,1.1146,7.255,1.2099,47.1974,0.2477,0.0414,2.9558,173.5781,40.3201
REACTIVE_examples (187),reactive_tissue,0,168,15.823,0.35,47.373,6.465,22.1185,11.7464,1.9175,0.5311,18.752,7.2468,1.5314,0.3865,0.8116,0.1759,-0.8423,0.2167,0.6891,0.1611,-0.5478,0.2338,0.8824,0.0648,-1.3006,0.0735,6.6786,2.3528,0.97,0.3523,4.3647,1.1614,1.7982,0.2661,1.5408,0.4155,1.3125,0.2697,5.6175,1.1197,6.8884,1.2139,50.9238,0.2335,0.0407,2.958,176.8183,38.8493
REACTIVE_examples (188),reactive_tissue,0,157,14.787,0.3422,47.346,6.413,23.1412,10.9751,1.2934,0.4743,19.6076,7.3361,1.3882,0.3741,0.7892,0.1859,-0.6429,0.2355,0.714,0.1507,-0.7788,0.211,0.8778,0.066,-0.905,0.0752,6.9546,2.2813,1.1311,0.328,4.4288,1.0691,0.7273,0.2414,1.5827,0.3948,1.0989,0.2494,5.8699,1.2196,7.3073,1.3408,52.0662,0.2416,0.0414,2.9715,177.9438,39.4864
REACTIVE_examples (189),reactive_tissue,0,145,13.657,0.3359,47.497,6.728,24.5937,10.8692,0.9283,0.442,20.1089,6.7977,0.955,0.338,0.7892,0.1799,-0.4958,0.228,0.6911,0.1625,-0.6625,0.2351,0.8797,0.0699,-1.4719,0.0795,7.1022,2.1779,0.6587,0.3067,4.6597,1.1228,0.6562,0.241,1.5502,0.4404,1.8449,0.2841,6.1226,1.527,7.4412,1.6195,51.9758,0.2419,0.0406,2.955,172.3075,40.0168
REACTIVE_examples (19),reactive_tissue,0,176,16.577,0.434,48.045,7.009,26.1783,10.5918,0.8964,0.4046,22.3746,8.2211,1.3799,0.3674,0.7191,0.2126,-0.5368,0.2956,0.6958,0.1427,-0.688,0.2051,0.8614,0.0801,-1.1887,0.093,7.3629,2.0559,0.9929,0.2792,4.9365,1.2091,0.4438,0.2449,1.5239,0.3826,1.607,0.2511,5.9211,1.1339,7.077,0.9614,39.2887,0.261,0.0459,3.0192,183.4617,35.0886
REACTIVE_examples (190),reactive_tissue,0,187,17.613,0.399,51.887,6.596,22.6514,12.4814,2.0635,0.551,19.2969,8.0683,1.7321,0.4181,0.8035,0.1946,-0.8743,0.2422,0.7017,0.1503,-0.669,0.2143,0.886,0.0685,-1.2401,0.0773,6.8193,2.5356,1.59,0.3718,4.3902,1.1106,1.3208,0.253,1.5557,0.412,1.4888,0.2648,5.5427,1.1693,6.7504,1.2224,53.1474,0.2321,0.0401,3.0241,175.7892,39.7721
REACTIVE_examples (191),reactive_tissue,0,153,14.411,0.3146,41.738,6.14,21.8335,9.6168,0.7832,0.4405,18.4945,6.1031,1.1351,0.33,0.8175,0.1721,-0.8109,0.2105,0.6925,0.155,-0.4514,0.2238,0.8856,0.0654,-1.4688,0.0738,6.6248,2.0768,1.1639,0.3135,4.3525,1.0315,0.4859,0.237,1.5586,0.4909,2.4931,0.315,5.8757,1.2164,7.226,1.45,48.6392,0.2463,0.0418,2.9541,176.3763,39.7524
REACTIVE_examples (192),reactive_tissue,0,150,14.128,0.3517,56.06,6.96,24.8969,13.494,1.3277,0.542,20.1965,8.7777,1.8801,0.4346,0.799,0.1844,-1.0526,0.2308,0.7209,0.1365,-0.5171,0.1893,0.885,0.0692,-1.3309,0.0782,7.1527,2.5776,1.1332,0.3604,4.5391,1.2877,0.9479,0.2837,1.5962,0.4272,1.5116,0.2676,6.0987,1.1995,7.5287,1.5538,51.2597,0.234,0.0398,2.9845,170.0556,41.321
REACTIVE_examples (193),reactive_tissue,0,180,16.954,0.3878,44.354,6.02,22.8751,9.876,1.4876,0.4317,19.0245,6.5342,1.7034,0.3435,0.8242,0.1743,-0.878,0.2115,0.6743,0.17,-0.5103,0.2521,0.8938,0.0574,-1.1474,0.0642,6.7592,2.2002,1.267,0.3255,4.4799,0.8853,0.973,0.1976,1.5144,0.4075,1.3318,0.2691,5.6518,1.0798,6.851,1.1071,58.6268,0.2214,0.0396,3.0512,180.5391,41.0819
REACTIVE_examples (194),reactive_tissue,0,110,10.361,0.2753,62.903,6.897,26.5693,15.963,1.4152,0.6008,22.4581,9.8563,1.448,0.4389,0.6942,0.2142,-0.103,0.3086,0.737,0.1497,-0.759,0.2031,0.8457,0.0873,-0.6794,0.1032,7.6775,3.0431,1.6741,0.3964,4.659,1.3336,-0.2174,0.2863,1.6906,0.5775,3.1932,0.3416,6.6574,1.6729,8.5995,1.7643,40.6775,0.2612,0.0443,3.0004,147.8371,40.1434
REACTIVE_examples (195),reactive_tissue,0,159,14.976,0.3511,43.603,6.271,23.4424,9.4834,0.8876,0.4045,19.6256,6.3257,0.9199,0.3223,0.7965,0.1834,-0.7061,0.2303,0.6867,0.1545,-0.8201,0.225,0.8859,0.0667,-1.1839,0.0753,6.8478,1.9704,0.6775,0.2877,4.5737,0.9647,0.6854,0.2109,1.5084,0.3713,1.8333,0.2462,6.0236,1.0209,7.3478,1.2534,45.6122,0.2483,0.0418,2.9747,173.549,39.8369
REACTIVE_examples (196),reactive_tissue,0,151,14.222,0.3589,56.378,7.048,25.2323,13.4721,1.7642,0.5339,20.4274,8.5103,1.721,0.4166,0.7999,0.1903,-0.8438,0.2379,0.6918,0.1584,-0.6462,0.2289,0.8877,0.0625,-1.2498,0.0704,7.1592,2.5954,1.206,0.3625,4.6559,1.2004,1.4153,0.2578,1.5466,0.4488,2.4249,0.2902,6.1642,1.289,7.4273,1.2672,49.07,0.2442,0.0417,2.9694,177.5895,39.7524
REACTIVE_examples (197),reactive_tissue,0,180,16.954,0.3703,42.943,5.543,21.8395,9.8267,1.4044,0.45,18.4193,6.1688,1.216,0.3349,0.8297,0.1715,-0.9034,0.2067,0.679,0.1506,-0.3928,0.2218,0.8926,0.0592,-1.4598,0.0664,6.5977,2.2813,1.3463,0.3458,4.3726,0.8499,1.1701,0.1944,1.5054,0.4251,2.3333,0.2824,5.6734,1.2537,6.8616,1.4415,52.5687,0.2352,0.0403,2.9958,177.3761,40.1149
REACTIVE_examples (198),reactive_tissue,0,151,14.222,0.3052,42.452,6.273,21.4613,9.8043,1.2472,0.4568,18.1446,6.5025,1.2099,0.3584,0.8411,0.1805,-1.0334,0.2146,0.6483,0.1521,-0.0257,0.2346,0.8952,0.0688,-1.3657,0.0769,6.3598,2.0849,0.906,0.3278,4.4371,0.9914,0.6166,0.2234,1.4399,0.3803,1.833,0.2641,5.9603,1.2937,7.2834,1.395,48.7435,0.2597,0.0419,2.9226,169.2477,41.3075
REACTIVE_examples (199),reactive_tissue,0,170,16.012,0.3745,48.718,6.973,23.388,11.3686,1.2201,0.4861,19.8054,7.5311,1.0826,0.3803,0.7879,0.2016,-0.5392,0.2558,0.6952,0.1596,-0.6662,0.2296,0.8766,0.0749,-0.9487,0.0854,6.9209,2.2689,0.8652,0.3278,4.5334,1.2256,0.9833,0.2704,1.5521,0.4083,1.0787,0.263,5.879,1.2752,6.9155,1.294,50.4118,0.2562,0.0424,2.9752,177.0512,40.3137
REACTIVE_examples (2),reactive_tissue,0,131,12.338,0.3916,72.987,8.303,31.7352,19.5064,1.6152,0.6147,25.9059,13.8314,2.0294,0.5339,0.6727,0.2313,-0.2287,0.3439,0.7223,0.1616,-0.8692,0.2238,0.8392,0.089,-0.827,0.106,8.38,3.6728,2.6633,0.4383,5.1826,1.682,0.8401,0.3245,1.6344,0.449,1.2878,0.2747,6.293,1.439,7.9111,1.4453,38.4867,0.2609,0.045,3.0569,178.7303,36.8645
REACTIVE_examples (20),reactive_tissue,0,185,17.424,0.4697,52.209,7.028,26.9578,11.9465,0.9261,0.4432,23.1176,9.4929,1.5007,0.4106,0.7032,0.2194,-0.4264,0.312,0.7039,0.1546,-0.8138,0.2196,0.8584,0.0824,-1.1848,0.096,7.6145,2.5285,1.3426,0.3321,4.9121,1.1734,0.9067,0.2389,1.5648,0.4168,1.551,0.2664,5.8757,0.9817,6.9406,1.0213,42.8647,0.2473,0.0448,3.0628,188.2293,35.9137
REACTIVE_examples (200),reactive_tissue,0,160,15.07,0.3417,46.843,6.789,22.6769,10.8259,1.8141,0.4774,19.1142,7.2617,2.0088,0.3799,0.8141,0.1859,-0.685,0.2284,0.6618,0.1595,-0.3407,0.241,0.8884,0.0683,-0.8944,0.0768,6.6525,2.183,1.1149,0.3281,4.5498,1.0775,1.5847,0.2368,1.4706,0.3777,1.4131,0.2568,5.6572,1.1144,7.0311,1.3612,53.905,0.2496,0.0412,2.9696,172.9738,40.7422
REACTIVE_examples (201),reactive_tissue,0,143,13.469,0.3126,49.063,6.513,23.2079,11.744,1.2405,0.506,19.3032,7.4499,1.3051,0.3859,0.8052,0.1804,-0.7368,0.2241,0.6858,0.1642,-0.6087,0.2394,0.8843,0.0645,-1.5225,0.0729,6.799,2.3328,1.102,0.3431,4.4791,1.1223,0.3687,0.2506,1.542,0.4676,2.8666,0.3033,6.2272,1.4275,7.6063,1.5549,43.4957,0.2764,0.0444,2.964,155.3145,39.6642
REACTIVE_examples (202),reactive_tissue,0,149,14.034,0.3163,46.34,6.281,22.5389,10.6786,1.32,0.4738,18.6118,6.8751,1.4998,0.3694,0.8412,0.1788,-1.0781,0.2126,0.692,0.1456,-0.5428,0.2104,0.9022,0.063,-1.5641,0.0698,6.679,2.1904,1.0121,0.328,4.3967,0.9981,1.1368,0.227,1.5283,0.4167,1.9167,0.2727,6.0439,1.2266,7.3563,1.3901,44.848,0.2836,0.0462,2.9541,156.0135,37.693
REACTIVE_examples (203),reactive_tissue,0,186,17.519,0.3597,41.307,6.068,20.5298,9.3459,1.3336,0.4552,17.9016,6.2936,1.5297,0.3516,0.8296,0.1813,-0.9254,0.2185,0.6618,0.1592,-0.3237,0.2405,0.8916,0.0621,-0.9703,0.0696,6.2895,2.038,1.4201,0.324,4.3032,0.9805,1.0093,0.2279,1.4771,0.4115,2.016,0.2786,5.6616,0.9598,6.7167,1.1579,47.6298,0.2439,0.0414,3.0006,173.343,39.0653
REACTIVE_examples (204),reactive_tissue,0,147,13.845,0.3208,59.149,7.715,23.1724,15.3233,1.8022,0.6613,20.5455,10.6468,1.6707,0.5182,0.7452,0.2186,-0.4553,0.2933,0.7547,0.1457,-0.7095,0.193,0.8627,0.0846,-1.1386,0.0981,7.2656,2.9763,1.1885,0.4096,4.2559,1.6521,1.5112,0.3882,1.7706,0.5817,1.2164,0.3285,6.0613,1.2855,7.5612,1.2684,51.0929,0.2647,0.0441,2.8969,177.2528,39.8283
REACTIVE_examples (205),reactive_tissue,0,151,14.222,0.416,59.817,7.562,29.2498,14.5722,1.1255,0.4982,24.6007,10.701,1.5449,0.435,0.6719,0.2243,-0.2701,0.3338,0.7072,0.1446,-0.615,0.2045,0.848,0.0944,-1.403,0.1113,7.8525,2.5477,1.2156,0.3244,5.1397,1.4224,0.2792,0.2767,1.5666,0.4296,1.9076,0.2742,6.2477,1.5823,7.5768,1.4831,40.5881,0.2547,0.0443,3.0109,177.5767,36.0153
REACTIVE_examples (206),reactive_tissue,0,97,9.136,0.2165,54.953,7.867,23.6926,15.0411,0.8735,0.6348,19.4925,8.7483,0.7681,0.4488,0.7802,0.1869,-0.6277,0.2395,0.6853,0.1635,-0.7063,0.2386,0.8683,0.0767,-1.0336,0.0883,6.6305,2.2368,0.2816,0.3374,4.5516,1.7996,0.6475,0.3954,1.5327,0.4257,1.7156,0.2777,6.6463,1.719,8.5269,2.0127,45.1976,0.264,0.0439,2.9637,166.7944,37.7562
REACTIVE_examples (207),reactive_tissue,0,149,14.034,0.3768,52.717,6.614,26.8477,12.0418,0.914,0.4485,22.1285,8.1899,1.0326,0.3701,0.7403,0.2135,-0.4047,0.2884,0.7064,0.159,-0.5966,0.225,0.8707,0.0777,-1.0788,0.0892,7.5865,2.5559,1.2625,0.3369,4.8173,1.1673,0.5469,0.2423,1.6025,0.4765,1.3025,0.2973,6.2939,1.1484,7.5634,1.3813,40.9441,0.257,0.0448,3.0022,179.6897,35.929
REACTIVE_examples (208),reactive_tissue,0,186,17.519,0.4499,50.227,6.851,25.6798,11.8507,0.8892,0.4615,22.0957,9.2631,1.3115,0.4192,0.7339,0.2313,-0.5129,0.3151,0.6876,0.1512,-0.6505,0.2199,0.8643,0.0834,-1.2203,0.0965,7.242,2.3253,0.7,0.3211,4.8306,1.1933,0.4331,0.247,1.5098,0.3685,1.5532,0.2441,5.7718,1.0185,6.8533,0.9682,41.3518,0.2563,0.0455,3.042,187.5736,35.5337
REACTIVE_examples (209),reactive_tissue,0,175,16.483,0.4015,49.879,6.746,24.3582,12.0744,2.1162,0.4957,21.3611,10.2967,3.0169,0.482,0.7492,0.2214,-0.7831,0.2955,0.6862,0.1461,-0.9267,0.2129,0.8645,0.0881,-1.3918,0.1019,7.0343,2.4628,2.5523,0.3501,4.7453,1.1838,1.01,0.2495,1.4864,0.32,1.2754,0.2153,5.7136,0.9748,6.8146,0.9746,49.4689,0.2363,0.0427,3.0586,185.331,36.9223
REACTIVE_examples (21),reactive_tissue,0,184,17.33,0.4493,51.207,6.872,25.9244,11.8059,1.5136,0.4554,22.3036,9.0879,1.8444,0.4075,0.7203,0.2221,-0.5595,0.3083,0.7,0.1623,-0.7874,0.2319,0.8611,0.0931,-1.2888,0.1081,7.445,2.385,1.6425,0.3204,4.8257,1.1689,0.8624,0.2422,1.5676,0.418,1.1315,0.2666,5.9765,1.0265,6.9355,1.0219,40.6838,0.2457,0.0447,3.0454,186.6545,35.1535
REACTIVE_examples (210),reactive_tissue,0,178,16.765,0.4124,45.153,6.084,24.5979,10.1382,0.7495,0.4122,20.8806,7.4292,1.1022,0.3558,0.7592,0.2029,-0.6514,0.2672,0.7116,0.1441,-0.7781,0.2025,0.8732,0.0777,-1.1747,0.089,7.2347,2.306,1.0729,0.3187,4.6378,0.9997,0.5186,0.2156,1.5671,0.394,1.4067,0.2514,5.8272,0.9782,7.001,1.0973,41.6655,0.2473,0.0448,3.0381,187.091,34.9253
REACTIVE_examples (211),reactive_tissue,0,186,17.519,0.4284,44.826,6.017,24.4523,10.4299,0.6467,0.4265,20.7028,7.7789,1.3527,0.3757,0.7701,0.2134,-0.7354,0.2771,0.6917,0.1652,-0.5294,0.2389,0.8754,0.0868,-1.9422,0.0991,7.1721,2.3591,1.167,0.3289,4.6505,1.0938,0.2386,0.2352,1.5757,0.4987,1.8724,0.3165,5.7986,1.0741,6.836,1.0689,43.2823,0.2414,0.0441,3.0774,186.4237,35.0041
REACTIVE_examples (212),reactive_tissue,0,183,17.236,0.4478,52.766,6.91,25.9806,12.2514,1.352,0.4716,21.7911,9.7124,1.8122,0.4457,0.763,0.2209,-0.8956,0.2895,0.6835,0.1582,-0.6318,0.2315,0.8795,0.0795,-1.5297,0.0904,7.2617,2.5101,1.4663,0.3457,4.8209,1.2027,0.878,0.2495,1.5223,0.4164,1.73,0.2735,5.8679,0.8655,6.8873,1.014,43.6746,0.2428,0.0444,3.0579,189.4514,35.1994
REACTIVE_examples (213),reactive_tissue,0,183,17.236,0.4418,48.969,6.872,25.6313,11.0323,1.0863,0.4304,22.0796,7.9793,1.1462,0.3614,0.7157,0.2214,-0.3255,0.3093,0.6749,0.1638,-0.5875,0.2427,0.8638,0.0857,-1.2942,0.0993,7.2109,2.0454,0.8268,0.2836,4.8798,1.1151,0.4774,0.2285,1.5111,0.4362,2.5158,0.2887,5.7861,0.8864,6.8673,0.8836,47.8481,0.2356,0.0432,3.0662,187.3564,35.9243
REACTIVE_examples (214),reactive_tissue,0,163,15.352,0.3835,46.614,6.777,24.9818,10.378,0.7451,0.4154,22.3123,8.462,1.1963,0.3793,0.6959,0.2259,-0.2705,0.3247,0.6742,0.15,-0.3625,0.2225,0.8595,0.0914,-1.956,0.1064,7.1269,2.1921,1.6154,0.3076,4.8655,1.1575,0.4511,0.2379,1.4857,0.3814,1.7431,0.2567,5.9941,1.2108,7.0701,1.2417,57.4745,0.2135,0.0394,3.0889,177.1088,37.313
REACTIVE_examples (215),reactive_tissue,0,154,14.505,0.3732,55.519,7.339,25.7328,14.3905,1.1818,0.5592,25.2176,12.4757,1.445,0.4947,0.5954,0.243,0.0823,0.4081,0.7123,0.1591,-1.1335,0.2234,0.8113,0.0964,-0.6738,0.1188,7.615,2.8434,1.3396,0.3734,4.8814,1.5345,0.4523,0.3144,1.5951,0.436,1.4246,0.2733,5.9553,1.3251,7.3377,1.3765,50.5791,0.2205,0.0407,3.0948,172.8914,36.7115
REACTIVE_examples (216),reactive_tissue,0,114,10.737,0.3009,69.775,7.029,28.0203,17.9233,1.4623,0.6397,22.5735,10.7403,1.3365,0.4758,0.732,0.2097,-0.4503,0.2865,0.7226,0.1458,-0.51,0.2018,0.8617,0.0801,-1.0175,0.0929,7.7735,3.3878,1.5062,0.4358,4.7792,1.4752,0.5446,0.3087,1.653,0.5763,2.5314,0.3487,6.9184,1.8586,8.3914,2.2646,37.8568,0.2815,0.0454,2.9038,167.7875,38.6426
REACTIVE_examples (217),reactive_tissue,0,152,14.316,0.3746,51.842,6.982,26.1688,12.2501,0.9461,0.4681,21.027,7.2421,1.2212,0.3444,0.7689,0.1912,-0.6819,0.2487,0.6764,0.1765,-0.5803,0.2609,0.8779,0.0708,-1.238,0.0807,7.248,2.2144,0.6883,0.3055,4.822,1.2852,0.7296,0.2665,1.5474,0.4745,1.5004,0.3067,6.0035,1.183,7.2486,1.3372,35.9688,0.291,0.0476,2.9712,179.7675,36.5672
REACTIVE_examples (218),reactive_tissue,0,167,15.729,0.3942,53.448,7.211,25.0626,12.3694,1.292,0.4935,21.0177,8.9215,1.6472,0.4245,0.7689,0.2138,-0.7095,0.2781,0.6692,0.1762,-0.607,0.2633,0.881,0.0754,-1.0004,0.0856,7.066,2.4099,1.2173,0.3411,4.7417,1.2456,0.7292,0.2627,1.5139,0.4285,1.6035,0.283,6.042,1.3874,7.1868,1.5344,37.6218,0.2783,0.049,2.9808,191.3073,34.6795
REACTIVE_examples (219),reactive_tissue,0,120,11.302,0.2956,62.404,7.006,26.1502,15.9904,1.4429,0.6115,20.6793,9.1098,1.2054,0.4405,0.7917,0.1955,-0.765,0.2469,0.6885,0.1758,-0.601,0.2553,0.8823,0.0709,-1.3074,0.0804,7.2494,2.9574,1.2503,0.408,4.6619,1.3986,0.361,0.3,1.5812,0.4867,1.3879,0.3078,6.4855,1.3994,8.157,1.7817,50.1871,0.2551,0.0435,2.9108,178.0023,38.8965
REACTIVE_examples (22),reactive_tissue,0,182,17.142,0.4713,54.927,7.316,27.4917,12.8692,1.5982,0.4681,23.6686,9.9538,2.1025,0.4205,0.6849,0.2167,-0.33,0.3165,0.7069,0.145,-0.5534,0.2052,0.8517,0.0823,-0.9335,0.0967,7.6774,2.3752,1.131,0.3094,4.982,1.2405,1.1317,0.249,1.5672,0.4374,2.4387,0.2791,5.9319,1.1204,6.9979,1.2193,41.1533,0.2439,0.0445,3.0553,187.3165,35.6865
REACTIVE_examples (220),reactive_tissue,0,182,17.142,0.3845,45.361,6.565,22.4296,10.8496,0.7705,0.4837,18.8926,7.6085,1.2787,0.4027,0.8246,0.1972,-1.0676,0.2392,0.6585,0.1562,-0.5244,0.2372,0.8939,0.0672,-1.3716,0.0751,6.4815,2.1341,0.7831,0.3293,4.5184,1.1934,0.3757,0.2641,1.4451,0.3296,1.2906,0.2281,5.7726,1.0096,6.811,1.0988,39.3012,0.2762,0.0473,2.9852,187.5391,36.0441
REACTIVE_examples (221),reactive_tissue,0,185,17.424,0.411,46.741,6.156,23.5894,11.0298,1.1101,0.4676,20.3012,8.5757,1.4516,0.4224,0.782,0.2199,-0.8737,0.2813,0.6701,0.1738,-0.4728,0.2593,0.879,0.0834,-1.869,0.0949,6.8801,2.3098,1.0537,0.3357,4.6204,1.2105,0.2735,0.262,1.5259,0.4594,1.5776,0.3011,5.7254,1.1393,6.9077,1.2782,40.2641,0.2666,0.0459,3.0508,184.5756,36.1324
REACTIVE_examples (222),reactive_tissue,0,163,15.352,0.396,56.31,7.269,25.7957,14.2269,1.5016,0.5515,21.5575,10.1451,1.8456,0.4706,0.7571,0.216,-0.6893,0.2853,0.6892,0.1575,-0.6414,0.2285,0.8702,0.0788,-1.1965,0.0905,7.2417,2.7255,1.3805,0.3764,4.7687,1.3472,0.7725,0.2825,1.5264,0.3791,1.0289,0.2484,5.9383,1.1508,7.1676,1.2243,39.743,0.2696,0.0468,3.0106,186.9845,35.4771
REACTIVE_examples (223),reactive_tissue,0,150,14.128,0.3835,58.133,6.96,27.1426,13.8666,1.1652,0.5109,22.1466,8.8772,1.2801,0.4008,0.7338,0.1989,-0.4034,0.271,0.7071,0.1481,-0.6597,0.2095,0.8647,0.0745,-0.8693,0.0861,7.5073,2.5419,0.8805,0.3386,4.8502,1.2651,0.3417,0.2608,1.5626,0.3986,1.4575,0.2551,6.1192,1.1684,7.425,1.2713,42.3043,0.2847,0.0462,2.9404,178.0693,38.2872
REACTIVE_examples (224),reactive_tissue,0,148,13.94,0.3763,58.19,7.037,26.9976,14.6181,1.5702,0.5415,22.3523,10.0047,1.51,0.4476,0.7409,0.2151,-0.5672,0.2903,0.7116,0.1449,-0.7038,0.2036,0.866,0.0752,-1.1028,0.0869,7.5528,2.8135,1.2303,0.3725,4.8099,1.3346,1.2138,0.2775,1.5794,0.4386,2.0756,0.2777,6.0712,1.0495,7.3911,1.1225,44.4383,0.2658,0.0448,2.9746,178.3419,38.2664
REACTIVE_examples (225),reactive_tissue,0,155,14.599,0.3892,55.717,6.828,26.6561,13.9914,0.9651,0.5249,22.2045,9.8243,1.4576,0.4424,0.7293,0.203,-0.4364,0.2783,0.7209,0.1633,-0.834,0.2265,0.8621,0.0695,-1.2615,0.0807,7.6757,3.0363,1.151,0.3956,4.6986,1.3475,0.5668,0.2868,1.6526,0.5115,1.6791,0.3095,5.9946,1.3148,7.3672,1.3635,42.2632,0.2708,0.0456,3.0039,172.1251,36.8963
REACTIVE_examples (226),reactive_tissue,0,174,16.388,0.4437,55.04,7.476,27.0727,13.1546,1.1276,0.4859,22.7522,9.7111,1.6865,0.4268,0.7162,0.2115,-0.2448,0.2953,0.7088,0.1518,-0.6607,0.2141,0.8564,0.0809,-0.9731,0.0945,7.6608,2.7355,1.1036,0.3571,4.8802,1.3659,1.3394,0.2799,1.5891,0.4477,1.303,0.2818,5.7035,0.9614,6.8397,1.0637,47.8929,0.2547,0.0444,3.0503,184.8207,37.6198
REACTIVE_examples (227),reactive_tissue,0,176,16.577,0.4507,62.434,7.735,27.187,15.427,2.1528,0.5674,21.9868,9.8986,1.8692,0.4502,0.7601,0.2043,-0.5539,0.2688,0.7004,0.1557,-0.6169,0.2223,0.873,0.0699,-0.8942,0.0801,7.5061,2.8218,1.5531,0.3759,4.8416,1.3528,1.1845,0.2794,1.5582,0.4025,1.1348,0.2583,5.8487,1.1211,6.9894,1.2207,39.1034,0.2894,0.0487,2.9614,186.6612,36.1921
REACTIVE_examples (228),reactive_tissue,0,168,15.823,0.4525,64.849,7.356,28.595,15.8754,1.3312,0.5552,23.1305,10.1681,1.1171,0.4396,0.7241,0.2113,-0.3467,0.2919,0.7207,0.1675,-1.038,0.2324,0.8618,0.0758,-0.6161,0.088,7.9415,3.0813,1.1055,0.388,4.8768,1.3477,0.5878,0.2764,1.6338,0.4474,1.1619,0.2739,5.934,1.2757,7.1307,1.2223,39.8054,0.2899,0.0498,2.9309,191.3037,36.1191
REACTIVE_examples (229),reactive_tissue,0,157,14.787,0.3411,50.295,6.992,23.0644,12.4208,1.2459,0.5385,20.0024,8.3688,1.1877,0.4184,0.7636,0.2001,-0.628,0.2621,0.7228,0.1449,-0.9299,0.2005,0.873,0.0742,-1.0856,0.085,6.9511,2.3157,0.8192,0.3331,4.4263,1.3659,1.1694,0.3086,1.5993,0.3968,1.037,0.2481,5.9264,1.1834,7.1466,1.2503,45.5468,0.2726,0.0448,2.9598,168.9118,38.1116
REACTIVE_examples (23),reactive_tissue,0,169,15.918,0.4022,47.71,6.725,25.2706,10.9892,0.6321,0.4349,22.6964,8.3885,0.7635,0.3696,0.6758,0.2247,-0.1712,0.3325,0.7024,0.1431,-0.6722,0.2037,0.8392,0.092,-0.8328,0.1096,7.3136,2.1599,0.8231,0.2953,4.8275,1.1819,0.1755,0.2448,1.5405,0.3803,1.3943,0.2469,5.7274,1.1228,7.0053,1.16,45.3233,0.219,0.042,3.1045,181.0176,35.5554
REACTIVE_examples (230),reactive_tissue,0,148,13.94,0.378,53.14,7.365,27.1191,13.1879,0.6719,0.4863,24.8803,11.5199,1.3929,0.463,0.6334,0.2438,-0.0772,0.3849,0.7039,0.1476,-0.5187,0.2096,0.8282,0.1013,-0.6998,0.1224,7.6104,2.3572,0.815,0.3097,5.0242,1.4663,0.1224,0.2919,1.564,0.4239,1.5269,0.271,6.1027,1.4346,7.5199,1.4051,49.8171,0.226,0.0406,3.0693,172.1245,37.3694
REACTIVE_examples (231),reactive_tissue,0,89,8.383,0.2172,62.963,8.232,25.9127,17.3724,1.0199,0.6704,21.7164,11.0173,0.8432,0.5073,0.7248,0.2163,-0.4799,0.2984,0.6975,0.1691,-0.8069,0.2425,0.8621,0.0743,-1.2755,0.0862,7.1128,2.73,0.5124,0.3838,4.7043,1.9087,0.5405,0.4057,1.5916,0.5168,2.2749,0.3247,7.265,2.4654,9.0711,3.0041,49.0034,0.247,0.0417,2.9873,161.642,39.2746
REACTIVE_examples (232),reactive_tissue,0,75,7.064,0.0936,32.666,4.985,13.2462,9.0755,2.347,0.6851,13.684,6.0478,1.4838,0.442,0.8586,0.1699,-1.0034,0.1979,0.7013,0.175,-0.4162,0.2496,0.8864,0.0678,-0.9098,0.0765,5.2245,2.1792,1.5109,0.4171,3.2517,1.0426,0.8064,0.3206,1.6535,0.592,1.5436,0.358,7.0125,2.9538,9.6539,3.0972,58.8007,0.2381,0.0419,2.6992,166.6279,40.2607
REACTIVE_examples (233),reactive_tissue,0,131,12.338,0.3619,67.183,7.874,29.3284,17.6932,1.7638,0.6033,24.5246,11.5487,1.7579,0.4709,0.6622,0.2094,-0.0615,0.3162,0.7534,0.1484,-0.6787,0.1969,0.8433,0.0849,-0.619,0.1007,8.272,2.9942,0.8814,0.362,4.8561,1.7124,0.9106,0.3526,1.8034,0.7085,2.2096,0.3929,6.2854,1.4118,7.7486,1.4937,38.5026,0.2629,0.0449,2.9753,172.5428,36.9837
REACTIVE_examples (234),reactive_tissue,0,185,17.424,0.4537,52.432,6.906,26.0382,12.1646,1.0292,0.4672,22.324,9.3673,1.1986,0.4196,0.7291,0.2279,-0.5732,0.3126,0.6971,0.1516,-0.7405,0.2174,0.8648,0.0849,-1.3273,0.0981,7.3639,2.4682,0.9757,0.3352,4.8335,1.2048,0.6349,0.2493,1.5283,0.3544,1.1731,0.2319,5.7873,1.0837,6.8321,1.1246,45.3764,0.2354,0.0437,3.0755,188.1884,35.4085
REACTIVE_examples (235),reactive_tissue,0,188,17.707,0.4511,50.973,6.825,25.4753,11.1344,1.5009,0.4371,21.8129,8.5939,1.9021,0.394,0.7362,0.2157,-0.6024,0.293,0.6857,0.1533,-0.4928,0.2235,0.8622,0.0871,-1.0078,0.101,7.2642,2.2862,1.361,0.3147,4.8437,1.1313,1.1157,0.2336,1.5192,0.3992,1.4838,0.2628,5.7162,1.0067,6.7428,1.0436,51.3907,0.225,0.0414,3.0859,184.3502,36.4761
REACTIVE_examples (236),reactive_tissue,0,183,17.236,0.441,50.806,6.596,25.5874,11.0461,1.3016,0.4317,22.1868,8.8265,1.6558,0.3978,0.7261,0.2274,-0.5808,0.3132,0.6872,0.1563,-0.5992,0.2275,0.8684,0.0878,-1.3788,0.1011,7.2975,2.3114,1.3608,0.3167,4.8259,1.0395,0.5041,0.2154,1.5265,0.4076,1.5449,0.267,5.8297,0.9798,6.8406,1.032,46.5641,0.2322,0.0435,3.0966,189.9847,34.7922
REACTIVE_examples (237),reactive_tissue,0,188,17.707,0.4272,43.456,6.125,24.1269,9.328,1.0723,0.3866,20.8683,7.5564,1.7419,0.3621,0.7562,0.2164,-0.6486,0.2862,0.6768,0.167,-0.6878,0.2468,0.8749,0.0839,-1.3714,0.0959,7.0472,2.18,1.3536,0.3093,4.7044,0.9599,0.16,0.204,1.5119,0.4041,1.5762,0.2673,5.7079,0.903,6.7942,0.9266,51.6543,0.2239,0.042,3.0934,188.2446,36.2764
REACTIVE_examples (238),reactive_tissue,0,182,17.142,0.4137,45.06,6.225,24.1352,9.9314,1.2565,0.4115,21.2493,8.1509,1.7757,0.3836,0.7401,0.2203,-0.5922,0.2976,0.6938,0.1441,-0.4285,0.2077,0.8643,0.0859,-1.2744,0.0994,7.1407,2.3673,1.7108,0.3315,4.6853,0.9565,0.84,0.2041,1.5305,0.4072,1.6425,0.266,5.7489,1.0748,6.835,1.1109,48.7549,0.2327,0.0421,3.0852,183.6746,36.9164
REACTIVE_examples (239),reactive_tissue,0,178,16.765,0.4252,46.611,6.877,25.3635,10.6173,0.687,0.4186,22.9615,9.5023,1.0686,0.4138,0.6924,0.2434,-0.309,0.3516,0.6785,0.1686,-0.4916,0.2484,0.8531,0.094,-1.0286,0.1102,7.3579,2.4114,1.0112,0.3277,4.8585,1.2198,0.6994,0.2511,1.5485,0.5032,2.0511,0.325,5.7607,1.1781,6.9446,1.1321,50.1941,0.2302,0.042,3.0844,185.6365,36.7685
REACTIVE_examples (24),reactive_tissue,0,180,16.954,0.4197,52.148,6.843,24.7537,12.3436,1.3544,0.4987,22.5727,9.417,1.4279,0.4172,0.6707,0.221,-0.1385,0.3295,0.7172,0.1414,-0.8419,0.1972,0.8292,0.1005,-0.7708,0.1212,7.3905,2.5061,1.3766,0.3391,4.7303,1.2597,0.6305,0.2663,1.5851,0.4178,1.56,0.2636,5.7938,1.0213,6.983,1.2559,50.9269,0.2077,0.0408,3.1282,181.7618,35.3266
REACTIVE_examples (240),reactive_tissue,0,163,15.352,0.3748,51.78,7.035,24.4158,13.1213,1.2825,0.5374,22.5452,10.2957,1.414,0.4567,0.6707,0.2307,-0.2309,0.3439,0.7094,0.1504,-0.573,0.212,0.8271,0.0957,-0.6649,0.1157,7.2448,2.3902,0.8068,0.3299,4.6896,1.4021,0.349,0.299,1.5992,0.4905,1.9008,0.3067,5.8193,1.1947,7.1077,1.3053,43.4518,0.2401,0.0432,3.0725,171.6118,35.9507
REACTIVE_examples (241),reactive_tissue,0,131,12.338,0.2955,45.872,6.3,23.9479,12.3574,0.5071,0.516,21.4023,8.6633,0.7796,0.4048,0.6899,0.2064,-0.3232,0.2992,0.7439,0.1498,-0.9373,0.2013,0.8397,0.088,-0.8834,0.1048,7.3025,2.3249,0.5749,0.3184,4.439,1.4208,-0.1131,0.3201,1.7442,0.6563,2.4258,0.3763,6.176,1.6922,7.8482,1.7743,43.2369,0.2412,0.0434,3.0686,174.4382,35.6668
REACTIVE_examples (242),reactive_tissue,0,164,15.447,0.3756,47.722,6.564,24.3147,11.2203,0.9528,0.4615,21.6402,9.3944,1.6623,0.4341,0.7238,0.2275,-0.6326,0.3143,0.6896,0.1675,-0.7663,0.2428,0.8566,0.0901,-1.2736,0.1052,7.1282,2.497,2.3619,0.3503,4.6993,1.257,0.0546,0.2675,1.5574,0.4637,1.9057,0.2978,5.6889,1.1555,7.0566,1.3008,49.2985,0.2359,0.0423,3.0899,182.9399,37.3837
REACTIVE_examples (243),reactive_tissue,0,172,16.2,0.3864,45.282,6.357,23.8542,9.9611,1.2079,0.4176,21.5933,8.4277,1.6619,0.3903,0.7181,0.2403,-0.4589,0.3347,0.6835,0.156,-0.3041,0.2283,0.8472,0.1031,-1.2426,0.1217,7.1444,2.2859,1.2401,0.32,4.7269,1.0498,0.7345,0.2221,1.5339,0.465,2.4663,0.3032,5.6085,0.9937,6.8314,1.1118,46.846,0.2387,0.0429,3.0845,180.1598,36.6756
REACTIVE_examples (244),reactive_tissue,0,193,18.178,0.406,43.547,5.934,22.3364,9.3375,1.5243,0.418,19.347,6.6564,1.727,0.3441,0.7911,0.1978,-0.7818,0.25,0.6393,0.1721,-0.2933,0.2692,0.8754,0.0799,-1.3023,0.0913,6.6021,2.2022,2.1086,0.3336,4.594,0.9275,0.7864,0.2019,1.4547,0.4441,2.2834,0.3053,5.5813,0.8866,6.5281,0.9607,43.488,0.2489,0.0449,3.0811,186.719,35.1045
REACTIVE_examples (245),reactive_tissue,0,194,18.272,0.4328,45.61,6.62,23.6839,10.3124,1.1111,0.4354,21.5126,8.9444,1.4877,0.4158,0.719,0.227,-0.5631,0.3157,0.6765,0.1509,-0.334,0.223,0.8549,0.093,-1.6453,0.1088,6.9675,2.1971,1.1718,0.3153,4.7402,1.2013,0.7484,0.2534,1.4958,0.4056,2.3446,0.2711,5.7269,1.0122,6.7616,1.0112,43.9776,0.2407,0.0441,3.1053,187.6814,35.4371
REACTIVE_examples (246),reactive_tissue,0,173,16.294,0.3943,48.104,6.574,24.197,11.2599,1.2994,0.4653,19.7139,7.1714,1.4564,0.3638,0.813,0.1908,-0.8531,0.2347,0.6562,0.1693,-0.551,0.258,0.8904,0.0679,-1.2895,0.0762,6.8044,2.1623,0.9467,0.3178,4.6841,1.0544,0.7385,0.2251,1.4603,0.3599,1.384,0.2464,6.0127,1.0615,7.1881,1.2542,37.2823,0.2889,0.0484,2.9647,186.9661,37.1108
REACTIVE_examples (247),reactive_tissue,0,180,16.954,0.3988,43.131,6.106,23.5241,9.6044,0.9578,0.4083,19.7604,7.48,1.7031,0.3785,0.8118,0.2046,-1.0908,0.2521,0.665,0.1637,-0.3828,0.2462,0.8912,0.0682,-1.6665,0.0766,6.807,2.1765,1.0881,0.3197,4.6107,0.9768,0.4094,0.2119,1.4837,0.385,1.2901,0.2595,5.8855,0.8132,6.961,0.9353,42.5894,0.2657,0.0461,3.0051,187.0071,36.9886
REACTIVE_examples (248),reactive_tissue,0,175,16.483,0.4044,48.292,6.442,24.5359,10.8181,1.2423,0.4409,19.9156,7.4687,1.8162,0.375,0.8177,0.1903,-0.931,0.2327,0.6565,0.1787,-0.4202,0.2722,0.8911,0.0694,-1.6866,0.0779,6.9479,2.3086,1.3502,0.3323,4.71,1.0675,0.8029,0.2266,1.4905,0.4171,1.4069,0.2798,5.9095,1.0632,7.0108,1.1089,39.3125,0.2806,0.0473,2.9242,184.751,36.4121
REACTIVE_examples (249),reactive_tissue,0,178,16.765,0.42,53.347,6.926,25.0532,12.6933,2.0518,0.5067,19.9166,8.0156,2.4744,0.4025,0.8278,0.1869,-1.0248,0.2257,0.6515,0.1594,-0.5078,0.2447,0.8973,0.0655,-1.504,0.073,6.853,2.2604,1.3205,0.3298,4.7854,1.1588,1.4113,0.2422,1.4382,0.3492,1.8565,0.2428,5.9827,1.1698,7.0363,1.2046,39.651,0.2781,0.0477,2.9582,187.8073,36.8065
REACTIVE_examples (25),reactive_tissue,0,182,17.142,0.4183,46.452,6.248,24.4026,10.7951,1.0432,0.4424,23.043,9.1147,1.1396,0.3956,0.6449,0.2218,-0.0668,0.344,0.7313,0.1532,-1.0061,0.2095,0.8276,0.0913,-0.6867,0.1103,7.5701,2.5784,1.136,0.3406,4.6015,1.0431,0.4055,0.2267,1.6691,0.5115,1.5052,0.3065,5.6503,1.0221,6.8184,1.0022,51.6535,0.1972,0.041,3.1535,175.5257,33.3018
REACTIVE_examples (250),reactive_tissue,0,190,17.895,0.4152,45.004,6.2,23.2003,10.0457,1.3427,0.433,19.2103,6.7039,1.449,0.349,0.8185,0.1808,-0.8947,0.2209,0.642,0.1638,-0.4064,0.2551,0.8957,0.0607,-1.4215,0.0677,6.5818,2.096,1.7868,0.3185,4.6516,1.0231,0.1617,0.2199,1.4239,0.3396,1.5816,0.2385,5.7303,1.0918,6.783,1.185,37.5852,0.2801,0.0472,2.9621,186.175,36.4468
REACTIVE_examples (251),reactive_tissue,0,197,18.555,0.4235,41.199,6.06,22.827,8.93,0.9902,0.3912,19.0878,6.542,2.0245,0.3427,0.8256,0.1872,-1.0707,0.2267,0.6485,0.1663,-0.274,0.2564,0.8899,0.0698,-1.4443,0.0784,6.6248,2.0141,1.2451,0.304,4.595,0.9283,0.4578,0.202,1.4564,0.3989,1.7139,0.2739,5.8149,0.8727,6.7131,0.8738,39.9383,0.2729,0.0466,2.9562,186.0865,37.2154
REACTIVE_examples (252),reactive_tissue,0,183,17.236,0.4035,46.741,6.303,23.4124,10.417,1.6482,0.4449,19.5447,7.4117,2.1717,0.3792,0.8164,0.1943,-1.0722,0.238,0.6651,0.148,-0.3554,0.2225,0.8897,0.0693,-1.5058,0.0779,6.7537,2.2293,1.8103,0.3301,4.6215,0.9361,0.82,0.2025,1.469,0.4225,3.0718,0.2876,5.9239,1.1845,6.8533,1.2133,42.8492,0.2705,0.0463,2.9648,187.0018,37.2589
REACTIVE_examples (253),reactive_tissue,0,191,17.99,0.4245,48.753,6.988,23.5961,11.72,1.8454,0.4967,19.2161,7.902,2.7277,0.4112,0.8365,0.1873,-1.1917,0.2239,0.6565,0.1549,-0.6194,0.236,0.8961,0.0739,-1.6096,0.0825,6.629,2.0093,0.9183,0.3031,4.6552,1.2241,1.5949,0.263,1.4412,0.3453,1.9442,0.2396,5.81,0.9386,6.8328,0.9068,39.8242,0.2908,0.0481,2.9018,186.9616,37.8656
REACTIVE_examples (254),reactive_tissue,0,189,17.801,0.4298,47.031,6.515,24.147,10.1943,1.3076,0.4222,19.4402,6.9654,1.7052,0.3583,0.8386,0.1781,-1.2109,0.2124,0.6455,0.1619,-0.311,0.2508,0.9001,0.0612,-1.268,0.068,6.7392,2.0732,1.2844,0.3076,4.7328,1.0614,1.0132,0.2243,1.439,0.3801,2.062,0.2641,5.8686,0.8719,6.7997,0.8737,42.3755,0.2723,0.0464,2.9516,187.3189,37.3631
REACTIVE_examples (255),reactive_tissue,0,190,17.895,0.4284,45.182,6.242,23.9364,9.6163,1.0385,0.4017,19.3979,6.463,1.2918,0.3332,0.834,0.1847,-1.008,0.2214,0.6513,0.1692,-0.3901,0.2598,0.8966,0.064,-1.1633,0.0714,6.7934,2.1143,1.1544,0.3112,4.6755,0.9227,0.8015,0.1973,1.4611,0.3847,1.3714,0.2633,5.9559,0.8893,6.9166,1.033,41.2701,0.2801,0.0476,2.9365,189.2427,37.124
REACTIVE_examples (256),reactive_tissue,0,196,18.461,0.4277,41.886,5.839,23.1658,8.5165,1.0912,0.3676,18.6525,5.2045,1.5129,0.279,0.8503,0.1553,-1.1541,0.1826,0.6536,0.1554,-0.4053,0.2378,0.9084,0.0536,-1.1705,0.059,6.6056,1.8371,1.4095,0.2781,4.6098,0.8052,0.1732,0.1747,1.4464,0.3748,1.9424,0.2591,5.9627,0.9716,6.8677,1.0192,41.7061,0.2781,0.0473,2.9224,188.9728,36.9773
REACTIVE_examples (257),reactive_tissue,0,172,16.2,0.3685,44.706,6.531,22.7494,10.1932,1.0314,0.4481,18.8588,6.2399,1.2367,0.3309,0.8199,0.181,-0.8469,0.2207,0.6698,0.1686,-0.213,0.2517,0.8909,0.0715,-1.53,0.0803,6.7344,2.0748,0.9497,0.3081,4.51,1.1386,0.5034,0.2525,1.5683,0.7964,6.6873,0.5078,5.8376,1.1755,7.0629,1.158,39.2836,0.2856,0.0474,2.8706,184.3869,37.1354
REACTIVE_examples (258),reactive_tissue,0,176,16.577,0.4074,48.974,6.602,24.5793,10.7338,1.5798,0.4367,19.6241,6.9514,1.7254,0.3542,0.8349,0.1775,-1.2066,0.2126,0.6659,0.1674,-0.4837,0.2513,0.9019,0.0638,-1.6394,0.0708,6.9315,2.1996,1.4494,0.3173,4.7053,1.0099,0.7494,0.2146,1.4877,0.3852,1.2491,0.2589,6.0203,1.2072,7.1274,1.2753,41.2524,0.2835,0.048,2.8669,188.6565,37.3621
REACTIVE_examples (259),reactive_tissue,0,182,17.142,0.4236,49.893,6.66,24.7142,11.0464,1.3402,0.447,19.9566,7.3382,1.5424,0.3677,0.8171,0.1899,-0.9938,0.2324,0.6541,0.1673,-0.4255,0.2558,0.8908,0.0759,-1.7457,0.0852,6.9272,2.2702,1.1634,0.3277,4.7651,1.0175,0.7025,0.2135,1.4557,0.3568,1.245,0.2451,5.9115,1.1716,6.9522,1.1427,39.5487,0.2935,0.0485,2.8826,186.8763,37.5003
REACTIVE_examples (26),reactive_tissue,0,176,16.577,0.4223,52.089,6.879,25.4725,11.9513,1.2767,0.4692,23.9958,9.8692,1.1643,0.4113,0.627,0.2277,-0.0151,0.3631,0.7096,0.1517,-0.7408,0.2138,0.8153,0.1011,-0.6449,0.124,7.6012,2.6176,1.6886,0.3444,4.8588,1.2249,0.8267,0.2521,1.5853,0.4507,1.9979,0.2843,5.9266,0.9939,7.013,1.0369,54.1665,0.1943,0.04,3.1447,184.1166,35.4602
REACTIVE_examples (260),reactive_tissue,0,190,17.895,0.4197,45.951,6.064,23.4508,10.1418,1.1759,0.4325,19.5407,7.3458,1.4333,0.3759,0.8176,0.1981,-1.068,0.2423,0.653,0.1671,-0.2878,0.2559,0.8905,0.0736,-1.6142,0.0826,6.7751,2.291,1.0883,0.3381,4.6359,0.9439,0.1034,0.2036,1.4595,0.37,1.2365,0.2535,5.7071,1.0513,6.7757,1.0275,40.7982,0.2839,0.048,2.9295,189.2591,36.5787
REACTIVE_examples (261),reactive_tissue,0,176,16.577,0.403,48.021,6.509,24.3087,11.0846,1.6405,0.456,19.4213,6.5449,1.5238,0.337,0.8272,0.1716,-1.0548,0.2075,0.6646,0.1626,-0.2931,0.2447,0.8957,0.069,-1.5499,0.0771,6.8714,2.2666,1.5163,0.3299,4.6631,1.0801,0.7651,0.2316,1.4949,0.4494,2.3053,0.3006,5.8173,1.0241,6.8858,1.0579,41.7658,0.2738,0.047,2.9212,187.1423,36.6644
REACTIVE_examples (262),reactive_tissue,0,141,13.28,0.3354,50.093,6.296,25.2555,11.5844,1.3272,0.4587,20.5009,7.006,1.2367,0.3417,0.7795,0.177,-0.6677,0.2271,0.7251,0.1658,-0.9145,0.2287,0.8826,0.0657,-1.4032,0.0745,7.4001,2.3245,0.9231,0.3141,4.5608,1.1843,0.5449,0.2597,1.6786,0.5566,2.0614,0.3316,6.2371,1.291,7.5717,1.4567,42.9789,0.2789,0.0459,2.8265,181.382,38.0582
REACTIVE_examples (263),reactive_tissue,0,178,16.765,0.3821,42.684,5.665,22.7934,9.4032,0.9687,0.4125,19.2656,6.4817,1.1107,0.3364,0.8046,0.1867,-0.7268,0.232,0.7006,0.1531,-0.6179,0.2185,0.8894,0.0671,-1.1227,0.0754,6.8639,2.1703,1.3604,0.3162,4.4473,0.9273,0.0254,0.2085,1.5603,0.4237,1.4762,0.2715,5.8748,1.0702,6.9628,1.1238,42.1184,0.2792,0.047,2.8445,186.7051,37.7917
REACTIVE_examples (264),reactive_tissue,0,185,17.424,0.4119,47.087,6.862,23.6409,10.608,1.4816,0.4487,20.0076,7.6609,1.754,0.3829,0.7929,0.2053,-0.8703,0.2589,0.6779,0.1567,-0.6177,0.2312,0.8797,0.0807,-1.2741,0.0917,6.8817,2.1493,1.4924,0.3123,4.6695,1.138,0.6529,0.2437,1.4961,0.3751,1.4829,0.2507,5.9072,1.0442,6.9236,0.9957,41.4572,0.2802,0.0476,2.892,188.3275,37.8786
REACTIVE_examples (265),reactive_tissue,0,173,16.294,0.3831,47.622,6.454,23.5108,11.1191,1.338,0.4729,20.1827,7.7198,1.0929,0.3825,0.7734,0.2161,-0.5894,0.2794,0.6859,0.1601,-0.3207,0.2335,0.8763,0.0796,-1.3361,0.0909,6.9782,2.3581,1.053,0.3379,4.5676,1.1638,0.4681,0.2548,1.5724,0.558,2.4408,0.3549,5.8779,1.1602,6.9725,1.3135,40.2038,0.2716,0.0463,2.9494,185.6426,36.5243
REACTIVE_examples (266),reactive_tissue,0,191,17.99,0.4297,47.028,6.521,23.8875,10.411,1.4611,0.4358,19.2646,6.8206,1.4853,0.354,0.8403,0.1888,-1.1273,0.2247,0.6208,0.1567,-0.2469,0.2525,0.903,0.0646,-1.4925,0.0715,6.5548,2.0244,1.372,0.3088,4.7725,0.9797,0.6909,0.2053,1.3745,0.3061,1.7437,0.2227,5.8996,0.8879,6.8271,1.0093,38.2259,0.2753,0.0467,3.0241,186.3196,36.487
REACTIVE_examples (267),reactive_tissue,0,186,17.519,0.4302,47.532,6.676,24.557,10.5937,1.3269,0.4314,19.4764,6.4863,1.185,0.333,0.8395,0.1795,-1.0328,0.2138,0.6265,0.1676,-0.3442,0.2675,0.9046,0.0544,-1.1871,0.0602,6.6866,2.0317,1.3379,0.3039,4.7973,1.0466,0.7145,0.2182,1.4117,0.3906,2.4257,0.2767,5.9742,1.0385,7.0005,1.0724,42.1541,0.2642,0.0462,2.9961,188.2724,36.1623
REACTIVE_examples (268),reactive_tissue,0,191,17.99,0.414,45.568,6.308,23.0123,10.323,2.027,0.4486,19.1348,7.4406,1.9936,0.3889,0.8362,0.1998,-1.2104,0.239,0.6338,0.1728,-0.3789,0.2727,0.8987,0.0686,-1.5657,0.0763,6.5654,2.2083,1.8988,0.3364,4.6232,1.0225,0.9524,0.2212,1.4304,0.3865,1.882,0.2702,5.7566,0.8263,6.7857,0.8778,43.001,0.2653,0.0465,3.004,188.9607,36.3583
REACTIVE_examples (269),reactive_tissue,0,164,15.447,0.4136,47.461,6.325,26.7764,10.036,0.706,0.3748,21.028,6.5833,1.1912,0.3131,0.7933,0.187,-0.6569,0.2358,0.6565,0.1724,-0.5239,0.2626,0.886,0.0737,-1.4308,0.0831,7.2382,2.136,1.5649,0.2951,4.9653,0.9709,-0.3602,0.1955,1.4845,0.4477,2.4346,0.3016,6.2979,1.1992,7.4179,1.0519,44.5888,0.2648,0.0463,2.9999,188.8344,38.1065
REACTIVE_examples (27),reactive_tissue,0,199,18.743,0.4666,48.181,6.149,24.8933,10.9057,0.9105,0.4381,22.9553,8.7612,1.1523,0.3817,0.6562,0.2206,-0.0903,0.3362,0.7078,0.1542,-0.7584,0.2178,0.8347,0.0869,-0.7465,0.1041,7.4565,2.5642,1.268,0.3439,4.7291,1.0052,0.2308,0.2126,1.5853,0.4475,1.527,0.2823,5.7322,0.9943,6.6908,0.9845,59.3375,0.191,0.0393,3.1463,187.7016,35.4686
REACTIVE_examples (270),reactive_tissue,0,131,12.338,0.3616,62.906,7.453,29.3058,15.9023,1.219,0.5426,23.2376,9.8054,1.2503,0.422,0.7269,0.2131,-0.4586,0.2931,0.6673,0.1737,-0.4138,0.2603,0.8608,0.0831,-1.1085,0.0965,7.6038,2.6427,1.1653,0.3476,5.1507,1.4736,0.2913,0.2861,1.5111,0.4207,1.1834,0.2784,6.5933,1.7437,8.0856,1.8125,40.3348,0.2783,0.0459,2.9502,179.5964,38.7423
REACTIVE_examples (271),reactive_tissue,0,110,10.361,0.2743,55.747,7.301,26.477,13.9884,0.7683,0.5283,21.6989,8.764,1.015,0.4039,0.7326,0.1972,-0.3677,0.2691,0.7088,0.1605,-0.4737,0.2265,0.8588,0.0776,-0.8972,0.0903,7.4218,2.4059,0.5824,0.3242,4.7698,1.5807,0.1696,0.3314,1.6812,0.773,3.6624,0.4598,6.5376,1.7602,7.907,1.975,39.1096,0.2783,0.0451,2.954,173.2511,38.4222
REACTIVE_examples (272),reactive_tissue,0,195,18.366,0.403,39.601,5.68,21.9435,8.2762,1.1071,0.3772,18.5039,6.2534,1.6869,0.338,0.8432,0.1836,-1.1958,0.2177,0.6528,0.1785,-0.3235,0.2734,0.9022,0.0634,-1.558,0.0702,6.5725,2.0856,1.5526,0.3173,4.4506,0.8389,0.2923,0.1885,1.5067,0.5035,2.2162,0.3342,5.7841,0.9018,6.7201,0.9936,43.3324,0.2767,0.0472,2.9714,188.2613,37.5332
REACTIVE_examples (273),reactive_tissue,0,220,20.721,0.4208,36.424,5.292,20.3069,7.1057,1.5454,0.3499,17.4524,5.3542,2.0102,0.3068,0.8679,0.1757,-1.4353,0.2024,0.6401,0.154,-0.2611,0.2406,0.9057,0.0631,-1.6588,0.0697,6.1708,1.8012,1.8367,0.2919,4.3708,0.6778,0.4632,0.1551,1.4135,0.3444,1.9989,0.2436,5.5204,0.8559,6.3191,0.8679,44.4291,0.2665,0.0465,3.0171,189.4063,37.5507
REACTIVE_examples (274),reactive_tissue,0,212,19.968,0.4172,35.645,5.464,20.8945,7.1029,0.8515,0.3399,17.9379,5.4674,1.8393,0.3048,0.8467,0.1732,-1.2147,0.2045,0.6431,0.1728,-0.5003,0.2687,0.9001,0.0625,-1.9655,0.0694,6.313,1.7759,1.2918,0.2813,4.4041,0.7568,0.5438,0.1718,1.4496,0.4146,2.5721,0.286,5.5641,0.9304,6.4307,0.9387,45.0911,0.257,0.0457,3.0163,189.093,37.2322
REACTIVE_examples (275),reactive_tissue,0,222,20.909,0.4275,37.306,5.409,20.4451,7.9833,1.796,0.3905,17.2437,5.1796,2.0139,0.3004,0.8755,0.1577,-1.2745,0.1801,0.6393,0.1662,-0.4109,0.26,0.9103,0.0527,-1.3675,0.0578,6.1395,1.7608,1.7321,0.2868,4.3491,0.7887,0.0262,0.1814,1.4249,0.3544,1.6391,0.2487,5.4823,0.8851,6.3381,0.8704,41.8151,0.277,0.0467,2.9776,185.9433,37.3826
REACTIVE_examples (276),reactive_tissue,0,189,17.801,0.3957,39.413,5.825,22.2303,8.458,0.8793,0.3805,19.0963,6.4718,1.2345,0.3389,0.8116,0.1993,-0.8438,0.2456,0.6787,0.1573,-0.4218,0.2317,0.8931,0.0678,-1.2371,0.076,6.6597,1.9152,0.8826,0.2876,4.4655,0.8883,0.7261,0.1989,1.5078,0.4066,2.1292,0.2697,5.7057,0.9029,6.7356,0.8876,40.576,0.285,0.0485,2.9698,188.8562,36.5834
REACTIVE_examples (277),reactive_tissue,0,198,18.649,0.4281,42.595,5.905,22.9543,9.0851,1.1419,0.3958,19.2188,6.6355,1.5344,0.3453,0.8228,0.1975,-1.0268,0.24,0.6506,0.1595,-0.2093,0.2451,0.8947,0.0699,-1.4433,0.0781,6.6466,2.1432,1.587,0.3225,4.596,0.8727,0.3977,0.1899,1.4528,0.3926,1.7444,0.2702,5.8653,0.9009,6.753,0.8897,42.0075,0.2758,0.0473,3.0157,188.2298,37.2713
REACTIVE_examples (278),reactive_tissue,0,220,20.721,0.4365,38.3,5.612,21.0658,7.7515,1.4591,0.368,17.9177,5.6287,1.8398,0.3141,0.854,0.1759,-1.2537,0.206,0.6424,0.1708,-0.3531,0.2659,0.8996,0.0662,-1.7438,0.0736,6.3268,1.8652,1.614,0.2948,4.4257,0.8141,0.6637,0.184,1.4442,0.3825,1.6064,0.2648,5.5361,0.8252,6.3798,0.8055,42.7702,0.2697,0.0465,3.0031,187.2646,37.1588
REACTIVE_examples (279),reactive_tissue,0,214,20.156,0.438,39.906,5.921,21.7285,8.2328,1.4241,0.3789,18.4029,6.2854,2.1119,0.3415,0.8453,0.181,-1.2109,0.2141,0.6414,0.1646,-0.3304,0.2566,0.9009,0.0615,-1.7619,0.0683,6.4094,1.8934,1.475,0.2954,4.5146,0.8602,1.2095,0.1905,1.4282,0.3556,1.695,0.249,5.6013,0.8796,6.4542,0.9525,43.3544,0.2701,0.047,3.0051,188.5354,36.4764
REACTIVE_examples (28),reactive_tissue,0,187,17.613,0.4457,48.846,6.3,25.3038,10.7519,1.274,0.4249,22.9833,8.7152,1.2977,0.3792,0.667,0.2172,-0.1626,0.3256,0.7071,0.1529,-0.8352,0.2163,0.8446,0.0872,-1.0505,0.1032,7.4931,2.5317,1.3894,0.3379,4.7753,1.0059,0.7178,0.2106,1.5801,0.4612,2.1902,0.2919,5.7267,0.9506,6.8248,1.1107,53.8955,0.2035,0.0406,3.1467,186.6562,34.9248
REACTIVE_examples (280),reactive_tissue,0,218,20.533,0.4348,39.752,5.879,21.1775,8.3583,1.9069,0.3947,17.6689,5.7883,2.4812,0.3276,0.8757,0.1666,-1.4766,0.1902,0.6236,0.171,-0.2804,0.2742,0.9071,0.059,-1.3872,0.0651,6.2243,1.8132,1.6112,0.2913,4.4727,0.8359,0.9792,0.1869,1.3998,0.3377,1.4395,0.2413,5.5581,0.7704,6.4255,0.9128,44.671,0.2662,0.0469,2.9698,189.5256,36.4765
REACTIVE_examples (281),reactive_tissue,0,185,17.424,0.4019,44.414,6.411,23.0644,9.8023,1.2752,0.425,19.5653,6.8262,1.4935,0.3489,0.7961,0.195,-0.8556,0.2449,0.6735,0.1657,-0.5622,0.246,0.8826,0.0742,-1.561,0.0841,6.7634,1.9563,1.0177,0.2892,4.5818,1.05,0.5355,0.2292,1.5059,0.4072,1.6166,0.2704,5.8521,1.2043,6.9794,1.2184,41.0161,0.284,0.0482,2.9406,188.0279,36.9765
REACTIVE_examples (282),reactive_tissue,0,189,17.801,0.4271,44.982,6.233,23.9903,9.644,1.3541,0.402,19.9856,7.195,1.7269,0.36,0.8027,0.1963,-0.9665,0.2445,0.6701,0.1642,-0.5484,0.245,0.8897,0.0698,-1.4232,0.0784,6.9262,2.258,2.0043,0.326,4.679,0.9938,0.918,0.2124,1.4925,0.4066,2.4046,0.2725,5.7928,1.0307,6.8744,0.9549,41.9005,0.2684,0.0464,2.9528,188.2892,36.3811
REACTIVE_examples (283),reactive_tissue,0,170,16.012,0.4149,50.672,6.771,25.9135,12.2903,0.8753,0.4743,21.5558,8.5305,0.8388,0.3957,0.7492,0.213,-0.5055,0.2844,0.7053,0.1554,-0.8039,0.2203,0.8713,0.0777,-1.2096,0.0891,7.349,2.4942,0.8272,0.3394,4.7624,1.3163,0.2383,0.2764,1.5662,0.3964,1.0785,0.2531,6.1251,1.0455,7.2769,1.0092,38.9995,0.2695,0.0467,2.9509,186.6073,35.8587
REACTIVE_examples (284),reactive_tissue,0,179,16.859,0.4035,46.07,6.271,23.9309,9.7775,1.21,0.4086,19.4632,6.5199,1.4369,0.335,0.8266,0.1818,-0.9735,0.22,0.6589,0.1719,-0.5429,0.2608,0.8967,0.0633,-1.457,0.0706,6.8312,2.1421,1.2909,0.3136,4.6601,0.9266,0.7959,0.1988,1.4728,0.3711,1.2223,0.252,5.8944,0.9219,6.9894,1.0437,41.6345,0.2757,0.0472,2.932,188.9069,36.6233
REACTIVE_examples (285),reactive_tissue,0,186,17.519,0.4307,43.033,6.095,24.5877,9.0293,0.9311,0.3672,19.7042,5.8887,1.2805,0.2989,0.8232,0.1729,-0.808,0.21,0.665,0.1584,-0.4041,0.2382,0.8995,0.0559,-1.3145,0.0622,6.9208,1.9887,0.9663,0.2874,4.7226,0.8561,0.5142,0.1813,1.4753,0.3801,1.491,0.2576,5.9475,0.9772,6.9338,0.9647,41.2674,0.2743,0.0473,2.9368,189.3414,36.6212
REACTIVE_examples (286),reactive_tissue,0,180,16.954,0.416,49.314,6.549,24.535,10.9037,1.4463,0.4444,20.3585,7.6805,1.7556,0.3773,0.7947,0.2052,-0.8283,0.2582,0.6802,0.1657,-0.7236,0.2436,0.8824,0.08,-1.2224,0.0907,7.1129,2.4203,1.4637,0.3403,4.684,1.0063,0.804,0.2148,1.5335,0.4643,2.148,0.3028,5.7193,1.0667,6.8296,1.1562,40.7161,0.2721,0.0468,2.9477,187.3594,36.5868
REACTIVE_examples (287),reactive_tissue,0,187,17.613,0.4304,48.635,6.625,24.4358,10.7985,1.494,0.4419,19.8373,7.1925,1.6963,0.3626,0.8228,0.1984,-1.0578,0.2411,0.6492,0.1681,-0.41,0.259,0.897,0.0693,-1.3827,0.0772,6.8156,2.0713,1.0745,0.3039,4.7423,1.0464,0.884,0.2207,1.4531,0.3786,1.5017,0.2606,5.9901,0.9965,6.9733,0.8781,40.4585,0.2715,0.0472,2.9737,189.5044,36.3662
REACTIVE_examples (288),reactive_tissue,0,176,16.577,0.4368,53.076,7.258,26.349,12.6534,1.1835,0.4802,24.2232,10.6309,1.776,0.4389,0.6367,0.2245,-0.1067,0.3526,0.744,0.1468,-1.1009,0.1972,0.8172,0.1068,-0.8533,0.1306,7.9079,2.5681,1.052,0.3248,4.788,1.3535,0.9132,0.2827,1.7033,0.5234,1.5,0.3073,5.9143,1.1953,7.0809,1.1851,53.6842,0.2027,0.0403,3.1209,185.6486,35.0165
REACTIVE_examples (289),reactive_tissue,0,188,17.707,0.47,48.746,6.759,26.5457,10.5749,1.157,0.3984,24.5379,8.8634,1.209,0.3612,0.6206,0.2241,0.0488,0.3611,0.7099,0.1663,-0.9874,0.2342,0.8235,0.1001,-1.0472,0.1216,7.8094,2.3532,1.3312,0.3013,4.9645,1.0626,0.5083,0.214,1.5961,0.4219,1.0705,0.2643,5.8208,0.9891,6.9032,0.9208,58.7254,0.1903,0.0392,3.134,184.2892,35.1947
REACTIVE_examples (29),reactive_tissue,0,153,14.411,0.3705,51.392,7.186,25.7073,11.9832,0.974,0.4661,23.5566,10.3474,1.3945,0.4393,0.6651,0.2368,-0.266,0.3561,0.7361,0.1377,-0.4552,0.1871,0.8344,0.0981,-1.0772,0.1175,7.7223,2.5485,0.9498,0.33,4.7431,1.3023,0.6363,0.2746,1.6729,0.5325,1.987,0.3183,6.0332,1.1109,7.322,1.2359,46.9993,0.2221,0.0424,3.1164,185.4184,35.3812
REACTIVE_examples (290),reactive_tissue,0,194,18.272,0.4696,52.117,6.863,25.7028,11.9206,1.2602,0.4638,23.7255,10.3891,1.584,0.4379,0.6545,0.2337,-0.067,0.357,0.7034,0.1669,-0.6757,0.2373,0.8313,0.1002,-0.9284,0.1206,7.6487,2.7834,1.2309,0.3639,4.827,1.1712,1.0532,0.2426,1.5942,0.4466,1.0604,0.2801,5.6457,1.2286,6.7233,1.0951,58.8541,0.1935,0.0396,3.1493,186.7371,35.0419
REACTIVE_examples (291),reactive_tissue,0,165,15.541,0.4118,50.909,6.752,26.4962,12.2673,0.7457,0.463,24.1432,10.4712,1.0277,0.4337,0.651,0.2356,-0.1223,0.3618,0.7272,0.1543,-0.8569,0.2121,0.8358,0.0915,-0.8646,0.1094,7.822,2.7707,0.8824,0.3542,4.7761,1.2216,0.2943,0.2558,1.6631,0.5488,2.281,0.33,6.0861,1.023,7.3165,1.1667,49.4104,0.2155,0.0416,3.1194,185.001,35.2003
REACTIVE_examples (292),reactive_tissue,0,179,16.859,0.4369,49.914,6.969,25.9133,11.0448,1.0788,0.4262,22.9345,9.1063,1.7972,0.3971,0.6869,0.2203,-0.3781,0.3208,0.7139,0.1515,-0.8604,0.2122,0.8486,0.0923,-1.1932,0.1088,7.5038,2.2193,0.9437,0.2958,4.8091,1.1535,1.0368,0.2399,1.585,0.4071,1.2801,0.2568,5.8977,1.1588,7.0419,1.2419,48.223,0.2169,0.042,3.1332,187.1959,35.1427
REACTIVE_examples (293),reactive_tissue,0,182,17.142,0.462,53.034,6.827,26.9488,11.9019,1.4602,0.4417,24.353,10.1478,1.8241,0.4167,0.6457,0.2227,-0.1733,0.3449,0.7392,0.1355,-0.6272,0.1833,0.8421,0.0898,-0.9182,0.1067,7.898,2.6029,1.7252,0.3296,4.829,1.2022,1.0221,0.249,1.6734,0.5094,1.6211,0.3044,5.8959,0.9329,6.9629,1.0214,49.0638,0.2161,0.0413,3.1377,184.1387,35.8946
REACTIVE_examples (294),reactive_tissue,0,169,15.918,0.4149,54.394,6.971,26.0668,12.8746,1.1695,0.4939,23.7991,10.6472,1.4261,0.4474,0.659,0.2356,-0.2503,0.3576,0.7062,0.1574,-0.8574,0.2228,0.8386,0.0928,-0.9851,0.1106,7.4989,2.4732,0.9388,0.3298,4.8349,1.2819,0.5459,0.2651,1.5732,0.4077,1.2026,0.2592,6.0059,1.0985,7.2881,1.1338,43.1062,0.2264,0.0429,3.1307,184.2931,34.968
REACTIVE_examples (295),reactive_tissue,0,139,13.092,0.395,55.802,6.985,30.169,14.1253,0.1963,0.4682,26.9418,11.0976,0.6335,0.4119,0.5844,0.2208,0.1366,0.3779,0.7342,0.1408,-0.3997,0.1918,0.8054,0.0968,-0.4723,0.1202,8.3849,2.9861,1.9682,0.3561,5.1678,1.5702,-0.1095,0.3038,1.707,0.692,3.7669,0.4054,6.2581,1.4032,7.7797,1.4392,42.8671,0.2314,0.0435,3.1233,179.5899,35.4887
REACTIVE_examples (296),reactive_tissue,0,121,11.397,0.3176,70.56,7.83,27.8717,20.9569,2.4897,0.7519,24.1227,12.1843,1.7364,0.5051,0.6291,0.2133,0.0501,0.3391,0.732,0.1785,-0.827,0.2439,0.8042,0.1103,-0.807,0.1372,8.0345,3.178,1.2322,0.3956,4.7951,1.9179,1.0605,0.4,1.8192,0.8304,2.3362,0.4564,6.3838,1.5101,8.0796,1.5928,38.7899,0.2595,0.0451,3.0633,167.5182,38.1529
REACTIVE_examples (297),reactive_tissue,0,132,12.433,0.3352,63.51,7.23,26.963,17.2611,2.0881,0.6402,24.0442,11.2458,1.9688,0.4677,0.6277,0.2155,0.1081,0.3433,0.8032,0.1327,-0.9398,0.1653,0.8085,0.1023,-0.7479,0.1265,8.4747,3.0104,0.7468,0.3552,4.4398,1.5646,0.5954,0.3524,2.0607,0.908,2.4422,0.4406,6.1405,1.531,7.7361,1.6209,38.3232,0.2475,0.0451,3.0575,169.6617,35.0503
REACTIVE_examples (298),reactive_tissue,0,143,13.469,0.3775,57.598,7.402,28.0303,14.8608,1.0772,0.5302,24.0788,10.3602,0.9699,0.4303,0.6597,0.2101,-0.082,0.3185,0.7351,0.1543,-0.8243,0.2099,0.8298,0.0843,-0.6803,0.1016,8.0035,2.8596,0.5991,0.3573,4.846,1.4656,0.5077,0.3024,1.6976,0.5656,2.3942,0.3332,6.229,1.3847,7.7297,1.5144,36.7091,0.2594,0.0461,3.0633,180.007,35.3207
REACTIVE_examples (299),reactive_tissue,0,143,13.469,0.3879,75.584,7.838,28.7998,21.6117,4.31,0.7504,22.87,10.7196,2.7289,0.4687,0.723,0.1968,-0.4781,0.2722,0.7029,0.1584,-0.7291,0.2254,0.8639,0.0722,-1.0846,0.0835,7.6496,3.015,2.3345,0.3941,4.9171,1.4586,2.0258,0.2966,1.5674,0.4106,1.2615,0.262,6.1851,1.4522,7.6062,1.8036,39.5294,0.2597,0.0454,3.0896,183.2691,34.895
REACTIVE_examples (3),reactive_tissue,0,174,16.388,0.4206,54.746,7.355,25.662,13.2711,1.4857,0.5172,21.5101,9.5206,1.7156,0.4426,0.7542,0.211,-0.6896,0.2797,0.6616,0.1854,-0.6161,0.2802,0.8637,0.0824,-1.392,0.0954,7.2007,2.6506,1.2111,0.3681,4.8333,1.327,0.8759,0.2746,1.5012,0.4002,1.0997,0.2666,5.9064,1.2163,7.0034,1.2552,41.8607,0.2567,0.0448,3.0841,182.8305,35.7539
REACTIVE_examples (30),reactive_tissue,0,156,14.693,0.2777,37.519,5.906,18.8975,8.6113,0.9428,0.4557,17.2014,6.573,1.3088,0.3821,0.837,0.199,-1.0913,0.2378,0.6409,0.1676,-0.3923,0.2614,0.8917,0.0707,-1.3145,0.0792,5.9837,2.1078,1.7979,0.3523,4.1767,0.9982,0.2806,0.239,1.462,0.5623,5.3918,0.3846,5.9945,1.2639,7.3462,1.1936,61.6064,0.2001,0.0376,3.0818,153.1514,39.2298
REACTIVE_examples (300),reactive_tissue,0,139,13.092,0.3958,64.795,8.055,30.2314,15.8533,1.6017,0.5244,23.6105,9.937,2.1686,0.4209,0.72,0.1915,-0.54,0.266,0.6964,0.1558,-0.6855,0.2237,0.8582,0.0753,-1.1215,0.0877,7.8751,2.6798,1.5379,0.3403,5.1863,1.4434,0.7014,0.2783,1.5444,0.3968,1.277,0.2569,6.4931,1.3846,7.8641,1.3693,38.7586,0.2592,0.0453,3.0624,183.6023,35.6231
REACTIVE_examples (31),reactive_tissue,0,155,14.599,0.2846,38.921,5.754,19.4945,9.2758,0.9854,0.4758,18.1168,7.4353,1.2251,0.4104,0.7921,0.2128,-0.7455,0.2687,0.6825,0.1526,-0.4553,0.2235,0.8769,0.0804,-1.0866,0.0917,6.2628,2.2105,1.2129,0.353,4.1748,1.0333,0.1023,0.2475,1.5103,0.4003,1.7912,0.265,5.9885,1.2099,7.2671,1.3323,57.0006,0.2092,0.0385,3.0592,151.1331,39.1984
REACTIVE_examples (32),reactive_tissue,0,160,15.07,0.2691,36.012,5.143,17.8577,8.6876,0.9177,0.4865,17.2781,6.7541,1.2516,0.3909,0.7833,0.2197,-0.7423,0.2805,0.6933,0.1873,-0.4779,0.2702,0.8519,0.1099,-1.2924,0.129,6.2835,2.261,1.2423,0.3598,3.9382,1.066,-0.4464,0.2707,1.68,0.6792,1.7158,0.4043,5.8277,1.2859,7.1383,1.4437,62.5443,0.2005,0.0379,3.0683,151.2259,38.7031
REACTIVE_examples (33),reactive_tissue,0,149,14.034,0.289,42.517,6.305,20.5934,10.0119,1.3246,0.4862,18.9251,7.8048,1.3972,0.4124,0.7756,0.2251,-0.6442,0.2902,0.6803,0.1618,-0.5129,0.2378,0.8687,0.0907,-1.1588,0.1044,6.4765,2.1506,0.9202,0.3321,4.3042,1.0771,0.7087,0.2502,1.5289,0.4449,1.7489,0.291,5.9199,1.3296,7.4171,1.5051,61.482,0.1999,0.0374,3.0925,153.8788,39.302
REACTIVE_examples (34),reactive_tissue,0,153,14.411,0.3055,44.026,6.186,21.1974,9.9545,1.8622,0.4696,18.9423,7.9194,2.0797,0.4181,0.8001,0.2124,-1.053,0.2655,0.6657,0.1647,-0.3995,0.2474,0.8799,0.0885,-1.6988,0.1006,6.5329,2.3818,2.115,0.3646,4.3878,1.0015,0.5993,0.2282,1.5061,0.4769,2.4378,0.3167,6.146,1.1572,7.4227,1.2288,56.9288,0.2055,0.0382,3.0926,156.1786,39.6068
REACTIVE_examples (35),reactive_tissue,0,145,13.657,0.3054,48.005,6.622,22.3596,12.1574,1.2257,0.5437,19.844,9.109,1.6725,0.459,0.769,0.2176,-0.7772,0.283,0.7026,0.1558,-0.7929,0.2217,0.8659,0.0814,-1.0794,0.094,6.7702,2.4778,1.3423,0.366,4.3919,1.2709,0.5428,0.2894,1.5657,0.4228,1.477,0.2701,6.2462,1.057,7.5813,1.0972,53.421,0.2142,0.0395,3.0912,152.3049,38.2249
REACTIVE_examples (36),reactive_tissue,0,145,13.657,0.2918,46.58,6.534,21.3687,11.8276,1.26,0.5535,19.1583,8.2923,1.1641,0.4328,0.773,0.2092,-0.7086,0.2707,0.7175,0.1411,-0.5405,0.1967,0.8712,0.0783,-1.199,0.0898,6.6062,2.2517,1.176,0.3408,4.2533,1.2883,0.3328,0.3029,1.5966,0.4419,1.5748,0.2768,6.1877,1.3457,7.617,1.4253,50.0236,0.2607,0.0417,2.956,159.6019,40.6663
REACTIVE_examples (37),reactive_tissue,0,145,13.657,0.2718,39.682,5.592,19.905,9.1274,1.5657,0.4585,17.8383,6.1622,1.3775,0.3454,0.8079,0.189,-0.8927,0.234,0.6952,0.1778,-0.6494,0.2557,0.8821,0.0812,-1.3921,0.092,6.5297,2.3327,1.8852,0.3572,4.1223,1.0213,0.2938,0.2478,1.6419,0.6741,3.2369,0.4105,6.0613,1.1379,7.5648,1.3527,52.1213,0.2579,0.0422,2.9459,165.2343,40.0107
REACTIVE_examples (38),reactive_tissue,0,150,14.128,0.3062,41.516,6.072,21.6749,8.8501,1.3636,0.4083,19.0102,5.9426,1.0925,0.3126,0.7848,0.1879,-0.6839,0.2394,0.6923,0.152,-0.815,0.2196,0.8777,0.0712,-1.3219,0.0811,6.6058,1.7839,1.1215,0.2701,4.4178,0.9687,0.2831,0.2193,1.5232,0.3811,1.686,0.2502,6.3415,1.2377,7.6016,1.2348,51.2843,0.2506,0.0414,2.9618,162.8581,39.9541
REACTIVE_examples (39),reactive_tissue,0,182,17.142,0.328,37.219,5.801,19.1323,8.4155,1.1776,0.4399,17.448,6.3285,1.4525,0.3627,0.8228,0.1925,-0.9764,0.2339,0.6874,0.1571,-0.6202,0.2285,0.8824,0.0819,-1.4948,0.0928,6.2173,1.9003,1.0668,0.3056,4.1427,1.0009,0.4619,0.2416,1.5335,0.4386,1.9835,0.286,5.67,1.0132,6.7666,0.9994,49.4173,0.2655,0.0429,2.9406,164.2332,40.4094
REACTIVE_examples (4),reactive_tissue,0,149,14.034,0.3904,60.814,7.28,27.8176,15.1998,1.063,0.5464,23.8405,11.2017,1.6002,0.4699,0.672,0.2118,-0.2839,0.3151,0.7177,0.1567,-0.7099,0.2183,0.8376,0.0852,-0.9367,0.1017,7.7624,2.8337,1.4056,0.3651,4.878,1.4518,0.2227,0.2976,1.6483,0.547,1.7178,0.3319,6.1064,1.3173,7.416,1.3313,36.3389,0.2649,0.0458,3.078,179.0738,36.7634
REACTIVE_examples (40),reactive_tissue,0,174,16.388,0.3185,37.735,5.634,19.4319,8.7505,1.0927,0.4503,17.8415,6.5872,1.0536,0.3692,0.8025,0.2009,-0.7449,0.2503,0.7085,0.164,-0.6956,0.2315,0.8781,0.0783,-1.178,0.0891,6.4121,2.0833,0.9695,0.3249,4.0748,1.0423,0.1054,0.2558,1.6133,0.4812,1.3566,0.2983,5.839,1.0443,7.0303,1.1077,51.866,0.2532,0.0417,2.9516,165.9703,40.1576
REACTIVE_examples (41),reactive_tissue,0,168,15.823,0.3477,39.594,5.714,21.9761,8.4764,0.9064,0.3857,19.1931,6.1498,1.0411,0.3204,0.7845,0.1853,-0.5975,0.2361,0.7078,0.1526,-0.746,0.2156,0.877,0.0676,-0.9153,0.0771,6.8104,2.041,0.8641,0.2997,4.3604,0.8598,0.4243,0.1972,1.5764,0.4171,1.2142,0.2646,5.6907,0.9857,6.875,1.1652,54.4951,0.248,0.0412,3.002,175.0522,40.9844
REACTIVE_examples (42),reactive_tissue,0,156,14.693,0.3284,44.965,6.248,22.3496,11.2947,1.7879,0.5054,20.3947,8.6005,1.9856,0.4217,0.726,0.2103,-0.5019,0.2896,0.7317,0.1491,-0.6889,0.2037,0.8461,0.0942,-1.1166,0.1114,7.1039,2.3373,1.3979,0.329,4.3872,1.227,0.3843,0.2797,1.6905,0.6104,2.6741,0.3611,5.9694,1.3504,7.3576,1.3571,46.4573,0.2597,0.0419,2.961,164.1116,40.312
REACTIVE_examples (43),reactive_tissue,0,117,11.02,0.2322,45.635,6.098,21.0714,11.7772,1.322,0.5589,19.7589,8.1993,1.2535,0.415,0.7054,0.1912,-0.1333,0.271,0.7812,0.1466,-1.2503,0.1877,0.8471,0.0802,-0.7255,0.0947,7.1958,2.44,0.8379,0.3391,4.0061,1.3399,0.8085,0.3345,1.8968,0.6622,1.3877,0.3491,6.5352,1.9785,8.3699,1.8076,53.8851,0.2403,0.0403,2.9238,150.3497,40.9592
REACTIVE_examples (44),reactive_tissue,0,131,12.338,0.2466,42.35,5.944,19.9841,10.0887,1.1382,0.5048,18.5576,7.2186,1.1709,0.389,0.7643,0.2035,-0.6602,0.2662,0.7308,0.1422,-0.8595,0.1946,0.8608,0.0801,-1.3076,0.093,6.5652,2.1653,1.2059,0.3298,4.1236,1.1658,0.3126,0.2827,1.6347,0.4489,1.4025,0.2746,6.5299,2.03,8.0586,2.4636,52.0249,0.2486,0.0408,2.9466,156.9243,41.8423
REACTIVE_examples (45),reactive_tissue,0,169,15.918,0.3308,42.917,5.642,20.7806,9.779,1.4769,0.4706,18.9987,8.1412,2.1057,0.4285,0.7857,0.2121,-0.987,0.2699,0.7178,0.1546,-0.8191,0.2153,0.8667,0.0906,-1.7379,0.1046,6.7538,2.511,1.9346,0.3718,4.2185,0.999,0.0023,0.2368,1.6235,0.4788,1.4442,0.2949,5.9129,1.1966,7.0656,1.3922,50.067,0.2569,0.0419,2.9527,166.3749,40.3135
REACTIVE_examples (46),reactive_tissue,0,183,17.236,0.339,35.593,5.323,19.6707,7.679,1.52,0.3904,17.9489,5.934,1.6769,0.3306,0.8054,0.1934,-0.8918,0.2402,0.6887,0.1608,-0.5119,0.2335,0.8822,0.0738,-1.4661,0.0836,6.378,1.9502,1.7405,0.3058,4.1897,0.8544,-0.0738,0.2039,1.5523,0.4581,1.6152,0.2951,5.7644,1.1441,6.8206,1.2624,51.1023,0.2616,0.0426,2.9578,168.3642,39.7819
REACTIVE_examples (47),reactive_tissue,0,172,16.2,0.3088,36.607,5.468,19.06,8.0686,1.3601,0.4233,17.5352,5.8946,1.347,0.3362,0.8092,0.1925,-0.8841,0.2378,0.7039,0.1503,-0.5093,0.2136,0.8749,0.086,-1.6813,0.0983,6.323,1.9535,1.0748,0.309,4.0818,0.8653,-0.1629,0.212,1.5741,0.4498,1.6688,0.2858,5.7437,1.0864,6.9451,1.2046,51.9063,0.2587,0.0429,2.9521,164.0017,39.622
REACTIVE_examples (48),reactive_tissue,0,176,16.577,0.3148,36.76,5.851,18.9923,8.168,1.1223,0.4301,17.7821,6.6053,1.7215,0.3715,0.7974,0.2022,-0.7552,0.2536,0.6896,0.1749,-0.5855,0.2536,0.8712,0.0905,-1.278,0.1039,6.3271,1.9866,1.1268,0.314,4.1005,0.9588,0.3978,0.2338,1.5864,0.5135,1.8161,0.3237,5.4047,1.1284,6.5823,1.2326,56.6431,0.2501,0.0412,2.9524,171.2746,41.0974
REACTIVE_examples (49),reactive_tissue,0,116,10.926,0.2043,37.594,5.721,18.7029,9.1772,1.2638,0.4907,18.0053,6.9408,1.4259,0.3855,0.7584,0.209,-0.6271,0.2756,0.7175,0.1615,-0.7192,0.2251,0.8553,0.096,-1.4781,0.1122,6.3837,1.9811,0.957,0.3103,4.0442,1.174,0.2746,0.2903,1.6496,0.5532,2.4284,0.3354,6.4702,1.6675,8.136,1.9008,54.2068,0.2357,0.0399,2.9376,154.9037,41.1207
REACTIVE_examples (5),reactive_tissue,0,158,14.881,0.4151,56.206,6.967,27.891,13.3796,0.9884,0.4797,23.2579,9.7797,1.2997,0.4205,0.716,0.2305,-0.3733,0.3219,0.6977,0.1444,-0.2083,0.207,0.8619,0.0831,-0.9795,0.0964,7.6126,2.4638,0.7468,0.3236,4.9882,1.2708,0.7348,0.2548,1.5451,0.4042,1.1503,0.2616,6.1368,1.1294,7.3776,1.2534,41.5803,0.2467,0.0444,3.0875,184.9277,35.5505
REACTIVE_examples (50),reactive_tissue,0,148,13.94,0.273,38.046,5.25,19.5858,9.2205,1.1516,0.4708,18.2527,6.9054,1.2131,0.3783,0.7714,0.1965,-0.4938,0.2547,0.7188,0.1684,-1.0362,0.2343,0.8671,0.0727,-0.7675,0.0839,6.5623,2.3466,1.6715,0.3576,4.0522,1.0713,-0.0589,0.2644,1.6653,0.5463,1.4906,0.328,6.0863,1.2864,7.5419,1.4475,49.7524,0.2523,0.042,2.9228,151.8475,39.047
REACTIVE_examples (51),reactive_tissue,0,153,14.411,0.2996,44.079,6.081,20.788,10.6605,1.4207,0.5128,18.8321,8.1622,1.7562,0.4334,0.7821,0.2022,-0.8509,0.2586,0.6941,0.1622,-0.5806,0.2337,0.8661,0.0853,-1.062,0.0984,6.6155,2.5753,1.7426,0.3893,4.2438,1.1271,0.616,0.2656,1.5951,0.6452,5.1242,0.4045,6.1322,1.2934,7.5374,1.4733,51.6391,0.2581,0.042,2.8912,163.4746,40.0844
REACTIVE_examples (52),reactive_tissue,0,140,13.186,0.2431,36.939,5.687,18.4394,8.4099,2.0619,0.4561,17.6556,7.7297,3.1451,0.4378,0.8045,0.2082,-1.1566,0.2588,0.6972,0.1631,-0.7214,0.2339,0.8808,0.0832,-1.7774,0.0945,6.2328,2.0958,2.1312,0.3362,4.0263,0.99,0.7867,0.2459,1.5862,0.5003,1.7278,0.3154,5.8425,1.2146,7.5404,1.4408,51.2589,0.2604,0.0426,2.8765,153.2271,39.3237
REACTIVE_examples (53),reactive_tissue,0,150,14.128,0.2787,44.69,6.473,19.7282,10.7228,1.3098,0.5435,18.0173,7.8487,1.4994,0.4356,0.8034,0.2021,-0.794,0.2515,0.6847,0.1654,-0.6896,0.2416,0.8765,0.0773,-1.3321,0.0882,6.2919,2.238,0.8627,0.3557,4.1686,1.2656,1.0126,0.3036,1.5376,0.4343,1.6251,0.2824,6.1648,1.3506,7.4689,1.5189,57.8026,0.2428,0.0404,2.9395,166.4024,40.4489
REACTIVE_examples (54),reactive_tissue,0,154,14.505,0.2842,41.87,5.859,19.595,9.8146,1.5562,0.5009,17.8144,7.4825,1.8805,0.42,0.8187,0.2088,-0.934,0.255,0.6976,0.16,-0.5656,0.2293,0.8804,0.0856,-1.2635,0.0972,6.3703,2.3082,1.6385,0.3623,4.1161,1.034,0.28,0.2512,1.5674,0.4395,1.4089,0.2804,6.1713,1.3129,7.309,1.4115,52.1847,0.2605,0.0422,2.9339,159.1128,40.1297
REACTIVE_examples (55),reactive_tissue,0,149,14.034,0.2975,42.207,5.893,21.1984,9.4394,1.1044,0.4453,18.6597,7.0014,1.2779,0.3752,0.8097,0.2046,-0.9236,0.2527,0.6816,0.1631,-0.5964,0.2393,0.8808,0.0738,-0.8933,0.0838,6.5501,2.2161,1.2217,0.3383,4.3185,0.9196,0.1484,0.213,1.5321,0.4453,1.7276,0.2906,6.1557,1.222,7.3759,1.3309,55.455,0.2446,0.0406,2.959,164.4434,41.3361
REACTIVE_examples (56),reactive_tissue,0,152,14.316,0.3062,44.396,6.346,21.3855,10.5423,1.2057,0.493,19.2506,7.6899,1.2848,0.3995,0.771,0.2156,-0.621,0.2796,0.7192,0.1572,-0.6491,0.2185,0.8653,0.0901,-1.2278,0.1042,6.8218,2.2834,1.0038,0.3347,4.2543,1.1416,0.5179,0.2683,1.6548,0.5605,2.2603,0.3387,5.8585,1.2062,7.2098,1.3619,48.5396,0.2558,0.0418,2.9869,162.9098,40.3517
REACTIVE_examples (57),reactive_tissue,0,158,14.881,0.3328,46.076,6.433,22.364,10.81,1.2842,0.4834,20.1916,8.1707,1.2077,0.4047,0.7485,0.2301,-0.4878,0.3074,0.6929,0.1593,-0.4196,0.2298,0.853,0.1005,-1.0479,0.1178,6.9244,2.4254,1.1105,0.3503,4.4791,1.1023,0.7938,0.2461,1.569,0.4923,2.2137,0.3137,5.7883,1.5117,7.1662,1.7649,51.4999,0.2586,0.0415,2.9749,168.9771,41.9157
REACTIVE_examples (58),reactive_tissue,0,164,15.447,0.3021,37.988,6.035,19.5575,8.4236,1.0872,0.4307,18.1483,6.9399,1.4121,0.3824,0.8012,0.2093,-0.925,0.2612,0.6846,0.1575,-0.5284,0.2301,0.8725,0.0867,-1.63,0.0994,6.3124,1.9743,1.1109,0.3128,4.1917,0.9442,0.8857,0.2252,1.5215,0.4088,1.8803,0.2687,5.7883,1.2095,6.9915,1.548,51.7079,0.256,0.0426,2.9704,161.4435,39.4313
REACTIVE_examples (59),reactive_tissue,0,130,12.244,0.2494,42.092,6.012,20.3674,10.2381,1.1453,0.5027,19.8157,8.3876,1.5236,0.4233,0.7059,0.2214,-0.2873,0.3137,0.7312,0.1509,-0.5697,0.2063,0.8422,0.0871,-0.7656,0.1035,6.7801,2.2156,0.9768,0.3268,4.1619,1.2274,0.072,0.2949,1.7482,0.9479,6.1162,0.5422,6.1218,1.4064,7.7006,1.5468,50.8377,0.2411,0.0406,2.9808,155.3423,40.1552
REACTIVE_examples (6),reactive_tissue,0,164,15.447,0.4002,50.348,6.415,25.9055,11.7205,0.9816,0.4524,21.7544,7.7546,0.9657,0.3565,0.7311,0.2113,-0.3168,0.289,0.7069,0.147,-0.8964,0.2079,0.8605,0.0835,-1.0015,0.097,7.3681,2.318,1.0628,0.3146,4.7809,1.0799,0.327,0.2259,1.5516,0.3741,1.3484,0.2411,5.9916,1.0665,7.1086,1.0023,39.518,0.2596,0.0455,3.0754,181.8035,35.7777
REACTIVE_examples (60),reactive_tissue,0,127,11.962,0.2198,39.081,5.975,18.3775,9.6484,0.9321,0.525,19.0722,8.9743,1.7397,0.4705,0.7021,0.2285,-0.3344,0.3255,0.7512,0.146,-0.9519,0.1944,0.8309,0.0952,-0.4832,0.1146,6.5586,2.1625,0.7708,0.3297,3.9245,1.216,0.4923,0.3099,1.7388,0.551,1.5652,0.3169,5.82,1.5189,7.7676,1.676,53.282,0.2318,0.04,2.9565,148.1703,39.8599
REACTIVE_examples (61),reactive_tissue,0,134,12.621,0.2738,47.247,6.367,21.6921,11.9155,1.3185,0.5493,19.6423,9.3514,2.1417,0.4761,0.7588,0.2128,-0.7903,0.2804,0.7147,0.1496,-0.5083,0.2094,0.8577,0.0913,-1.4645,0.1064,6.7339,2.2188,1.1178,0.3295,4.325,1.3126,0.6247,0.3035,1.6174,0.495,1.6249,0.306,6.2268,1.3681,7.7657,1.5027,44.4371,0.264,0.0437,2.9634,148.6802,38.6617
REACTIVE_examples (62),reactive_tissue,0,138,12.998,0.2876,40.733,6.106,22.1306,9.1562,0.5112,0.4137,20.1109,7.0039,0.8643,0.3483,0.7321,0.211,-0.3518,0.2882,0.7455,0.1415,-0.7314,0.1899,0.8507,0.0925,-1.0332,0.1087,7.0961,1.9801,0.5376,0.279,4.3176,1.0959,0.3758,0.2538,1.7016,0.5092,1.4154,0.2993,6.4831,1.3917,8.0051,1.3356,44.8356,0.2501,0.0428,2.9991,150.8066,38.2403
REACTIVE_examples (63),reactive_tissue,0,157,14.787,0.337,43.788,6.456,22.7922,9.5079,1.1031,0.4172,20.2439,7.6956,2.3364,0.3801,0.7523,0.2075,-0.6336,0.2758,0.7328,0.1384,-0.5673,0.1889,0.8708,0.0772,-1.2473,0.0887,7.0863,2.106,1.0947,0.2972,4.3861,1.0669,0.6369,0.2433,1.67,0.5954,3.3023,0.3565,6.0308,1.0482,7.3565,1.1786,47.3975,0.2453,0.0415,2.9791,165.0652,39.3758
REACTIVE_examples (64),reactive_tissue,0,161,15.164,0.3372,43.639,5.845,22.2338,10.0187,1.3381,0.4506,19.7525,7.6497,1.5835,0.3873,0.7691,0.2143,-0.6166,0.2786,0.7067,0.1742,-0.9059,0.2466,0.8674,0.0857,-1.0167,0.0988,6.9722,2.4115,1.253,0.3459,4.3527,0.9897,0.3985,0.2274,1.6279,0.511,1.4155,0.3139,5.8942,1.1551,7.1638,1.1669,50.6895,0.2418,0.0406,2.9911,168.52,40.3762
REACTIVE_examples (65),reactive_tissue,0,178,16.765,0.3503,39.123,6.099,20.8973,8.3938,1.3688,0.4017,18.9282,6.2863,1.6729,0.3321,0.7724,0.1947,-0.7224,0.2521,0.6873,0.1587,-0.6252,0.2309,0.8631,0.0815,-1.0761,0.0945,6.5683,1.8638,1.1554,0.2838,4.3823,0.9931,1.3247,0.2266,1.5236,0.3919,1.6269,0.2572,5.6888,1.0746,6.9512,1.1365,53.1651,0.2432,0.041,2.9921,172.6663,40.6206
REACTIVE_examples (66),reactive_tissue,0,178,16.765,0.3234,34.655,5.472,19.2912,7.4843,0.7621,0.388,18.2704,6.5074,1.258,0.3562,0.7822,0.2154,-0.7646,0.2754,0.6783,0.1627,-0.4479,0.2398,0.8665,0.0906,-1.3066,0.1046,6.3538,2.1048,2.1237,0.3313,4.2229,0.9074,0.1213,0.2149,1.5299,0.4634,2.1681,0.3029,5.7027,1.0162,6.8899,1.3259,49.8516,0.249,0.0422,2.9921,156.0473,39.2153
REACTIVE_examples (67),reactive_tissue,0,171,16.106,0.3188,38.664,6.021,19.7914,8.7946,1.1923,0.4444,18.7306,7.6175,1.4066,0.4067,0.7762,0.2291,-0.7331,0.2952,0.6641,0.1742,-0.3739,0.2624,0.8631,0.0923,-1.0816,0.1069,6.3736,2.0723,1.0755,0.3251,4.3104,1.0924,0.671,0.2534,1.5157,0.4901,2.7681,0.3234,5.7831,0.9698,6.8966,1.2235,59.1298,0.2425,0.0405,2.969,168.8642,41.3288
REACTIVE_examples (68),reactive_tissue,0,157,14.787,0.2694,33.195,5.154,18.2151,7.2789,0.7732,0.3996,17.1563,5.9574,1.4929,0.3472,0.8156,0.1975,-1.0101,0.2421,0.6884,0.1695,-0.7053,0.2463,0.8794,0.0825,-1.457,0.0938,6.1367,1.8478,1.2421,0.3011,4.028,0.9067,0.2702,0.2251,1.5576,0.4527,1.4675,0.2906,5.8548,1.4153,7.2235,1.4707,48.0084,0.2522,0.0427,2.9486,149.0823,38.3989
REACTIVE_examples (69),reactive_tissue,0,130,12.244,0.2616,42.385,6.116,21.3619,9.6396,0.8504,0.4513,19.3451,7.6702,1.3099,0.3965,0.77,0.2103,-0.7782,0.2731,0.684,0.1672,-0.6128,0.2445,0.8669,0.0835,-1.2736,0.0963,6.617,2.1933,1.4475,0.3315,4.3781,1.0899,0.0936,0.2489,1.5476,0.4754,2.2105,0.3072,6.3081,1.5447,7.8933,1.487,47.684,0.2474,0.0419,2.9812,153.9431,39.7862
REACTIVE_examples (7),reactive_tissue,0,167,15.729,0.3881,51.07,6.576,24.6736,11.984,1.2596,0.4857,21.4942,9.5083,1.9119,0.4424,0.7416,0.2296,-0.4952,0.3096,0.6962,0.1602,-0.4256,0.2301,0.8622,0.085,-0.9937,0.0986,7.2699,2.7515,1.7263,0.3785,4.6604,1.1948,0.8659,0.2564,1.5818,0.49,1.6326,0.3097,5.7583,1.2051,7.0375,1.4303,42.0535,0.258,0.0453,3.0505,184.2122,36.0341
REACTIVE_examples (70),reactive_tissue,0,142,13.374,0.2759,39.809,5.837,20.628,10.018,0.5323,0.4857,19.0634,7.3735,0.65,0.3868,0.7521,0.2164,-0.3713,0.2877,0.7251,0.1464,-0.6823,0.2019,0.8574,0.0946,-1.1643,0.1103,6.6894,2.2344,0.7158,0.334,4.2011,1.1636,0.1778,0.277,1.6244,0.4408,1.2257,0.2713,5.835,1.3882,7.4868,1.4248,49.3623,0.2503,0.0421,3.0239,156.0378,38.9776
REACTIVE_examples (71),reactive_tissue,0,169,15.918,0.3058,37.615,6.074,19.2118,8.017,1.3603,0.4173,17.7679,6.2712,1.4647,0.353,0.806,0.1969,-0.7792,0.2443,0.6707,0.1572,-0.4725,0.2344,0.8772,0.0721,-1.0084,0.0821,6.1778,1.8798,1.0472,0.3043,4.2004,0.9284,0.8941,0.221,1.4837,0.3765,1.4541,0.2538,5.7725,1.2515,6.9482,1.4376,55.7988,0.2478,0.0411,2.9735,164.8369,40.1315
REACTIVE_examples (72),reactive_tissue,0,133,12.527,0.2858,49.65,6.942,22.813,13.119,1.4889,0.5751,20.9461,9.1555,1.3181,0.4371,0.6918,0.2118,-0.2178,0.3061,0.728,0.1552,-0.8778,0.2132,0.8324,0.0956,-0.9134,0.1148,7.0664,2.3296,0.7531,0.3297,4.4296,1.4316,0.532,0.3232,1.6579,0.4858,1.1831,0.293,6.4723,1.6326,7.8865,1.6286,49.8512,0.2254,0.0399,3.0525,158.5099,38.7646
REACTIVE_examples (73),reactive_tissue,0,127,11.962,0.2211,41.653,6.338,18.4809,10.5766,1.3878,0.5723,18.4821,8.4755,1.7492,0.4586,0.7263,0.2223,-0.4184,0.3061,0.737,0.1661,-0.7158,0.2253,0.8465,0.0831,-0.6452,0.0982,6.4184,2.0323,0.7762,0.3166,3.9249,1.3911,0.4113,0.3544,1.7677,0.6519,1.3744,0.3688,6.185,1.6512,7.8967,1.8363,56.4212,0.2334,0.0397,2.956,153.7076,41.0982
REACTIVE_examples (74),reactive_tissue,0,117,11.02,0.2219,40.997,6.089,20.1327,9.7975,0.695,0.4866,17.864,6.8774,1.2806,0.385,0.8156,0.1961,-0.9023,0.2404,0.6795,0.1618,-0.3588,0.2381,0.8835,0.072,-0.9516,0.0815,6.2993,2.1389,1.0188,0.3395,4.1866,1.1559,0.1823,0.2761,1.5539,0.5824,3.8033,0.3748,6.5385,1.4491,8.4333,1.6425,46.7774,0.2576,0.043,2.979,152.0805,39.1792
REACTIVE_examples (75),reactive_tissue,0,115,10.831,0.277,54.505,6.608,25.576,13.6208,1.1378,0.5326,22.6149,9.5541,1.5672,0.4225,0.6738,0.2159,-0.027,0.3204,0.763,0.1536,-1.1621,0.2013,0.8399,0.0946,-0.5881,0.1126,7.9369,2.9995,1.4843,0.3779,4.4679,1.3597,0.3697,0.3043,1.8715,0.7801,2.0317,0.4168,6.7709,1.6903,8.487,1.7882,45.2398,0.245,0.0421,2.9836,154.216,39.1871
REACTIVE_examples (76),reactive_tissue,0,139,13.092,0.2866,47.353,6.745,21.8892,12.3031,0.9355,0.5621,19.8227,8.3528,0.8226,0.4214,0.727,0.2014,-0.3949,0.2769,0.7241,0.1693,-0.8861,0.2338,0.8478,0.0833,-1.2448,0.0982,6.8844,2.3949,0.7496,0.3479,4.2715,1.4334,0.3546,0.3356,1.6951,0.5797,1.6388,0.342,6.1248,1.4812,7.6424,1.5522,52.1525,0.2403,0.0403,2.9801,163.6719,41.1726
REACTIVE_examples (77),reactive_tissue,0,133,12.527,0.2798,41.836,6.114,22.3341,9.653,0.8165,0.4322,20.0136,7.895,1.4598,0.3945,0.7572,0.2095,-0.6829,0.2767,0.7177,0.1347,-0.6208,0.1877,0.8631,0.0825,-1.1565,0.0956,6.866,2.2264,1.4331,0.3243,4.4237,1.149,0.5084,0.2597,1.5814,0.4176,1.5867,0.2641,6.3138,1.4827,7.747,1.7725,52.3244,0.2387,0.0405,2.9899,162.752,40.3802
REACTIVE_examples (78),reactive_tissue,0,179,16.859,0.3098,34.209,6.045,18.3785,7.6913,0.7302,0.4185,18.2366,6.8452,1.3124,0.3754,0.7474,0.2269,-0.4559,0.3036,0.6802,0.1515,-0.5665,0.2227,0.8644,0.0967,-1.4323,0.1119,6.0873,1.6856,0.815,0.2769,4.1678,1.0809,0.4273,0.2594,1.5007,0.4151,2.9826,0.2766,5.4889,1.1671,6.7592,1.1627,69.7528,0.1778,0.0355,3.0947,159.5935,39.2751
REACTIVE_examples (79),reactive_tissue,0,179,16.859,0.3199,37.912,6.16,18.9754,8.4368,1.7006,0.4446,18.1502,8.1431,2.6718,0.4486,0.8003,0.2323,-0.9969,0.2902,0.6481,0.161,-0.1918,0.2483,0.8765,0.1036,-1.8182,0.1182,6.0834,1.8664,1.6988,0.3068,4.2846,1.0662,0.9044,0.2488,1.4553,0.4306,2.6015,0.2959,5.6562,1.137,6.7829,1.0258,63.6404,0.1914,0.0371,3.071,156.7164,38.6896
REACTIVE_examples (8),reactive_tissue,0,154,14.505,0.3823,50.691,6.504,26.3551,12.441,0.5582,0.4721,22.1476,9.4343,1.0704,0.426,0.7399,0.2212,-0.5519,0.299,0.7085,0.1543,-0.9607,0.2177,0.8655,0.0811,-1.1954,0.0937,7.5143,2.8082,1.0332,0.3737,4.7628,1.2279,0.1501,0.2578,1.5835,0.4695,2.718,0.2965,6.0906,1.1507,7.4313,1.2016,39.8723,0.2655,0.0458,3.0266,184.1595,36.0572
REACTIVE_examples (80),reactive_tissue,0,196,18.461,0.33,32.777,5.268,17.8737,6.7928,1.0344,0.38,17.2711,5.9899,1.5167,0.3468,0.7968,0.2069,-0.6264,0.2596,0.6686,0.1545,-0.4021,0.2311,0.8791,0.0777,-1.069,0.0884,5.9642,1.804,1.3634,0.3025,4.0692,0.7864,0.3251,0.1933,1.4752,0.3639,1.294,0.2466,5.5149,1.003,6.5525,1.1189,66.6261,0.1788,0.0362,3.1052,159.4819,37.8883
REACTIVE_examples (81),reactive_tissue,0,195,18.366,0.3337,35.792,5.548,18.1683,8.0752,1.2878,0.4445,17.8112,6.7683,1.4395,0.38,0.7675,0.2176,-0.5601,0.2836,0.6884,0.1636,-0.5086,0.2376,0.8701,0.0909,-1.4877,0.1045,6.1349,1.9224,1.28,0.3133,4.034,0.9651,0.8126,0.2392,1.5568,0.4813,2.3498,0.3091,5.5612,0.8872,6.6479,0.8642,66.3472,0.1801,0.0361,3.1237,161.5534,39.0024
REACTIVE_examples (82),reactive_tissue,0,192,18.084,0.342,36.078,5.495,18.9128,7.6651,1.6343,0.4053,18.6665,7.4112,1.6828,0.397,0.7594,0.2402,-0.6484,0.3163,0.6747,0.1543,-0.4506,0.2287,0.8649,0.0937,-1.084,0.1083,6.2403,2.0399,1.929,0.3269,4.1928,0.8473,0.8187,0.2021,1.5065,0.4655,2.9715,0.309,5.6134,0.9426,6.6561,0.9348,72.6092,0.1738,0.0353,3.1262,163.1601,38.6609
REACTIVE_examples (83),reactive_tissue,0,172,16.2,0.2939,36.419,5.63,18.141,8.3782,1.1573,0.4618,17.9918,7.605,1.609,0.4227,0.7704,0.2344,-0.7337,0.3043,0.6926,0.1617,-0.498,0.2335,0.8692,0.0894,-1.3239,0.1029,6.093,1.8243,1.3337,0.2994,4.0345,1.057,-0.1563,0.262,1.5805,0.5565,3.0445,0.3521,5.6882,1.0617,6.9019,1.1987,69.4491,0.1788,0.0362,3.0941,161.9318,38.3267
REACTIVE_examples (84),reactive_tissue,0,193,18.178,0.3089,32.639,5.236,16.9949,7.2552,0.9632,0.4269,16.7597,6.3818,1.7316,0.3808,0.8058,0.2149,-0.9694,0.2667,0.6871,0.1421,-0.2392,0.2068,0.8733,0.0995,-1.6595,0.114,5.8889,1.8576,1.6166,0.3154,3.943,0.8742,0.1989,0.2217,1.5136,0.4056,1.8274,0.268,5.559,0.9889,6.665,1.052,62.8461,0.1837,0.038,3.1055,151.6089,36.019
REACTIVE_examples (85),reactive_tissue,0,172,16.2,0.3025,36.254,5.838,18.6737,8.426,0.8835,0.4512,19.1794,8.3263,1.3752,0.4341,0.7217,0.2536,-0.3988,0.3514,0.6869,0.1646,-0.6274,0.2397,0.8339,0.1139,-0.9043,0.1366,6.3611,2.0621,1.059,0.3242,4.2166,1.1153,0.164,0.2645,1.5439,0.4289,1.2981,0.2778,5.4891,1.1812,6.9388,1.1448,67.651,0.1766,0.0362,3.1039,159.7292,38.257
REACTIVE_examples (86),reactive_tissue,0,160,15.07,0.2938,41.751,5.905,19.4963,9.8532,1.5891,0.5054,19.4435,8.0694,1.4917,0.415,0.7019,0.2286,-0.1669,0.3257,0.7093,0.1614,-0.8328,0.2275,0.8418,0.1001,-0.8235,0.1189,6.5266,2.1699,1.0484,0.3325,4.1629,1.0339,0.3001,0.2484,1.5925,0.4266,1.1386,0.2679,5.9191,1.0501,7.1692,1.1488,64.1382,0.1813,0.0372,3.1318,155.0293,37.8252
REACTIVE_examples (87),reactive_tissue,0,187,17.613,0.3018,31.306,5.076,17.1328,6.852,1.034,0.3999,16.7191,5.983,1.8596,0.3579,0.8089,0.2026,-0.8676,0.2505,0.6393,0.1677,-0.5166,0.2623,0.8868,0.0778,-1.7377,0.0878,5.6838,1.7241,1.5451,0.3033,4.0254,0.7659,-0.2964,0.1903,1.415,0.3171,1.3506,0.2241,5.6771,0.8904,6.7241,0.9817,72.9365,0.1727,0.0366,3.1305,147.6521,36.5657
REACTIVE_examples (88),reactive_tissue,0,169,15.918,0.3031,36.968,5.635,19.039,8.3751,1.8876,0.4399,18.3093,7.0243,1.7046,0.3836,0.77,0.2288,-0.6158,0.2972,0.6784,0.1702,-0.5963,0.2509,0.8692,0.0932,-1.0786,0.1072,6.2652,1.9696,1.8015,0.3144,4.1722,0.9771,0.2279,0.2342,1.5466,0.4949,1.9719,0.32,5.8065,1.0155,7.0799,1.1164,66.9423,0.1848,0.0366,3.1234,155.2141,38.9237
REACTIVE_examples (89),reactive_tissue,0,186,17.519,0.3081,35.983,5.626,17.5856,8.514,1.1864,0.4841,17.5184,6.8844,1.437,0.393,0.7644,0.2219,-0.5987,0.2902,0.704,0.1621,-0.818,0.2303,0.8597,0.0942,-1.2984,0.1096,6.0734,1.8457,1.1057,0.3039,3.9446,1.0616,0.273,0.2691,1.5978,0.4995,1.9488,0.3126,5.5463,1.2184,6.7364,1.3641,73.4495,0.1716,0.0351,3.1269,161.9799,39.3054
REACTIVE_examples (9),reactive_tissue,0,168,15.823,0.3841,49.029,6.574,24.2773,11.4196,1.5472,0.4704,20.5141,8.3456,2.0384,0.4068,0.7741,0.2053,-0.6662,0.2652,0.6987,0.1725,-0.5538,0.2469,0.8735,0.082,-1.3846,0.0938,7.2333,2.542,1.7061,0.3514,4.5771,1.1781,1.2159,0.2574,1.6262,0.5711,2.0171,0.3512,5.7947,1.2567,7.0148,1.2752,40.1302,0.2697,0.047,3.0132,188.6244,35.5304
REACTIVE_examples (90),reactive_tissue,0,181,17.048,0.2951,32.72,5.682,17.3126,7.1672,1.1995,0.414,17.1682,6.5648,1.7554,0.3824,0.7931,0.2201,-0.9258,0.2775,0.6872,0.1685,-0.6999,0.2452,0.8694,0.103,-1.669,0.1185,5.9802,1.6793,1.2134,0.2808,3.9795,1.0104,0.6689,0.2539,1.5557,0.4669,1.8485,0.3001,5.5955,1.0834,6.7826,1.1715,70.4197,0.1756,0.0359,3.1117,158.6549,38.6123
REACTIVE_examples (91),reactive_tissue,0,174,16.388,0.2924,30.071,5.248,17.8437,6.2294,0.376,0.3491,17.0242,5.144,1.0392,0.3022,0.8093,0.2002,-0.8318,0.2474,0.6839,0.1487,-0.618,0.2174,0.88,0.0824,-1.725,0.0937,5.959,1.4986,0.8294,0.2515,4.0497,0.7917,-0.1454,0.1955,1.4955,0.3609,1.9172,0.2413,5.8054,1.1734,7.0286,1.1409,70.4977,0.1724,0.0357,3.111,153.4422,38.2313
REACTIVE_examples (92),reactive_tissue,0,197,18.555,0.3143,30.047,4.866,16.9366,6.2341,0.8576,0.3681,16.5497,5.4829,1.4671,0.3313,0.8206,0.2096,-1.0061,0.2554,0.6744,0.1578,-0.345,0.234,0.88,0.0888,-1.6549,0.101,5.8245,1.5649,1.4074,0.2687,3.9623,0.8385,-0.3724,0.2116,1.5237,0.4984,2.4622,0.3271,5.3955,0.9245,6.564,0.8449,73.8852,0.1768,0.0356,3.0945,159.089,38.7162
REACTIVE_examples (93),reactive_tissue,0,174,16.388,0.2724,31.305,5.43,16.6203,6.696,1.0228,0.4029,16.7903,6.7975,1.8229,0.4048,0.8076,0.2232,-1.0496,0.2763,0.6775,0.1485,-0.4456,0.2191,0.8747,0.0985,-1.7661,0.1126,5.8095,1.8542,1.6389,0.3192,3.9411,0.9165,0.1899,0.2326,1.5028,0.4446,2.639,0.2958,5.64,1.1731,6.8927,1.2447,70.1872,0.181,0.0359,3.0732,157.9333,39.1597
REACTIVE_examples (94),reactive_tissue,0,170,16.012,0.2871,36.134,5.924,17.9312,7.9782,2.1169,0.4449,17.6891,6.9411,1.6075,0.3924,0.7867,0.2369,-0.7516,0.3011,0.6523,0.1748,-0.2973,0.2679,0.8749,0.0952,-1.4806,0.1088,6.0111,1.8996,1.596,0.316,4.1215,0.9818,0.709,0.2382,1.5006,0.5184,2.6528,0.3454,5.5925,1.148,6.869,1.2334,64.1223,0.1878,0.0366,3.0615,161.7825,39.5248
REACTIVE_examples (95),reactive_tissue,0,192,18.084,0.3242,33.761,5.301,17.9254,7.0675,1.5336,0.3943,17.1234,6.0866,1.7914,0.3555,0.814,0.2121,-0.875,0.2606,0.6583,0.1721,-0.1413,0.2615,0.8843,0.0868,-1.5849,0.0981,6.0169,1.8962,1.4563,0.3151,4.0561,0.744,0.6939,0.1834,1.5033,0.4562,1.6157,0.3035,5.6173,0.9404,6.6476,1.0011,73.4767,0.1762,0.035,3.1046,166.3704,39.1313
REACTIVE_examples (96),reactive_tissue,0,160,15.07,0.2806,34.848,5.892,18.6194,8.2943,0.7859,0.4455,18.4138,7.247,1.0057,0.3936,0.7478,0.2283,-0.4934,0.3052,0.6934,0.1696,-0.7193,0.2446,0.8577,0.0911,-1.0932,0.1063,6.2893,1.9773,0.7581,0.3144,4.1076,1.1424,0.4043,0.2781,1.587,0.5178,2.0827,0.3263,5.9604,1.2497,7.3033,1.1839,66.5948,0.1911,0.0365,3.0404,154.8594,39.4945
REACTIVE_examples (97),reactive_tissue,0,140,13.186,0.2723,42.26,6.412,20.6507,10.4553,1.5705,0.5063,19.764,8.728,1.7037,0.4416,0.7273,0.229,-0.4846,0.3148,0.7079,0.1542,-0.5632,0.2178,0.8518,0.0871,-0.8157,0.1023,6.6477,2.1295,1.0603,0.3203,4.2756,1.2133,0.3162,0.2838,1.629,0.6171,2.9832,0.3788,6.235,1.4959,7.7862,1.282,60.4426,0.1938,0.0378,3.0621,152.1436,37.9264
REACTIVE_examples (98),reactive_tissue,0,179,16.859,0.3102,33.715,5.361,18.3997,7.2843,0.8949,0.3959,18.1617,6.6447,1.4117,0.3659,0.76,0.2259,-0.5429,0.2972,0.7316,0.1463,-0.8561,0.1999,0.8616,0.1036,-1.6065,0.1203,6.4755,1.973,1.1195,0.3047,3.9905,0.9574,0.6642,0.2399,1.6765,0.5901,2.655,0.352,5.6969,1.1332,6.835,1.368,71.2532,0.1777,0.0358,3.0763,160.9436,38.7099
REACTIVE_examples (99),reactive_tissue,0,161,15.164,0.289,36.881,5.829,19.0598,8.9197,0.9783,0.468,18.8162,7.422,1.6341,0.3944,0.7234,0.2184,-0.2971,0.3019,0.7261,0.1624,-0.8817,0.2236,0.8527,0.0948,-1.188,0.1111,6.5635,2.1506,1.629,0.3277,4.0386,1.1262,0.2842,0.2789,1.712,0.6941,2.9998,0.4054,5.8806,1.2409,7.201,1.2299,66.3343,0.1836,0.0368,3.0819,148.5674,37.634
