validation,model,fold,row,y_true,y_prob,image_name,block
A_casuale,logistic_regression,0,3,1,0.9753640426584902,FL_examples (101),FL_examples#10
A_casuale,logistic_regression,0,8,1,0.973098000115907,FL_examples (106),FL_examples#10
A_casuale,logistic_regression,0,11,1,0.9777483875597048,FL_examples (109),FL_examples#10
A_casuale,logistic_regression,0,13,1,0.9900925950207673,FL_examples (110),FL_examples#10
A_casuale,logistic_regression,0,25,1,0.9989912624328445,FL_examples (121),FL_examples#12
A_casuale,logistic_regression,0,30,1,0.9990361903003621,FL_examples (126),FL_examples#12
A_casuale,logistic_regression,0,32,1,0.9966807140243099,FL_examples (128),FL_examples#12
A_casuale,logistic_regression,0,33,1,0.990833453642456,FL_examples (129),FL_examples#12
A_casuale,logistic_regression,0,36,1,0.9946396106132269,FL_examples (131),FL_examples#13
A_casuale,logistic_regression,0,38,1,0.9829869950779991,FL_examples (133),FL_examples#13
A_casuale,logistic_regression,0,59,1,0.9051082718967692,FL_examples (152),FL_examples#15
A_casuale,logistic_regression,0,61,1,0.9849970532702176,FL_examples (154),FL_examples#15
A_casuale,logistic_regression,0,62,1,0.9374767663979928,FL_examples (155),FL_examples#15
A_casuale,logistic_regression,0,65,1,0.849302542637195,FL_examples (158),FL_examples#15
A_casuale,logistic_regression,0,66,1,0.693029163056072,FL_examples (159),FL_examples#15
A_casuale,logistic_regression,0,68,1,0.8200932306975574,FL_examples (160),FL_examples#15
A_casuale,logistic_regression,0,82,1,0.9560883480992708,FL_examples (173),FL_examples#17
A_casuale,logistic_regression,0,88,1,0.9365393610645708,FL_examples (179),FL_examples#17
A_casuale,logistic_regression,0,89,1,0.15342607921978096,FL_examples (18),FL_examples#1
A_casuale,logistic_regression,0,94,1,0.8682214033672017,FL_examples (184),FL_examples#18
A_casuale,logistic_regression,0,95,1,0.8222869409776088,FL_examples (185),FL_examples#18
A_casuale,logistic_regression,0,102,1,0.4980830471401795,FL_examples (191),FL_examples#19
A_casuale,logistic_regression,0,107,1,0.8549597817921532,FL_examples (196),FL_examples#19
A_casuale,logistic_regression,0,120,1,0.6236161172015412,FL_examples (207),FL_examples#20
A_casuale,logistic_regression,0,126,1,0.7089570085877789,FL_examples (212),FL_examples#21
A_casuale,logistic_regression,0,139,1,0.9613379772472982,FL_examples (224),FL_examples#22
A_casuale,logistic_regression,0,148,1,0.9390049865138517,FL_examples (232),FL_examples#23
A_casuale,logistic_regression,0,162,1,0.8492962724219472,FL_examples (245),FL_examples#24
A_casuale,logistic_regression,0,163,1,0.8549816129661544,FL_examples (246),FL_examples#24
A_casuale,logistic_regression,0,164,1,0.8779206110110241,FL_examples (247),FL_examples#24
A_casuale,logistic_regression,0,169,1,0.9983779028114843,FL_examples (251),FL_examples#25
A_casuale,logistic_regression,0,173,1,0.7940981729719487,FL_examples (255),FL_examples#25
A_casuale,logistic_regression,0,177,1,0.9903265168557035,FL_examples (259),FL_examples#25
A_casuale,logistic_regression,0,181,1,0.6552607072746705,FL_examples (262),FL_examples#26
A_casuale,logistic_regression,0,189,1,0.6923293581872093,FL_examples (27),FL_examples#2
A_casuale,logistic_regression,0,195,1,0.9886548992838848,FL_examples (275),FL_examples#27
A_casuale,logistic_regression,0,198,1,0.25838776831613197,FL_examples (278),FL_examples#27
A_casuale,logistic_regression,0,200,1,0.6219181943565055,FL_examples (28),FL_examples#2
A_casuale,logistic_regression,0,202,1,0.1273558702356709,FL_examples (281),FL_examples#28
A_casuale,logistic_regression,0,212,1,0.7125572256605589,FL_examples (290),FL_examples#28
A_casuale,logistic_regression,0,216,1,0.311072979628075,FL_examples (294),FL_examples#29
A_casuale,logistic_regression,0,219,1,0.2554646996697439,FL_examples (297),FL_examples#29
A_casuale,logistic_regression,0,224,1,0.49276819025240626,FL_examples (300),FL_examples#29
A_casuale,logistic_regression,0,230,1,0.9331970978154202,FL_examples (36),FL_examples#3
A_casuale,logistic_regression,0,235,1,0.9447308610036712,FL_examples (40),FL_examples#3
A_casuale,logistic_regression,0,236,1,0.7714423479256428,FL_examples (41),FL_examples#4
A_casuale,logistic_regression,0,243,1,0.9878947308272559,FL_examples (48),FL_examples#4
A_casuale,logistic_regression,0,249,1,0.7527010469278971,FL_examples (53),FL_examples#5
A_casuale,logistic_regression,0,251,1,0.700383959146308,FL_examples (55),FL_examples#5
A_casuale,logistic_regression,0,253,1,0.29761464417644606,FL_examples (57),FL_examples#5
A_casuale,logistic_regression,0,256,1,0.14678153776779082,FL_examples (6),FL_examples#0
A_casuale,logistic_regression,0,259,1,0.9266477952082913,FL_examples (62),FL_examples#6
A_casuale,logistic_regression,0,261,1,0.8354594794940692,FL_examples (64),FL_examples#6
A_casuale,logistic_regression,0,263,1,0.9773601752858211,FL_examples (66),FL_examples#6
A_casuale,logistic_regression,0,270,1,0.9747173596406116,FL_examples (72),FL_examples#7
A_casuale,logistic_regression,0,271,1,0.9849295112371746,FL_examples (73),FL_examples#7
A_casuale,logistic_regression,0,277,1,0.9738207366161953,FL_examples (79),FL_examples#7
A_casuale,logistic_regression,0,278,1,0.05391119051713626,FL_examples (8),FL_examples#0
A_casuale,logistic_regression,0,281,1,0.9926516495927727,FL_examples (82),FL_examples#8
A_casuale,logistic_regression,0,294,1,0.991560424081511,FL_examples (94),FL_examples#9
A_casuale,logistic_regression,0,307,0,0.1422645096249352,REACTIVE_examples (105),REACTIVE_examples#10
A_casuale,logistic_regression,0,326,0,0.008067637285359695,REACTIVE_examples (122),REACTIVE_examples#12
A_casuale,logistic_regression,0,330,0,0.18989178525915623,REACTIVE_examples (126),REACTIVE_examples#12
A_casuale,logistic_regression,0,332,0,0.015212035705462333,REACTIVE_examples (128),REACTIVE_examples#12
A_casuale,logistic_regression,0,336,0,0.19274426257041344,REACTIVE_examples (131),REACTIVE_examples#13
A_casuale,logistic_regression,0,338,0,0.24531521362495354,REACTIVE_examples (133),REACTIVE_examples#13
A_casuale,logistic_regression,0,346,0,0.028651984843802714,REACTIVE_examples (140),REACTIVE_examples#13
A_casuale,logistic_regression,0,347,0,0.00876601518113159,REACTIVE_examples (141),REACTIVE_examples#14
A_casuale,logistic_regression,0,348,0,0.008865515261054651,REACTIVE_examples (142),REACTIVE_examples#14
A_casuale,logistic_regression,0,350,0,0.14894272623563676,REACTIVE_examples (144),REACTIVE_examples#14
A_casuale,logistic_regression,0,353,0,0.010688678267827682,REACTIVE_examples (147),REACTIVE_examples#14
A_casuale,logistic_regression,0,358,0,0.08094047112380846,REACTIVE_examples (151),REACTIVE_examples#15
A_casuale,logistic_regression,0,361,0,0.01340752283225936,REACTIVE_examples (154),REACTIVE_examples#15
A_casuale,logistic_regression,0,366,0,0.01259052978856713,REACTIVE_examples (159),REACTIVE_examples#15
A_casuale,logistic_regression,0,382,0,0.0727708541969744,REACTIVE_examples (173),REACTIVE_examples#17
A_casuale,logistic_regression,0,388,0,0.048725617582930904,REACTIVE_examples (179),REACTIVE_examples#17
A_casuale,logistic_regression,0,405,0,0.7984516810872209,REACTIVE_examples (194),REACTIVE_examples#19
A_casuale,logistic_regression,0,408,0,0.05328091350654356,REACTIVE_examples (197),REACTIVE_examples#19
A_casuale,logistic_regression,0,414,0,0.656128768427045,REACTIVE_examples (201),REACTIVE_examples#20
A_casuale,logistic_regression,0,421,0,0.03872987157261428,REACTIVE_examples (208),REACTIVE_examples#20
A_casuale,logistic_regression,0,428,0,0.049496846079096574,REACTIVE_examples (214),REACTIVE_examples#21
A_casuale,logistic_regression,0,430,0,0.43710297887224187,REACTIVE_examples (216),REACTIVE_examples#21
A_casuale,logistic_regression,0,439,0,0.11236762127652564,REACTIVE_examples (224),REACTIVE_examples#22
A_casuale,logistic_regression,0,442,0,0.03769998721072682,REACTIVE_examples (227),REACTIVE_examples#22
A_casuale,logistic_regression,0,450,0,0.009360041322512653,REACTIVE_examples (234),REACTIVE_examples#23
A_casuale,logistic_regression,0,456,0,0.018966615425672868,REACTIVE_examples (24),REACTIVE_examples#2
A_casuale,logistic_regression,0,458,0,0.0807380615972605,REACTIVE_examples (241),REACTIVE_examples#24
A_casuale,logistic_regression,0,462,0,0.05059582995873839,REACTIVE_examples (245),REACTIVE_examples#24
A_casuale,logistic_regression,0,466,0,0.12517791216222343,REACTIVE_examples (249),REACTIVE_examples#24
A_casuale,logistic_regression,0,467,0,0.005750388696603472,REACTIVE_examples (25),REACTIVE_examples#2
A_casuale,logistic_regression,0,474,0,0.3503406654336141,REACTIVE_examples (256),REACTIVE_examples#25
A_casuale,logistic_regression,0,480,0,0.09573951865985969,REACTIVE_examples (261),REACTIVE_examples#26
A_casuale,logistic_regression,0,491,0,0.2392154081137743,REACTIVE_examples (271),REACTIVE_examples#27
A_casuale,logistic_regression,0,493,0,0.2512226122172306,REACTIVE_examples (273),REACTIVE_examples#27
A_casuale,logistic_regression,0,495,0,0.4054066362856972,REACTIVE_examples (275),REACTIVE_examples#27
A_casuale,logistic_regression,0,502,0,0.3057455103046539,REACTIVE_examples (281),REACTIVE_examples#28
A_casuale,logistic_regression,0,505,0,0.12620368634705076,REACTIVE_examples (284),REACTIVE_examples#28
A_casuale,logistic_regression,0,510,0,0.006922437626959825,REACTIVE_examples (289),REACTIVE_examples#28
A_casuale,logistic_regression,0,524,0,0.04473012516797232,REACTIVE_examples (300),REACTIVE_examples#29
A_casuale,logistic_regression,0,528,0,0.15382806476318472,REACTIVE_examples (34),REACTIVE_examples#3
A_casuale,logistic_regression,0,539,0,0.9433311101611981,REACTIVE_examples (44),REACTIVE_examples#4
A_casuale,logistic_regression,0,541,0,0.7490923467055757,REACTIVE_examples (46),REACTIVE_examples#4
A_casuale,logistic_regression,0,543,0,0.1374266849492144,REACTIVE_examples (48),REACTIVE_examples#4
A_casuale,logistic_regression,0,544,0,0.9235148893649795,REACTIVE_examples (49),REACTIVE_examples#4
A_casuale,logistic_regression,0,546,0,0.898035060346112,REACTIVE_examples (50),REACTIVE_examples#4
A_casuale,logistic_regression,0,547,0,0.7630666300285683,REACTIVE_examples (51),REACTIVE_examples#5
A_casuale,logistic_regression,0,550,0,0.6728981409106399,REACTIVE_examples (54),REACTIVE_examples#5
A_casuale,logistic_regression,0,552,0,0.3295366826323759,REACTIVE_examples (56),REACTIVE_examples#5
A_casuale,logistic_regression,0,556,0,0.08634984733495506,REACTIVE_examples (6),REACTIVE_examples#0
A_casuale,logistic_regression,0,565,0,0.7804528950495554,REACTIVE_examples (68),REACTIVE_examples#6
A_casuale,logistic_regression,0,566,0,0.7833816382362208,REACTIVE_examples (69),REACTIVE_examples#6
A_casuale,logistic_regression,0,568,0,0.2329247339175961,REACTIVE_examples (70),REACTIVE_examples#6
A_casuale,logistic_regression,0,579,0,0.028805482619036954,REACTIVE_examples (80),REACTIVE_examples#7
A_casuale,logistic_regression,0,582,0,0.04316992744838241,REACTIVE_examples (83),REACTIVE_examples#8
A_casuale,logistic_regression,0,583,0,0.06546798771692314,REACTIVE_examples (84),REACTIVE_examples#8
A_casuale,logistic_regression,0,587,0,0.061114448631277844,REACTIVE_examples (88),REACTIVE_examples#8
A_casuale,logistic_regression,0,588,0,0.017519421407197974,REACTIVE_examples (89),REACTIVE_examples#8
A_casuale,logistic_regression,0,590,0,0.02381920718518705,REACTIVE_examples (90),REACTIVE_examples#8
A_casuale,logistic_regression,0,591,0,0.06234310009505222,REACTIVE_examples (91),REACTIVE_examples#9
A_casuale,logistic_regression,0,598,0,0.0295245907250622,REACTIVE_examples (98),REACTIVE_examples#9
A_casuale,random_forest,0,3,1,0.86,FL_examples (101),FL_examples#10
A_casuale,random_forest,0,8,1,0.9466666666666667,FL_examples (106),FL_examples#10
A_casuale,random_forest,0,11,1,0.98,FL_examples (109),FL_examples#10
A_casuale,random_forest,0,13,1,0.9233333333333333,FL_examples (110),FL_examples#10
A_casuale,random_forest,0,25,1,0.98,FL_examples (121),FL_examples#12
A_casuale,random_forest,0,30,1,0.9566666666666667,FL_examples (126),FL_examples#12
A_casuale,random_forest,0,32,1,0.9966666666666667,FL_examples (128),FL_examples#12
A_casuale,random_forest,0,33,1,0.8466666666666667,FL_examples (129),FL_examples#12
A_casuale,random_forest,0,36,1,0.9566666666666667,FL_examples (131),FL_examples#13
A_casuale,random_forest,0,38,1,0.95,FL_examples (133),FL_examples#13
A_casuale,random_forest,0,59,1,0.8366666666666667,FL_examples (152),FL_examples#15
A_casuale,random_forest,0,61,1,0.85,FL_examples (154),FL_examples#15
A_casuale,random_forest,0,62,1,0.8266666666666667,FL_examples (155),FL_examples#15
A_casuale,random_forest,0,65,1,0.8933333333333333,FL_examples (158),FL_examples#15
A_casuale,random_forest,0,66,1,0.73,FL_examples (159),FL_examples#15
A_casuale,random_forest,0,68,1,0.88,FL_examples (160),FL_examples#15
A_casuale,random_forest,0,82,1,0.8566666666666667,FL_examples (173),FL_examples#17
A_casuale,random_forest,0,88,1,0.93,FL_examples (179),FL_examples#17
A_casuale,random_forest,0,89,1,0.73,FL_examples (18),FL_examples#1
A_casuale,random_forest,0,94,1,0.8633333333333333,FL_examples (184),FL_examples#18
A_casuale,random_forest,0,95,1,0.8433333333333334,FL_examples (185),FL_examples#18
A_casuale,random_forest,0,102,1,0.51,FL_examples (191),FL_examples#19
A_casuale,random_forest,0,107,1,0.92,FL_examples (196),FL_examples#19
A_casuale,random_forest,0,120,1,0.49,FL_examples (207),FL_examples#20
A_casuale,random_forest,0,126,1,0.5833333333333334,FL_examples (212),FL_examples#21
A_casuale,random_forest,0,139,1,0.96,FL_examples (224),FL_examples#22
A_casuale,random_forest,0,148,1,0.9066666666666666,FL_examples (232),FL_examples#23
A_casuale,random_forest,0,162,1,0.7666666666666667,FL_examples (245),FL_examples#24
A_casuale,random_forest,0,163,1,0.5133333333333333,FL_examples (246),FL_examples#24
A_casuale,random_forest,0,164,1,0.73,FL_examples (247),FL_examples#24
A_casuale,random_forest,0,169,1,0.9033333333333333,FL_examples (251),FL_examples#25
A_casuale,random_forest,0,173,1,0.49666666666666665,FL_examples (255),FL_examples#25
A_casuale,random_forest,0,177,1,0.7866666666666666,FL_examples (259),FL_examples#25
A_casuale,random_forest,0,181,1,0.6933333333333334,FL_examples (262),FL_examples#26
A_casuale,random_forest,0,189,1,0.77,FL_examples (27),FL_examples#2
A_casuale,random_forest,0,195,1,0.7766666666666666,FL_examples (275),FL_examples#27
A_casuale,random_forest,0,198,1,0.41333333333333333,FL_examples (278),FL_examples#27
A_casuale,random_forest,0,200,1,0.6,FL_examples (28),FL_examples#2
A_casuale,random_forest,0,202,1,0.36666666666666664,FL_examples (281),FL_examples#28
A_casuale,random_forest,0,212,1,0.4633333333333333,FL_examples (290),FL_examples#28
A_casuale,random_forest,0,216,1,0.5333333333333333,FL_examples (294),FL_examples#29
A_casuale,random_forest,0,219,1,0.42,FL_examples (297),FL_examples#29
A_casuale,random_forest,0,224,1,0.4033333333333333,FL_examples (300),FL_examples#29
A_casuale,random_forest,0,230,1,0.9233333333333333,FL_examples (36),FL_examples#3
A_casuale,random_forest,0,235,1,0.8433333333333334,FL_examples (40),FL_examples#3
A_casuale,random_forest,0,236,1,0.69,FL_examples (41),FL_examples#4
A_casuale,random_forest,0,243,1,0.93,FL_examples (48),FL_examples#4
A_casuale,random_forest,0,249,1,0.72,FL_examples (53),FL_examples#5
A_casuale,random_forest,0,251,1,0.72,FL_examples (55),FL_examples#5
A_casuale,random_forest,0,253,1,0.7333333333333333,FL_examples (57),FL_examples#5
A_casuale,random_forest,0,256,1,0.39,FL_examples (6),FL_examples#0
A_casuale,random_forest,0,259,1,0.8533333333333334,FL_examples (62),FL_examples#6
A_casuale,random_forest,0,261,1,0.6533333333333333,FL_examples (64),FL_examples#6
A_casuale,random_forest,0,263,1,0.9633333333333334,FL_examples (66),FL_examples#6
A_casuale,random_forest,0,270,1,0.98,FL_examples (72),FL_examples#7
A_casuale,random_forest,0,271,1,0.9566666666666667,FL_examples (73),FL_examples#7
A_casuale,random_forest,0,277,1,0.77,FL_examples (79),FL_examples#7
A_casuale,random_forest,0,278,1,0.26666666666666666,FL_examples (8),FL_examples#0
A_casuale,random_forest,0,281,1,0.93,FL_examples (82),FL_examples#8
A_casuale,random_forest,0,294,1,0.7666666666666667,FL_examples (94),FL_examples#9
A_casuale,random_forest,0,307,0,0.10333333333333333,REACTIVE_examples (105),REACTIVE_examples#10
A_casuale,random_forest,0,326,0,0.13333333333333333,REACTIVE_examples (122),REACTIVE_examples#12
A_casuale,random_forest,0,330,0,0.44333333333333336,REACTIVE_examples (126),REACTIVE_examples#12
A_casuale,random_forest,0,332,0,0.3333333333333333,REACTIVE_examples (128),REACTIVE_examples#12
A_casuale,random_forest,0,336,0,0.33,REACTIVE_examples (131),REACTIVE_examples#13
A_casuale,random_forest,0,338,0,0.6166666666666667,REACTIVE_examples (133),REACTIVE_examples#13
A_casuale,random_forest,0,346,0,0.16,REACTIVE_examples (140),REACTIVE_examples#13
A_casuale,random_forest,0,347,0,0.06666666666666667,REACTIVE_examples (141),REACTIVE_examples#14
A_casuale,random_forest,0,348,0,0.13333333333333333,REACTIVE_examples (142),REACTIVE_examples#14
A_casuale,random_forest,0,350,0,0.41,REACTIVE_examples (144),REACTIVE_examples#14
A_casuale,random_forest,0,353,0,0.2966666666666667,REACTIVE_examples (147),REACTIVE_examples#14
A_casuale,random_forest,0,358,0,0.16,REACTIVE_examples (151),REACTIVE_examples#15
A_casuale,random_forest,0,361,0,0.10333333333333333,REACTIVE_examples (154),REACTIVE_examples#15
A_casuale,random_forest,0,366,0,0.18,REACTIVE_examples (159),REACTIVE_examples#15
A_casuale,random_forest,0,382,0,0.2866666666666667,REACTIVE_examples (173),REACTIVE_examples#17
A_casuale,random_forest,0,388,0,0.2633333333333333,REACTIVE_examples (179),REACTIVE_examples#17
A_casuale,random_forest,0,405,0,0.4166666666666667,REACTIVE_examples (194),REACTIVE_examples#19
A_casuale,random_forest,0,408,0,0.14666666666666667,REACTIVE_examples (197),REACTIVE_examples#19
A_casuale,random_forest,0,414,0,0.5433333333333333,REACTIVE_examples (201),REACTIVE_examples#20
A_casuale,random_forest,0,421,0,0.01,REACTIVE_examples (208),REACTIVE_examples#20
A_casuale,random_forest,0,428,0,0.15,REACTIVE_examples (214),REACTIVE_examples#21
A_casuale,random_forest,0,430,0,0.48333333333333334,REACTIVE_examples (216),REACTIVE_examples#21
A_casuale,random_forest,0,439,0,0.14,REACTIVE_examples (224),REACTIVE_examples#22
A_casuale,random_forest,0,442,0,0.14666666666666667,REACTIVE_examples (227),REACTIVE_examples#22
A_casuale,random_forest,0,450,0,0.01,REACTIVE_examples (234),REACTIVE_examples#23
A_casuale,random_forest,0,456,0,0.06,REACTIVE_examples (24),REACTIVE_examples#2
A_casuale,random_forest,0,458,0,0.5533333333333333,REACTIVE_examples (241),REACTIVE_examples#24
A_casuale,random_forest,0,462,0,0.023333333333333334,REACTIVE_examples (245),REACTIVE_examples#24
A_casuale,random_forest,0,466,0,0.19333333333333333,REACTIVE_examples (249),REACTIVE_examples#24
A_casuale,random_forest,0,467,0,0.10666666666666667,REACTIVE_examples (25),REACTIVE_examples#2
A_casuale,random_forest,0,474,0,0.2733333333333333,REACTIVE_examples (256),REACTIVE_examples#25
A_casuale,random_forest,0,480,0,0.11,REACTIVE_examples (261),REACTIVE_examples#26
A_casuale,random_forest,0,491,0,0.4866666666666667,REACTIVE_examples (271),REACTIVE_examples#27
A_casuale,random_forest,0,493,0,0.11666666666666667,REACTIVE_examples (273),REACTIVE_examples#27
A_casuale,random_forest,0,495,0,0.21,REACTIVE_examples (275),REACTIVE_examples#27
A_casuale,random_forest,0,502,0,0.08333333333333333,REACTIVE_examples (281),REACTIVE_examples#28
A_casuale,random_forest,0,505,0,0.05,REACTIVE_examples (284),REACTIVE_examples#28
A_casuale,random_forest,0,510,0,0.07,REACTIVE_examples (289),REACTIVE_examples#28
A_casuale,random_forest,0,524,0,0.22,REACTIVE_examples (300),REACTIVE_examples#29
A_casuale,random_forest,0,528,0,0.25,REACTIVE_examples (34),REACTIVE_examples#3
A_casuale,random_forest,0,539,0,0.57,REACTIVE_examples (44),REACTIVE_examples#4
A_casuale,random_forest,0,541,0,0.26666666666666666,REACTIVE_examples (46),REACTIVE_examples#4
A_casuale,random_forest,0,543,0,0.13,REACTIVE_examples (48),REACTIVE_examples#4
A_casuale,random_forest,0,544,0,0.5533333333333333,REACTIVE_examples (49),REACTIVE_examples#4
A_casuale,random_forest,0,546,0,0.6266666666666667,REACTIVE_examples (50),REACTIVE_examples#4
A_casuale,random_forest,0,547,0,0.6633333333333333,REACTIVE_examples (51),REACTIVE_examples#5
A_casuale,random_forest,0,550,0,0.38666666666666666,REACTIVE_examples (54),REACTIVE_examples#5
A_casuale,random_forest,0,552,0,0.25333333333333335,REACTIVE_examples (56),REACTIVE_examples#5
A_casuale,random_forest,0,556,0,0.12333333333333334,REACTIVE_examples (6),REACTIVE_examples#0
A_casuale,random_forest,0,565,0,0.5833333333333334,REACTIVE_examples (68),REACTIVE_examples#6
A_casuale,random_forest,0,566,0,0.56,REACTIVE_examples (69),REACTIVE_examples#6
A_casuale,random_forest,0,568,0,0.46,REACTIVE_examples (70),REACTIVE_examples#6
A_casuale,random_forest,0,579,0,0.12333333333333334,REACTIVE_examples (80),REACTIVE_examples#7
A_casuale,random_forest,0,582,0,0.06666666666666667,REACTIVE_examples (83),REACTIVE_examples#8
A_casuale,random_forest,0,583,0,0.24666666666666667,REACTIVE_examples (84),REACTIVE_examples#8
A_casuale,random_forest,0,587,0,0.02,REACTIVE_examples (88),REACTIVE_examples#8
A_casuale,random_forest,0,588,0,0.10666666666666667,REACTIVE_examples (89),REACTIVE_examples#8
A_casuale,random_forest,0,590,0,0.19333333333333333,REACTIVE_examples (90),REACTIVE_examples#8
A_casuale,random_forest,0,591,0,0.45,REACTIVE_examples (91),REACTIVE_examples#9
A_casuale,random_forest,0,598,0,0.15333333333333332,REACTIVE_examples (98),REACTIVE_examples#9
A_casuale,xgboost,0,3,1,0.9882563948631287,FL_examples (101),FL_examples#10
A_casuale,xgboost,0,8,1,0.9915539622306824,FL_examples (106),FL_examples#10
A_casuale,xgboost,0,11,1,0.9988070726394653,FL_examples (109),FL_examples#10
A_casuale,xgboost,0,13,1,0.9856353998184204,FL_examples (110),FL_examples#10
A_casuale,xgboost,0,25,1,0.9968265295028687,FL_examples (121),FL_examples#12
A_casuale,xgboost,0,30,1,0.9959242343902588,FL_examples (126),FL_examples#12
A_casuale,xgboost,0,32,1,0.9981145858764648,FL_examples (128),FL_examples#12
A_casuale,xgboost,0,33,1,0.9954506754875183,FL_examples (129),FL_examples#12
A_casuale,xgboost,0,36,1,0.9944669008255005,FL_examples (131),FL_examples#13
A_casuale,xgboost,0,38,1,0.992435872554779,FL_examples (133),FL_examples#13
A_casuale,xgboost,0,59,1,0.9665501117706299,FL_examples (152),FL_examples#15
A_casuale,xgboost,0,61,1,0.9965971112251282,FL_examples (154),FL_examples#15
A_casuale,xgboost,0,62,1,0.9594718813896179,FL_examples (155),FL_examples#15
A_casuale,xgboost,0,65,1,0.912972629070282,FL_examples (158),FL_examples#15
A_casuale,xgboost,0,66,1,0.8920813202857971,FL_examples (159),FL_examples#15
A_casuale,xgboost,0,68,1,0.9225596785545349,FL_examples (160),FL_examples#15
A_casuale,xgboost,0,82,1,0.9760082960128784,FL_examples (173),FL_examples#17
A_casuale,xgboost,0,88,1,0.9969173669815063,FL_examples (179),FL_examples#17
A_casuale,xgboost,0,89,1,0.7944228649139404,FL_examples (18),FL_examples#1
A_casuale,xgboost,0,94,1,0.9923628568649292,FL_examples (184),FL_examples#18
A_casuale,xgboost,0,95,1,0.9842942357063293,FL_examples (185),FL_examples#18
A_casuale,xgboost,0,102,1,0.6022348999977112,FL_examples (191),FL_examples#19
A_casuale,xgboost,0,107,1,0.9929625391960144,FL_examples (196),FL_examples#19
A_casuale,xgboost,0,120,1,0.35942837595939636,FL_examples (207),FL_examples#20
A_casuale,xgboost,0,126,1,0.5719138979911804,FL_examples (212),FL_examples#21
A_casuale,xgboost,0,139,1,0.9953757524490356,FL_examples (224),FL_examples#22
A_casuale,xgboost,0,148,1,0.9973983764648438,FL_examples (232),FL_examples#23
A_casuale,xgboost,0,162,1,0.804486095905304,FL_examples (245),FL_examples#24
A_casuale,xgboost,0,163,1,0.4472007155418396,FL_examples (246),FL_examples#24
A_casuale,xgboost,0,164,1,0.9404758214950562,FL_examples (247),FL_examples#24
A_casuale,xgboost,0,169,1,0.9991912245750427,FL_examples (251),FL_examples#25
A_casuale,xgboost,0,173,1,0.8223244547843933,FL_examples (255),FL_examples#25
A_casuale,xgboost,0,177,1,0.9884212017059326,FL_examples (259),FL_examples#25
A_casuale,xgboost,0,181,1,0.9620321989059448,FL_examples (262),FL_examples#26
A_casuale,xgboost,0,189,1,0.9810989499092102,FL_examples (27),FL_examples#2
A_casuale,xgboost,0,195,1,0.9442446231842041,FL_examples (275),FL_examples#27
A_casuale,xgboost,0,198,1,0.18605290353298187,FL_examples (278),FL_examples#27
A_casuale,xgboost,0,200,1,0.958885669708252,FL_examples (28),FL_examples#2
A_casuale,xgboost,0,202,1,0.5427287220954895,FL_examples (281),FL_examples#28
A_casuale,xgboost,0,212,1,0.2143266797065735,FL_examples (290),FL_examples#28
A_casuale,xgboost,0,216,1,0.630562424659729,FL_examples (294),FL_examples#29
A_casuale,xgboost,0,219,1,0.5454068183898926,FL_examples (297),FL_examples#29
A_casuale,xgboost,0,224,1,0.3023337423801422,FL_examples (300),FL_examples#29
A_casuale,xgboost,0,230,1,0.9992043375968933,FL_examples (36),FL_examples#3
A_casuale,xgboost,0,235,1,0.9757388234138489,FL_examples (40),FL_examples#3
A_casuale,xgboost,0,236,1,0.6855688691139221,FL_examples (41),FL_examples#4
A_casuale,xgboost,0,243,1,0.997348427772522,FL_examples (48),FL_examples#4
A_casuale,xgboost,0,249,1,0.8770006895065308,FL_examples (53),FL_examples#5
A_casuale,xgboost,0,251,1,0.9543745517730713,FL_examples (55),FL_examples#5
A_casuale,xgboost,0,253,1,0.33087262511253357,FL_examples (57),FL_examples#5
A_casuale,xgboost,0,256,1,0.5475707054138184,FL_examples (6),FL_examples#0
A_casuale,xgboost,0,259,1,0.9941849112510681,FL_examples (62),FL_examples#6
A_casuale,xgboost,0,261,1,0.7612779140472412,FL_examples (64),FL_examples#6
A_casuale,xgboost,0,263,1,0.9818628430366516,FL_examples (66),FL_examples#6
A_casuale,xgboost,0,270,1,0.9945582151412964,FL_examples (72),FL_examples#7
A_casuale,xgboost,0,271,1,0.9925253391265869,FL_examples (73),FL_examples#7
A_casuale,xgboost,0,277,1,0.9900325536727905,FL_examples (79),FL_examples#7
A_casuale,xgboost,0,278,1,0.24015405774116516,FL_examples (8),FL_examples#0
A_casuale,xgboost,0,281,1,0.9891926646232605,FL_examples (82),FL_examples#8
A_casuale,xgboost,0,294,1,0.9640021920204163,FL_examples (94),FL_examples#9
A_casuale,xgboost,0,307,0,0.02479173056781292,REACTIVE_examples (105),REACTIVE_examples#10
A_casuale,xgboost,0,326,0,0.00538560701534152,REACTIVE_examples (122),REACTIVE_examples#12
A_casuale,xgboost,0,330,0,0.20005838572978973,REACTIVE_examples (126),REACTIVE_examples#12
A_casuale,xgboost,0,332,0,0.24336537718772888,REACTIVE_examples (128),REACTIVE_examples#12
A_casuale,xgboost,0,336,0,0.041402362287044525,REACTIVE_examples (131),REACTIVE_examples#13
A_casuale,xgboost,0,338,0,0.7359945178031921,REACTIVE_examples (133),REACTIVE_examples#13
A_casuale,xgboost,0,346,0,0.031210126355290413,REACTIVE_examples (140),REACTIVE_examples#13
A_casuale,xgboost,0,347,0,0.001138741266913712,REACTIVE_examples (141),REACTIVE_examples#14
A_casuale,xgboost,0,348,0,0.017076311632990837,REACTIVE_examples (142),REACTIVE_examples#14
A_casuale,xgboost,0,350,0,0.14131557941436768,REACTIVE_examples (144),REACTIVE_examples#14
A_casuale,xgboost,0,353,0,0.003976983483880758,REACTIVE_examples (147),REACTIVE_examples#14
A_casuale,xgboost,0,358,0,0.015132221393287182,REACTIVE_examples (151),REACTIVE_examples#15
A_casuale,xgboost,0,361,0,0.004399693105369806,REACTIVE_examples (154),REACTIVE_examples#15
A_casuale,xgboost,0,366,0,0.027495497837662697,REACTIVE_examples (159),REACTIVE_examples#15
A_casuale,xgboost,0,382,0,0.5519261956214905,REACTIVE_examples (173),REACTIVE_examples#17
A_casuale,xgboost,0,388,0,0.30523842573165894,REACTIVE_examples (179),REACTIVE_examples#17
A_casuale,xgboost,0,405,0,0.16706308722496033,REACTIVE_examples (194),REACTIVE_examples#19
A_casuale,xgboost,0,408,0,0.031314801424741745,REACTIVE_examples (197),REACTIVE_examples#19
A_casuale,xgboost,0,414,0,0.7097322940826416,REACTIVE_examples (201),REACTIVE_examples#20
A_casuale,xgboost,0,421,0,0.0011251935502514243,REACTIVE_examples (208),REACTIVE_examples#20
A_casuale,xgboost,0,428,0,0.20855766534805298,REACTIVE_examples (214),REACTIVE_examples#21
A_casuale,xgboost,0,430,0,0.409686416387558,REACTIVE_examples (216),REACTIVE_examples#21
A_casuale,xgboost,0,439,0,0.025398852303624153,REACTIVE_examples (224),REACTIVE_examples#22
A_casuale,xgboost,0,442,0,0.0027046878822147846,REACTIVE_examples (227),REACTIVE_examples#22
A_casuale,xgboost,0,450,0,0.0007802578038536012,REACTIVE_examples (234),REACTIVE_examples#23
A_casuale,xgboost,0,456,0,0.007346365600824356,REACTIVE_examples (24),REACTIVE_examples#2
A_casuale,xgboost,0,458,0,0.6856245398521423,REACTIVE_examples (241),REACTIVE_examples#24
A_casuale,xgboost,0,462,0,0.003336623078212142,REACTIVE_examples (245),REACTIVE_examples#24
A_casuale,xgboost,0,466,0,0.10927100479602814,REACTIVE_examples (249),REACTIVE_examples#24
A_casuale,xgboost,0,467,0,0.012908765114843845,REACTIVE_examples (25),REACTIVE_examples#2
A_casuale,xgboost,0,474,0,0.038957927376031876,REACTIVE_examples (256),REACTIVE_examples#25
A_casuale,xgboost,0,480,0,0.0048601059243083,REACTIVE_examples (261),REACTIVE_examples#26
A_casuale,xgboost,0,491,0,0.5314328074455261,REACTIVE_examples (271),REACTIVE_examples#27
A_casuale,xgboost,0,493,0,0.020190563052892685,REACTIVE_examples (273),REACTIVE_examples#27
A_casuale,xgboost,0,495,0,0.016262799501419067,REACTIVE_examples (275),REACTIVE_examples#27
A_casuale,xgboost,0,502,0,0.007947390899062157,REACTIVE_examples (281),REACTIVE_examples#28
A_casuale,xgboost,0,505,0,0.0036609889939427376,REACTIVE_examples (284),REACTIVE_examples#28
A_casuale,xgboost,0,510,0,0.0012160931946709752,REACTIVE_examples (289),REACTIVE_examples#28
A_casuale,xgboost,0,524,0,0.00470345001667738,REACTIVE_examples (300),REACTIVE_examples#29
A_casuale,xgboost,0,528,0,0.030213136225938797,REACTIVE_examples (34),REACTIVE_examples#3
A_casuale,xgboost,0,539,0,0.08411498367786407,REACTIVE_examples (44),REACTIVE_examples#4
A_casuale,xgboost,0,541,0,0.051625512540340424,REACTIVE_examples (46),REACTIVE_examples#4
A_casuale,xgboost,0,543,0,0.042438406497240067,REACTIVE_examples (48),REACTIVE_examples#4
A_casuale,xgboost,0,544,0,0.12395066022872925,REACTIVE_examples (49),REACTIVE_examples#4
A_casuale,xgboost,0,546,0,0.4585837423801422,REACTIVE_examples (50),REACTIVE_examples#4
A_casuale,xgboost,0,547,0,0.848650336265564,REACTIVE_examples (51),REACTIVE_examples#5
A_casuale,xgboost,0,550,0,0.3245161771774292,REACTIVE_examples (54),REACTIVE_examples#5
A_casuale,xgboost,0,552,0,0.09647039324045181,REACTIVE_examples (56),REACTIVE_examples#5
A_casuale,xgboost,0,556,0,0.14251315593719482,REACTIVE_examples (6),REACTIVE_examples#0
A_casuale,xgboost,0,565,0,0.3767635226249695,REACTIVE_examples (68),REACTIVE_examples#6
A_casuale,xgboost,0,566,0,0.5631749629974365,REACTIVE_examples (69),REACTIVE_examples#6
A_casuale,xgboost,0,568,0,0.3141327202320099,REACTIVE_examples (70),REACTIVE_examples#6
A_casuale,xgboost,0,579,0,0.014094901271164417,REACTIVE_examples (80),REACTIVE_examples#7
A_casuale,xgboost,0,582,0,0.010861745104193687,REACTIVE_examples (83),REACTIVE_examples#8
A_casuale,xgboost,0,583,0,0.026351947337388992,REACTIVE_examples (84),REACTIVE_examples#8
A_casuale,xgboost,0,587,0,0.0052345371805131435,REACTIVE_examples (88),REACTIVE_examples#8
A_casuale,xgboost,0,588,0,0.013651184737682343,REACTIVE_examples (89),REACTIVE_examples#8
A_casuale,xgboost,0,590,0,0.03759407997131348,REACTIVE_examples (90),REACTIVE_examples#8
A_casuale,xgboost,0,591,0,0.07903151959180832,REACTIVE_examples (91),REACTIVE_examples#9
A_casuale,xgboost,0,598,0,0.013914399780333042,REACTIVE_examples (98),REACTIVE_examples#9
A_casuale,logistic_regression,1,7,1,0.9875533884584952,FL_examples (105),FL_examples#10
A_casuale,logistic_regression,1,20,1,0.9997150141602211,FL_examples (117),FL_examples#11
A_casuale,logistic_regression,1,21,1,0.9997088828752995,FL_examples (118),FL_examples#11
A_casuale,logistic_regression,1,24,1,0.997847860828131,FL_examples (120),FL_examples#11
A_casuale,logistic_regression,1,35,1,0.9920906937161188,FL_examples (130),FL_examples#12
A_casuale,logistic_regression,1,37,1,0.9907099079666847,FL_examples (132),FL_examples#13
A_casuale,logistic_regression,1,39,1,0.9942138398172624,FL_examples (134),FL_examples#13
A_casuale,logistic_regression,1,40,1,0.9937552015806647,FL_examples (135),FL_examples#13
A_casuale,logistic_regression,1,41,1,0.8897222764166641,FL_examples (136),FL_examples#13
A_casuale,logistic_regression,1,43,1,0.9722685070103902,FL_examples (138),FL_examples#13
A_casuale,logistic_regression,1,44,1,0.9476300468850999,FL_examples (139),FL_examples#13
A_casuale,logistic_regression,1,45,1,0.12220358078032552,FL_examples (14),FL_examples#1
A_casuale,logistic_regression,1,48,1,0.9237706922489193,FL_examples (142),FL_examples#14
A_casuale,logistic_regression,1,53,1,0.9965790903144004,FL_examples (147),FL_examples#14
A_casuale,logistic_regression,1,56,1,0.03259833543081822,FL_examples (15),FL_examples#1
A_casuale,logistic_regression,1,57,1,0.8933724733801963,FL_examples (150),FL_examples#14
A_casuale,logistic_regression,1,70,1,0.9266264813986456,FL_examples (162),FL_examples#16
A_casuale,logistic_regression,1,76,1,0.9827465578392559,FL_examples (168),FL_examples#16
A_casuale,logistic_regression,1,77,1,0.9816396348543543,FL_examples (169),FL_examples#16
A_casuale,logistic_regression,1,78,1,0.1638546387359793,FL_examples (17),FL_examples#1
A_casuale,logistic_regression,1,84,1,0.9805071250879633,FL_examples (175),FL_examples#17
A_casuale,logistic_regression,1,85,1,0.9175275944921694,FL_examples (176),FL_examples#17
A_casuale,logistic_regression,1,86,1,0.9549625834890797,FL_examples (177),FL_examples#17
A_casuale,logistic_regression,1,87,1,0.8271731629835729,FL_examples (178),FL_examples#17
A_casuale,logistic_regression,1,91,1,0.8433673598411529,FL_examples (181),FL_examples#18
A_casuale,logistic_regression,1,92,1,0.8932013968184039,FL_examples (182),FL_examples#18
A_casuale,logistic_regression,1,99,1,0.7386438942438625,FL_examples (189),FL_examples#18
A_casuale,logistic_regression,1,101,1,0.46017430363682443,FL_examples (190),FL_examples#18
A_casuale,logistic_regression,1,109,1,0.9672633907472491,FL_examples (198),FL_examples#19
A_casuale,logistic_regression,1,112,1,0.15029734011013202,FL_examples (20),FL_examples#1
A_casuale,logistic_regression,1,115,1,0.7887967410291709,FL_examples (202),FL_examples#20
A_casuale,logistic_regression,1,131,1,0.9722373010575908,FL_examples (217),FL_examples#21
A_casuale,logistic_regression,1,133,1,0.9795974288209603,FL_examples (219),FL_examples#21
A_casuale,logistic_regression,1,140,1,0.844290739287309,FL_examples (225),FL_examples#22
A_casuale,logistic_regression,1,147,1,0.8620281214958792,FL_examples (231),FL_examples#23
A_casuale,logistic_regression,1,149,1,0.9508921212440729,FL_examples (233),FL_examples#23
A_casuale,logistic_regression,1,151,1,0.5898500216732103,FL_examples (235),FL_examples#23
A_casuale,logistic_regression,1,157,1,0.7407975214986713,FL_examples (240),FL_examples#23
A_casuale,logistic_regression,1,159,1,0.842909619737551,FL_examples (242),FL_examples#24
A_casuale,logistic_regression,1,170,1,0.9643002873024048,FL_examples (252),FL_examples#25
A_casuale,logistic_regression,1,174,1,0.9502477414992694,FL_examples (256),FL_examples#25
A_casuale,logistic_regression,1,184,1,0.6539764488157691,FL_examples (265),FL_examples#26
A_casuale,logistic_regression,1,188,1,0.8271294389568603,FL_examples (269),FL_examples#26
A_casuale,logistic_regression,1,190,1,0.650142546051219,FL_examples (270),FL_examples#26
A_casuale,logistic_regression,1,208,1,0.1851508206099165,FL_examples (287),FL_examples#28
A_casuale,logistic_regression,1,213,1,0.17343563031184064,FL_examples (291),FL_examples#29
A_casuale,logistic_regression,1,215,1,0.30338560180910734,FL_examples (293),FL_examples#29
A_casuale,logistic_regression,1,226,1,0.7347243935744305,FL_examples (32),FL_examples#3
A_casuale,logistic_regression,1,227,1,0.952278347441104,FL_examples (33),FL_examples#3
A_casuale,logistic_regression,1,237,1,0.7994099934469182,FL_examples (42),FL_examples#4
A_casuale,logistic_regression,1,250,1,0.7851023223051479,FL_examples (54),FL_examples#5
A_casuale,logistic_regression,1,255,1,0.7883406528505963,FL_examples (59),FL_examples#5
A_casuale,logistic_regression,1,257,1,0.4149606093598781,FL_examples (60),FL_examples#5
A_casuale,logistic_regression,1,260,1,0.9798303967005096,FL_examples (63),FL_examples#6
A_casuale,logistic_regression,1,264,1,0.9867814748228183,FL_examples (67),FL_examples#6
A_casuale,logistic_regression,1,289,1,0.5903595447715544,FL_examples (9),FL_examples#0
A_casuale,logistic_regression,1,290,1,0.9229468926141882,FL_examples (90),FL_examples#8
A_casuale,logistic_regression,1,296,1,0.9869452748567508,FL_examples (96),FL_examples#9
A_casuale,logistic_regression,1,297,1,0.9912684870297015,FL_examples (97),FL_examples#9
A_casuale,logistic_regression,1,299,1,0.9843044513755033,FL_examples (99),FL_examples#9
A_casuale,logistic_regression,1,303,0,0.5897839190395295,REACTIVE_examples (101),REACTIVE_examples#10
A_casuale,logistic_regression,1,309,0,0.4561959338612946,REACTIVE_examples (107),REACTIVE_examples#10
A_casuale,logistic_regression,1,312,0,0.04863108009576961,REACTIVE_examples (11),REACTIVE_examples#1
A_casuale,logistic_regression,1,313,0,0.38606000869623164,REACTIVE_examples (110),REACTIVE_examples#10
A_casuale,logistic_regression,1,317,0,0.11421449428420534,REACTIVE_examples (114),REACTIVE_examples#11
A_casuale,logistic_regression,1,329,0,0.014497758068219825,REACTIVE_examples (125),REACTIVE_examples#12
A_casuale,logistic_regression,1,337,0,0.05753720299470604,REACTIVE_examples (132),REACTIVE_examples#13
A_casuale,logistic_regression,1,339,0,0.4162280575976276,REACTIVE_examples (134),REACTIVE_examples#13
A_casuale,logistic_regression,1,340,0,0.19214877847741424,REACTIVE_examples (135),REACTIVE_examples#13
A_casuale,logistic_regression,1,354,0,0.013785314290837817,REACTIVE_examples (148),REACTIVE_examples#14
A_casuale,logistic_regression,1,356,0,0.08255186838945747,REACTIVE_examples (15),REACTIVE_examples#1
A_casuale,logistic_regression,1,374,0,0.08092839344258099,REACTIVE_examples (166),REACTIVE_examples#16
A_casuale,logistic_regression,1,375,0,0.5823574939395658,REACTIVE_examples (167),REACTIVE_examples#16
A_casuale,logistic_regression,1,377,0,0.15028976442678701,REACTIVE_examples (169),REACTIVE_examples#16
A_casuale,logistic_regression,1,379,0,0.34491366289812353,REACTIVE_examples (170),REACTIVE_examples#16
A_casuale,logistic_regression,1,384,0,0.37352902703313273,REACTIVE_examples (175),REACTIVE_examples#17
A_casuale,logistic_regression,1,385,0,0.4073343858396145,REACTIVE_examples (176),REACTIVE_examples#17
A_casuale,logistic_regression,1,387,0,0.21842143689272153,REACTIVE_examples (178),REACTIVE_examples#17
A_casuale,logistic_regression,1,396,0,0.18528469642550316,REACTIVE_examples (186),REACTIVE_examples#18
A_casuale,logistic_regression,1,397,0,0.09229863973519163,REACTIVE_examples (187),REACTIVE_examples#18
A_casuale,logistic_regression,1,407,0,0.06534669462548998,REACTIVE_examples (196),REACTIVE_examples#19
A_casuale,logistic_regression,1,411,0,0.011796413405154065,REACTIVE_examples (2),REACTIVE_examples#0
A_casuale,logistic_regression,1,416,0,0.25822252790794775,REACTIVE_examples (203),REACTIVE_examples#20
A_casuale,logistic_regression,1,417,0,0.1944896259566647,REACTIVE_examples (204),REACTIVE_examples#20
A_casuale,logistic_regression,1,423,0,0.10369714524883628,REACTIVE_examples (21),REACTIVE_examples#2
A_casuale,logistic_regression,1,424,0,0.08495330690999323,REACTIVE_examples (210),REACTIVE_examples#20
A_casuale,logistic_regression,1,427,0,0.10020576966607968,REACTIVE_examples (213),REACTIVE_examples#21
A_casuale,logistic_regression,1,429,0,0.17768448071156015,REACTIVE_examples (215),REACTIVE_examples#21
A_casuale,logistic_regression,1,443,0,0.015878297155532173,REACTIVE_examples (228),REACTIVE_examples#22
A_casuale,logistic_regression,1,445,0,0.11222128665545605,REACTIVE_examples (23),REACTIVE_examples#2
A_casuale,logistic_regression,1,454,0,0.04406674304550371,REACTIVE_examples (238),REACTIVE_examples#23
A_casuale,logistic_regression,1,455,0,0.02325128249950736,REACTIVE_examples (239),REACTIVE_examples#23
A_casuale,logistic_regression,1,457,0,0.1845095023702781,REACTIVE_examples (240),REACTIVE_examples#23
A_casuale,logistic_regression,1,461,0,0.05873749242202099,REACTIVE_examples (244),REACTIVE_examples#24
A_casuale,logistic_regression,1,463,0,0.28622405655893685,REACTIVE_examples (246),REACTIVE_examples#24
A_casuale,logistic_regression,1,465,0,0.195693379892722,REACTIVE_examples (248),REACTIVE_examples#24
A_casuale,logistic_regression,1,475,0,0.5553764353687899,REACTIVE_examples (257),REACTIVE_examples#25
A_casuale,logistic_regression,1,476,0,0.28947029181325357,REACTIVE_examples (258),REACTIVE_examples#25
A_casuale,logistic_regression,1,477,0,0.3548245199259322,REACTIVE_examples (259),REACTIVE_examples#25
A_casuale,logistic_regression,1,482,0,0.6889606239952163,REACTIVE_examples (263),REACTIVE_examples#26
A_casuale,logistic_regression,1,486,0,0.12470812519001379,REACTIVE_examples (267),REACTIVE_examples#26
A_casuale,logistic_regression,1,496,0,0.30777142422730497,REACTIVE_examples (276),REACTIVE_examples#27
A_casuale,logistic_regression,1,498,0,0.24924365155660905,REACTIVE_examples (278),REACTIVE_examples#27
A_casuale,logistic_regression,1,501,0,0.11980606585904184,REACTIVE_examples (280),REACTIVE_examples#27
A_casuale,logistic_regression,1,503,0,0.2239824355216932,REACTIVE_examples (282),REACTIVE_examples#28
A_casuale,logistic_regression,1,507,0,0.08475855851626106,REACTIVE_examples (286),REACTIVE_examples#28
A_casuale,logistic_regression,1,511,0,0.0386222150100179,REACTIVE_examples (29),REACTIVE_examples#2
A_casuale,logistic_regression,1,521,0,0.007969224521139637,REACTIVE_examples (299),REACTIVE_examples#29
A_casuale,logistic_regression,1,525,0,0.1840189616035505,REACTIVE_examples (31),REACTIVE_examples#3
A_casuale,logistic_regression,1,529,0,0.14940329076030234,REACTIVE_examples (35),REACTIVE_examples#3
A_casuale,logistic_regression,1,530,0,0.7785942615063439,REACTIVE_examples (36),REACTIVE_examples#3
A_casuale,logistic_regression,1,531,0,0.4448963136491345,REACTIVE_examples (37),REACTIVE_examples#3
A_casuale,logistic_regression,1,534,0,0.08994631550652567,REACTIVE_examples (4),REACTIVE_examples#0
A_casuale,logistic_regression,1,540,0,0.5605405022063141,REACTIVE_examples (45),REACTIVE_examples#4
A_casuale,logistic_regression,1,559,0,0.7937116955292253,REACTIVE_examples (62),REACTIVE_examples#6
A_casuale,logistic_regression,1,563,0,0.7913013147338662,REACTIVE_examples (66),REACTIVE_examples#6
A_casuale,logistic_regression,1,574,0,0.5920820631707673,REACTIVE_examples (76),REACTIVE_examples#7
A_casuale,logistic_regression,1,577,0,0.06789098935219014,REACTIVE_examples (79),REACTIVE_examples#7
A_casuale,logistic_regression,1,581,0,0.031840368911471136,REACTIVE_examples (82),REACTIVE_examples#8
A_casuale,logistic_regression,1,594,0,0.14160935906995187,REACTIVE_examples (94),REACTIVE_examples#9
A_casuale,random_forest,1,7,1,0.8433333333333334,FL_examples (105),FL_examples#10
A_casuale,random_forest,1,20,1,0.8166666666666667,FL_examples (117),FL_examples#11
A_casuale,random_forest,1,21,1,0.9033333333333333,FL_examples (118),FL_examples#11
A_casuale,random_forest,1,24,1,0.99,FL_examples (120),FL_examples#11
A_casuale,random_forest,1,35,1,0.89,FL_examples (130),FL_examples#12
A_casuale,random_forest,1,37,1,0.99,FL_examples (132),FL_examples#13
A_casuale,random_forest,1,39,1,0.9433333333333334,FL_examples (134),FL_examples#13
A_casuale,random_forest,1,40,1,0.88,FL_examples (135),FL_examples#13
A_casuale,random_forest,1,41,1,0.9533333333333334,FL_examples (136),FL_examples#13
A_casuale,random_forest,1,43,1,0.7866666666666666,FL_examples (138),FL_examples#13
A_casuale,random_forest,1,44,1,0.5733333333333334,FL_examples (139),FL_examples#13
A_casuale,random_forest,1,45,1,0.4066666666666667,FL_examples (14),FL_examples#1
A_casuale,random_forest,1,48,1,0.9566666666666667,FL_examples (142),FL_examples#14
A_casuale,random_forest,1,53,1,0.96,FL_examples (147),FL_examples#14
A_casuale,random_forest,1,56,1,0.44333333333333336,FL_examples (15),FL_examples#1
A_casuale,random_forest,1,57,1,0.8166666666666667,FL_examples (150),FL_examples#14
A_casuale,random_forest,1,70,1,0.9166666666666666,FL_examples (162),FL_examples#16
A_casuale,random_forest,1,76,1,0.98,FL_examples (168),FL_examples#16
A_casuale,random_forest,1,77,1,0.8733333333333333,FL_examples (169),FL_examples#16
A_casuale,random_forest,1,78,1,0.38333333333333336,FL_examples (17),FL_examples#1
A_casuale,random_forest,1,84,1,0.81,FL_examples (175),FL_examples#17
A_casuale,random_forest,1,85,1,0.8866666666666667,FL_examples (176),FL_examples#17
A_casuale,random_forest,1,86,1,0.8633333333333333,FL_examples (177),FL_examples#17
A_casuale,random_forest,1,87,1,0.92,FL_examples (178),FL_examples#17
A_casuale,random_forest,1,91,1,0.8666666666666667,FL_examples (181),FL_examples#18
A_casuale,random_forest,1,92,1,0.89,FL_examples (182),FL_examples#18
A_casuale,random_forest,1,99,1,0.5533333333333333,FL_examples (189),FL_examples#18
A_casuale,random_forest,1,101,1,0.43333333333333335,FL_examples (190),FL_examples#18
A_casuale,random_forest,1,109,1,0.9566666666666667,FL_examples (198),FL_examples#19
A_casuale,random_forest,1,112,1,0.5633333333333334,FL_examples (20),FL_examples#1
A_casuale,random_forest,1,115,1,0.7466666666666667,FL_examples (202),FL_examples#20
A_casuale,random_forest,1,131,1,0.9933333333333333,FL_examples (217),FL_examples#21
A_casuale,random_forest,1,133,1,0.95,FL_examples (219),FL_examples#21
A_casuale,random_forest,1,140,1,0.9566666666666667,FL_examples (225),FL_examples#22
A_casuale,random_forest,1,147,1,0.8466666666666667,FL_examples (231),FL_examples#23
A_casuale,random_forest,1,149,1,0.8766666666666667,FL_examples (233),FL_examples#23
A_casuale,random_forest,1,151,1,0.3933333333333333,FL_examples (235),FL_examples#23
A_casuale,random_forest,1,157,1,0.84,FL_examples (240),FL_examples#23
A_casuale,random_forest,1,159,1,0.8833333333333333,FL_examples (242),FL_examples#24
A_casuale,random_forest,1,170,1,0.9033333333333333,FL_examples (252),FL_examples#25
A_casuale,random_forest,1,174,1,0.71,FL_examples (256),FL_examples#25
A_casuale,random_forest,1,184,1,0.73,FL_examples (265),FL_examples#26
A_casuale,random_forest,1,188,1,0.45,FL_examples (269),FL_examples#26
A_casuale,random_forest,1,190,1,0.36333333333333334,FL_examples (270),FL_examples#26
A_casuale,random_forest,1,208,1,0.39666666666666667,FL_examples (287),FL_examples#28
A_casuale,random_forest,1,213,1,0.33666666666666667,FL_examples (291),FL_examples#29
A_casuale,random_forest,1,215,1,0.16333333333333333,FL_examples (293),FL_examples#29
A_casuale,random_forest,1,226,1,0.8233333333333334,FL_examples (32),FL_examples#3
A_casuale,random_forest,1,227,1,0.7333333333333333,FL_examples (33),FL_examples#3
A_casuale,random_forest,1,237,1,0.6666666666666666,FL_examples (42),FL_examples#4
A_casuale,random_forest,1,250,1,0.4866666666666667,FL_examples (54),FL_examples#5
A_casuale,random_forest,1,255,1,0.6866666666666666,FL_examples (59),FL_examples#5
A_casuale,random_forest,1,257,1,0.7766666666666666,FL_examples (60),FL_examples#5
A_casuale,random_forest,1,260,1,0.7533333333333333,FL_examples (63),FL_examples#6
A_casuale,random_forest,1,264,1,0.98,FL_examples (67),FL_examples#6
A_casuale,random_forest,1,289,1,0.3433333333333333,FL_examples (9),FL_examples#0
A_casuale,random_forest,1,290,1,0.9633333333333334,FL_examples (90),FL_examples#8
A_casuale,random_forest,1,296,1,0.9133333333333333,FL_examples (96),FL_examples#9
A_casuale,random_forest,1,297,1,0.97,FL_examples (97),FL_examples#9
A_casuale,random_forest,1,299,1,0.9733333333333334,FL_examples (99),FL_examples#9
A_casuale,random_forest,1,303,0,0.2966666666666667,REACTIVE_examples (101),REACTIVE_examples#10
A_casuale,random_forest,1,309,0,0.39666666666666667,REACTIVE_examples (107),REACTIVE_examples#10
A_casuale,random_forest,1,312,0,0.06333333333333334,REACTIVE_examples (11),REACTIVE_examples#1
A_casuale,random_forest,1,313,0,0.39,REACTIVE_examples (110),REACTIVE_examples#10
A_casuale,random_forest,1,317,0,0.05333333333333334,REACTIVE_examples (114),REACTIVE_examples#11
A_casuale,random_forest,1,329,0,0.19666666666666666,REACTIVE_examples (125),REACTIVE_examples#12
A_casuale,random_forest,1,337,0,0.26666666666666666,REACTIVE_examples (132),REACTIVE_examples#13
A_casuale,random_forest,1,339,0,0.62,REACTIVE_examples (134),REACTIVE_examples#13
A_casuale,random_forest,1,340,0,0.38,REACTIVE_examples (135),REACTIVE_examples#13
A_casuale,random_forest,1,354,0,0.14,REACTIVE_examples (148),REACTIVE_examples#14
A_casuale,random_forest,1,356,0,0.08,REACTIVE_examples (15),REACTIVE_examples#1
A_casuale,random_forest,1,374,0,0.09666666666666666,REACTIVE_examples (166),REACTIVE_examples#16
A_casuale,random_forest,1,375,0,0.4533333333333333,REACTIVE_examples (167),REACTIVE_examples#16
A_casuale,random_forest,1,377,0,0.12666666666666668,REACTIVE_examples (169),REACTIVE_examples#16
A_casuale,random_forest,1,379,0,0.23,REACTIVE_examples (170),REACTIVE_examples#16
A_casuale,random_forest,1,384,0,0.3233333333333333,REACTIVE_examples (175),REACTIVE_examples#17
A_casuale,random_forest,1,385,0,0.39666666666666667,REACTIVE_examples (176),REACTIVE_examples#17
A_casuale,random_forest,1,387,0,0.30666666666666664,REACTIVE_examples (178),REACTIVE_examples#17
A_casuale,random_forest,1,396,0,0.5266666666666666,REACTIVE_examples (186),REACTIVE_examples#18
A_casuale,random_forest,1,397,0,0.11666666666666667,REACTIVE_examples (187),REACTIVE_examples#18
A_casuale,random_forest,1,407,0,0.23,REACTIVE_examples (196),REACTIVE_examples#19
A_casuale,random_forest,1,411,0,0.2733333333333333,REACTIVE_examples (2),REACTIVE_examples#0
A_casuale,random_forest,1,416,0,0.21666666666666667,REACTIVE_examples (203),REACTIVE_examples#20
A_casuale,random_forest,1,417,0,0.4766666666666667,REACTIVE_examples (204),REACTIVE_examples#20
A_casuale,random_forest,1,423,0,0.07,REACTIVE_examples (21),REACTIVE_examples#2
A_casuale,random_forest,1,424,0,0.08666666666666667,REACTIVE_examples (210),REACTIVE_examples#20
A_casuale,random_forest,1,427,0,0.016666666666666666,REACTIVE_examples (213),REACTIVE_examples#21
A_casuale,random_forest,1,429,0,0.25666666666666665,REACTIVE_examples (215),REACTIVE_examples#21
A_casuale,random_forest,1,443,0,0.2633333333333333,REACTIVE_examples (228),REACTIVE_examples#22
A_casuale,random_forest,1,445,0,0.11333333333333333,REACTIVE_examples (23),REACTIVE_examples#2
A_casuale,random_forest,1,454,0,0.04666666666666667,REACTIVE_examples (238),REACTIVE_examples#23
A_casuale,random_forest,1,455,0,0.04,REACTIVE_examples (239),REACTIVE_examples#23
A_casuale,random_forest,1,457,0,0.16,REACTIVE_examples (240),REACTIVE_examples#23
A_casuale,random_forest,1,461,0,0.13666666666666666,REACTIVE_examples (244),REACTIVE_examples#24
A_casuale,random_forest,1,463,0,0.39,REACTIVE_examples (246),REACTIVE_examples#24
A_casuale,random_forest,1,465,0,0.20333333333333334,REACTIVE_examples (248),REACTIVE_examples#24
A_casuale,random_forest,1,475,0,0.6733333333333333,REACTIVE_examples (257),REACTIVE_examples#25
A_casuale,random_forest,1,476,0,0.5066666666666667,REACTIVE_examples (258),REACTIVE_examples#25
A_casuale,random_forest,1,477,0,0.52,REACTIVE_examples (259),REACTIVE_examples#25
A_casuale,random_forest,1,482,0,0.7033333333333334,REACTIVE_examples (263),REACTIVE_examples#26
A_casuale,random_forest,1,486,0,0.17333333333333334,REACTIVE_examples (267),REACTIVE_examples#26
A_casuale,random_forest,1,496,0,0.12333333333333334,REACTIVE_examples (276),REACTIVE_examples#27
A_casuale,random_forest,1,498,0,0.056666666666666664,REACTIVE_examples (278),REACTIVE_examples#27
A_casuale,random_forest,1,501,0,0.09,REACTIVE_examples (280),REACTIVE_examples#27
A_casuale,random_forest,1,503,0,0.09666666666666666,REACTIVE_examples (282),REACTIVE_examples#28
A_casuale,random_forest,1,507,0,0.11666666666666667,REACTIVE_examples (286),REACTIVE_examples#28
A_casuale,random_forest,1,511,0,0.11333333333333333,REACTIVE_examples (29),REACTIVE_examples#2
A_casuale,random_forest,1,521,0,0.17,REACTIVE_examples (299),REACTIVE_examples#29
A_casuale,random_forest,1,525,0,0.15666666666666668,REACTIVE_examples (31),REACTIVE_examples#3
A_casuale,random_forest,1,529,0,0.12,REACTIVE_examples (35),REACTIVE_examples#3
A_casuale,random_forest,1,530,0,0.32,REACTIVE_examples (36),REACTIVE_examples#3
A_casuale,random_forest,1,531,0,0.30333333333333334,REACTIVE_examples (37),REACTIVE_examples#3
A_casuale,random_forest,1,534,0,0.19333333333333333,REACTIVE_examples (4),REACTIVE_examples#0
A_casuale,random_forest,1,540,0,0.2833333333333333,REACTIVE_examples (45),REACTIVE_examples#4
A_casuale,random_forest,1,559,0,0.62,REACTIVE_examples (62),REACTIVE_examples#6
A_casuale,random_forest,1,563,0,0.17666666666666667,REACTIVE_examples (66),REACTIVE_examples#6
A_casuale,random_forest,1,574,0,0.31,REACTIVE_examples (76),REACTIVE_examples#7
A_casuale,random_forest,1,577,0,0.08666666666666667,REACTIVE_examples (79),REACTIVE_examples#7
A_casuale,random_forest,1,581,0,0.02,REACTIVE_examples (82),REACTIVE_examples#8
A_casuale,random_forest,1,594,0,0.12,REACTIVE_examples (94),REACTIVE_examples#9
A_casuale,xgboost,1,7,1,0.9962310194969177,FL_examples (105),FL_examples#10
A_casuale,xgboost,1,20,1,0.984706699848175,FL_examples (117),FL_examples#11
A_casuale,xgboost,1,21,1,0.9931036829948425,FL_examples (118),FL_examples#11
A_casuale,xgboost,1,24,1,0.999396800994873,FL_examples (120),FL_examples#11
A_casuale,xgboost,1,35,1,0.998002827167511,FL_examples (130),FL_examples#12
A_casuale,xgboost,1,37,1,0.998497486114502,FL_examples (132),FL_examples#13
A_casuale,xgboost,1,39,1,0.9988442659378052,FL_examples (134),FL_examples#13
A_casuale,xgboost,1,40,1,0.9986874461174011,FL_examples (135),FL_examples#13
A_casuale,xgboost,1,41,1,0.992074728012085,FL_examples (136),FL_examples#13
A_casuale,xgboost,1,43,1,0.9846296906471252,FL_examples (138),FL_examples#13
A_casuale,xgboost,1,44,1,0.8608878254890442,FL_examples (139),FL_examples#13
A_casuale,xgboost,1,45,1,0.3950691223144531,FL_examples (14),FL_examples#1
A_casuale,xgboost,1,48,1,0.9980090260505676,FL_examples (142),FL_examples#14
A_casuale,xgboost,1,53,1,0.9981350898742676,FL_examples (147),FL_examples#14
A_casuale,xgboost,1,56,1,0.6321903467178345,FL_examples (15),FL_examples#1
A_casuale,xgboost,1,57,1,0.903317391872406,FL_examples (150),FL_examples#14
A_casuale,xgboost,1,70,1,0.9982194304466248,FL_examples (162),FL_examples#16
A_casuale,xgboost,1,76,1,0.9961262345314026,FL_examples (168),FL_examples#16
A_casuale,xgboost,1,77,1,0.9905102849006653,FL_examples (169),FL_examples#16
A_casuale,xgboost,1,78,1,0.2727465033531189,FL_examples (17),FL_examples#1
A_casuale,xgboost,1,84,1,0.9808506965637207,FL_examples (175),FL_examples#17
A_casuale,xgboost,1,85,1,0.9983637928962708,FL_examples (176),FL_examples#17
A_casuale,xgboost,1,86,1,0.9715401530265808,FL_examples (177),FL_examples#17
A_casuale,xgboost,1,87,1,0.9979997277259827,FL_examples (178),FL_examples#17
A_casuale,xgboost,1,91,1,0.9847366213798523,FL_examples (181),FL_examples#18
A_casuale,xgboost,1,92,1,0.9978132247924805,FL_examples (182),FL_examples#18
A_casuale,xgboost,1,99,1,0.12338435649871826,FL_examples (189),FL_examples#18
A_casuale,xgboost,1,101,1,0.4857434034347534,FL_examples (190),FL_examples#18
A_casuale,xgboost,1,109,1,0.9982472658157349,FL_examples (198),FL_examples#19
A_casuale,xgboost,1,112,1,0.4408026337623596,FL_examples (20),FL_examples#1
A_casuale,xgboost,1,115,1,0.9978664517402649,FL_examples (202),FL_examples#20
A_casuale,xgboost,1,131,1,0.9974607229232788,FL_examples (217),FL_examples#21
A_casuale,xgboost,1,133,1,0.9961574673652649,FL_examples (219),FL_examples#21
A_casuale,xgboost,1,140,1,0.99757319688797,FL_examples (225),FL_examples#22
A_casuale,xgboost,1,147,1,0.9985334873199463,FL_examples (231),FL_examples#23
A_casuale,xgboost,1,149,1,0.9976314306259155,FL_examples (233),FL_examples#23
A_casuale,xgboost,1,151,1,0.9400712251663208,FL_examples (235),FL_examples#23
A_casuale,xgboost,1,157,1,0.9676424860954285,FL_examples (240),FL_examples#23
A_casuale,xgboost,1,159,1,0.9942702054977417,FL_examples (242),FL_examples#24
A_casuale,xgboost,1,170,1,0.9994075298309326,FL_examples (252),FL_examples#25
A_casuale,xgboost,1,174,1,0.9978662133216858,FL_examples (256),FL_examples#25
A_casuale,xgboost,1,184,1,0.9785657525062561,FL_examples (265),FL_examples#26
A_casuale,xgboost,1,188,1,0.07136942446231842,FL_examples (269),FL_examples#26
A_casuale,xgboost,1,190,1,0.5194852948188782,FL_examples (270),FL_examples#26
A_casuale,xgboost,1,208,1,0.1369577795267105,FL_examples (287),FL_examples#28
A_casuale,xgboost,1,213,1,0.13981570303440094,FL_examples (291),FL_examples#29
A_casuale,xgboost,1,215,1,0.003303919918835163,FL_examples (293),FL_examples#29
A_casuale,xgboost,1,226,1,0.997340977191925,FL_examples (32),FL_examples#3
A_casuale,xgboost,1,227,1,0.9234043955802917,FL_examples (33),FL_examples#3
A_casuale,xgboost,1,237,1,0.9937562942504883,FL_examples (42),FL_examples#4
A_casuale,xgboost,1,250,1,0.9773435592651367,FL_examples (54),FL_examples#5
A_casuale,xgboost,1,255,1,0.9846017360687256,FL_examples (59),FL_examples#5
A_casuale,xgboost,1,257,1,0.9633896946907043,FL_examples (60),FL_examples#5
A_casuale,xgboost,1,260,1,0.9895054697990417,FL_examples (63),FL_examples#6
A_casuale,xgboost,1,264,1,0.9881056547164917,FL_examples (67),FL_examples#6
A_casuale,xgboost,1,289,1,0.2071538269519806,FL_examples (9),FL_examples#0
A_casuale,xgboost,1,290,1,0.9883937835693359,FL_examples (90),FL_examples#8
A_casuale,xgboost,1,296,1,0.9955493211746216,FL_examples (96),FL_examples#9
A_casuale,xgboost,1,297,1,0.9970542192459106,FL_examples (97),FL_examples#9
A_casuale,xgboost,1,299,1,0.9953309893608093,FL_examples (99),FL_examples#9
A_casuale,xgboost,1,303,0,0.16002872586250305,REACTIVE_examples (101),REACTIVE_examples#10
A_casuale,xgboost,1,309,0,0.8654382228851318,REACTIVE_examples (107),REACTIVE_examples#10
A_casuale,xgboost,1,312,0,0.0034400634467601776,REACTIVE_examples (11),REACTIVE_examples#1
A_casuale,xgboost,1,313,0,0.20082995295524597,REACTIVE_examples (110),REACTIVE_examples#10
A_casuale,xgboost,1,317,0,0.007927010767161846,REACTIVE_examples (114),REACTIVE_examples#11
A_casuale,xgboost,1,329,0,0.01992962695658207,REACTIVE_examples (125),REACTIVE_examples#12
A_casuale,xgboost,1,337,0,0.010065977461636066,REACTIVE_examples (132),REACTIVE_examples#13
A_casuale,xgboost,1,339,0,0.9227691292762756,REACTIVE_examples (134),REACTIVE_examples#13
A_casuale,xgboost,1,340,0,0.11460455507040024,REACTIVE_examples (135),REACTIVE_examples#13
A_casuale,xgboost,1,354,0,0.005526831839233637,REACTIVE_examples (148),REACTIVE_examples#14
A_casuale,xgboost,1,356,0,0.0015104531776160002,REACTIVE_examples (15),REACTIVE_examples#1
A_casuale,xgboost,1,374,0,0.005705019924789667,REACTIVE_examples (166),REACTIVE_examples#16
A_casuale,xgboost,1,375,0,0.4925451874732971,REACTIVE_examples (167),REACTIVE_examples#16
A_casuale,xgboost,1,377,0,0.010405318811535835,REACTIVE_examples (169),REACTIVE_examples#16
A_casuale,xgboost,1,379,0,0.04027293622493744,REACTIVE_examples (170),REACTIVE_examples#16
A_casuale,xgboost,1,384,0,0.3800496757030487,REACTIVE_examples (175),REACTIVE_examples#17
A_casuale,xgboost,1,385,0,0.017129311338067055,REACTIVE_examples (176),REACTIVE_examples#17
A_casuale,xgboost,1,387,0,0.07752794027328491,REACTIVE_examples (178),REACTIVE_examples#17
A_casuale,xgboost,1,396,0,0.6447291970252991,REACTIVE_examples (186),REACTIVE_examples#18
A_casuale,xgboost,1,397,0,0.005637921392917633,REACTIVE_examples (187),REACTIVE_examples#18
A_casuale,xgboost,1,407,0,0.009658975526690483,REACTIVE_examples (196),REACTIVE_examples#19
A_casuale,xgboost,1,411,0,0.03835230693221092,REACTIVE_examples (2),REACTIVE_examples#0
A_casuale,xgboost,1,416,0,0.07299206405878067,REACTIVE_examples (203),REACTIVE_examples#20
A_casuale,xgboost,1,417,0,0.6023399829864502,REACTIVE_examples (204),REACTIVE_examples#20
A_casuale,xgboost,1,423,0,0.010607292875647545,REACTIVE_examples (21),REACTIVE_examples#2
A_casuale,xgboost,1,424,0,0.0014347736723721027,REACTIVE_examples (210),REACTIVE_examples#20
A_casuale,xgboost,1,427,0,0.0016065501840785146,REACTIVE_examples (213),REACTIVE_examples#21
A_casuale,xgboost,1,429,0,0.028659803792834282,REACTIVE_examples (215),REACTIVE_examples#21
A_casuale,xgboost,1,443,0,0.006196160335093737,REACTIVE_examples (228),REACTIVE_examples#22
A_casuale,xgboost,1,445,0,0.015463117510080338,REACTIVE_examples (23),REACTIVE_examples#2
A_casuale,xgboost,1,454,0,0.0008193463436327875,REACTIVE_examples (238),REACTIVE_examples#23
A_casuale,xgboost,1,455,0,0.0011335948947817087,REACTIVE_examples (239),REACTIVE_examples#23
A_casuale,xgboost,1,457,0,0.18464241921901703,REACTIVE_examples (240),REACTIVE_examples#23
A_casuale,xgboost,1,461,0,0.004168201237916946,REACTIVE_examples (244),REACTIVE_examples#24
A_casuale,xgboost,1,463,0,0.035707518458366394,REACTIVE_examples (246),REACTIVE_examples#24
A_casuale,xgboost,1,465,0,0.02908286638557911,REACTIVE_examples (248),REACTIVE_examples#24
A_casuale,xgboost,1,475,0,0.9724242687225342,REACTIVE_examples (257),REACTIVE_examples#25
A_casuale,xgboost,1,476,0,0.7837507128715515,REACTIVE_examples (258),REACTIVE_examples#25
A_casuale,xgboost,1,477,0,0.509659469127655,REACTIVE_examples (259),REACTIVE_examples#25
A_casuale,xgboost,1,482,0,0.9948480129241943,REACTIVE_examples (263),REACTIVE_examples#26
A_casuale,xgboost,1,486,0,0.014371970668435097,REACTIVE_examples (267),REACTIVE_examples#26
A_casuale,xgboost,1,496,0,0.002189493039622903,REACTIVE_examples (276),REACTIVE_examples#27
A_casuale,xgboost,1,498,0,0.002211341168731451,REACTIVE_examples (278),REACTIVE_examples#27
A_casuale,xgboost,1,501,0,0.003867588471621275,REACTIVE_examples (280),REACTIVE_examples#27
A_casuale,xgboost,1,503,0,0.005895938258618116,REACTIVE_examples (282),REACTIVE_examples#28
A_casuale,xgboost,1,507,0,0.003150883363559842,REACTIVE_examples (286),REACTIVE_examples#28
A_casuale,xgboost,1,511,0,0.005265685264021158,REACTIVE_examples (29),REACTIVE_examples#2
A_casuale,xgboost,1,521,0,0.0015209871344268322,REACTIVE_examples (299),REACTIVE_examples#29
A_casuale,xgboost,1,525,0,0.007879856042563915,REACTIVE_examples (31),REACTIVE_examples#3
A_casuale,xgboost,1,529,0,0.0043006883934140205,REACTIVE_examples (35),REACTIVE_examples#3
A_casuale,xgboost,1,530,0,0.008133686147630215,REACTIVE_examples (36),REACTIVE_examples#3
A_casuale,xgboost,1,531,0,0.01734982617199421,REACTIVE_examples (37),REACTIVE_examples#3
A_casuale,xgboost,1,534,0,0.006712959613651037,REACTIVE_examples (4),REACTIVE_examples#0
A_casuale,xgboost,1,540,0,0.062424808740615845,REACTIVE_examples (45),REACTIVE_examples#4
A_casuale,xgboost,1,559,0,0.8516916036605835,REACTIVE_examples (62),REACTIVE_examples#6
A_casuale,xgboost,1,563,0,0.01641845703125,REACTIVE_examples (66),REACTIVE_examples#6
A_casuale,xgboost,1,574,0,0.028757857158780098,REACTIVE_examples (76),REACTIVE_examples#7
A_casuale,xgboost,1,577,0,0.008692923933267593,REACTIVE_examples (79),REACTIVE_examples#7
A_casuale,xgboost,1,581,0,0.0015087841311469674,REACTIVE_examples (82),REACTIVE_examples#8
A_casuale,xgboost,1,594,0,0.02199208177626133,REACTIVE_examples (94),REACTIVE_examples#9
A_casuale,logistic_regression,2,2,1,0.9341758839505265,FL_examples (100),FL_examples#9
A_casuale,logistic_regression,2,9,1,0.995815952753386,FL_examples (107),FL_examples#10
A_casuale,logistic_regression,2,18,1,0.9999388921229648,FL_examples (115),FL_examples#11
A_casuale,logistic_regression,2,19,1,0.9998824087720887,FL_examples (116),FL_examples#11
A_casuale,logistic_regression,2,28,1,0.9989602443014948,FL_examples (124),FL_examples#12
A_casuale,logistic_regression,2,31,1,0.9849264411792151,FL_examples (127),FL_examples#12
A_casuale,logistic_regression,2,51,1,0.9991586160326257,FL_examples (145),FL_examples#14
A_casuale,logistic_regression,2,64,1,0.6075360438084293,FL_examples (157),FL_examples#15
A_casuale,logistic_regression,2,71,1,0.9360691494623721,FL_examples (163),FL_examples#16
A_casuale,logistic_regression,2,74,1,0.9676317750161177,FL_examples (166),FL_examples#16
A_casuale,logistic_regression,2,80,1,0.9001052487375072,FL_examples (171),FL_examples#17
A_casuale,logistic_regression,2,81,1,0.9660701685426089,FL_examples (172),FL_examples#17
A_casuale,logistic_regression,2,83,1,0.994619520694463,FL_examples (174),FL_examples#17
A_casuale,logistic_regression,2,96,1,0.715237838841647,FL_examples (186),FL_examples#18
A_casuale,logistic_regression,2,97,1,0.6733958597147607,FL_examples (187),FL_examples#18
A_casuale,logistic_regression,2,106,1,0.9834964695354558,FL_examples (195),FL_examples#19
A_casuale,logistic_regression,2,110,1,0.9758243723261563,FL_examples (199),FL_examples#19
A_casuale,logistic_regression,2,116,1,0.8591976015507001,FL_examples (203),FL_examples#20
A_casuale,logistic_regression,2,121,1,0.6797744547825554,FL_examples (208),FL_examples#20
A_casuale,logistic_regression,2,123,1,0.4981538514102015,FL_examples (21),FL_examples#2
A_casuale,logistic_regression,2,124,1,0.8242280668056321,FL_examples (210),FL_examples#20
A_casuale,logistic_regression,2,127,1,0.6760506946492002,FL_examples (213),FL_examples#21
A_casuale,logistic_regression,2,130,1,0.9951720188491417,FL_examples (216),FL_examples#21
A_casuale,logistic_regression,2,132,1,0.5470128193159663,FL_examples (218),FL_examples#21
A_casuale,logistic_regression,2,136,1,0.9605988033995907,FL_examples (221),FL_examples#22
A_casuale,logistic_regression,2,137,1,0.9611600694423968,FL_examples (222),FL_examples#22
A_casuale,logistic_regression,2,138,1,0.9019636447874266,FL_examples (223),FL_examples#22
A_casuale,logistic_regression,2,141,1,0.909013497271632,FL_examples (226),FL_examples#22
A_casuale,logistic_regression,2,142,1,0.9306931859080888,FL_examples (227),FL_examples#22
A_casuale,logistic_regression,2,143,1,0.9218049371744548,FL_examples (228),FL_examples#22
A_casuale,logistic_regression,2,146,1,0.9364459740170573,FL_examples (230),FL_examples#22
A_casuale,logistic_regression,2,153,1,0.7094576783378986,FL_examples (237),FL_examples#23
A_casuale,logistic_regression,2,161,1,0.9570867008707782,FL_examples (244),FL_examples#24
A_casuale,logistic_regression,2,165,1,0.9878957211648586,FL_examples (248),FL_examples#24
A_casuale,logistic_regression,2,168,1,0.9921863568394775,FL_examples (250),FL_examples#24
A_casuale,logistic_regression,2,176,1,0.9948681925498892,FL_examples (258),FL_examples#25
A_casuale,logistic_regression,2,179,1,0.9754953597852799,FL_examples (260),FL_examples#25
A_casuale,logistic_regression,2,187,1,0.9677494205401279,FL_examples (268),FL_examples#26
A_casuale,logistic_regression,2,191,1,0.8863206599331963,FL_examples (271),FL_examples#27
A_casuale,logistic_regression,2,201,1,0.04091730897864268,FL_examples (280),FL_examples#27
A_casuale,logistic_regression,2,204,1,0.37608082853014363,FL_examples (283),FL_examples#28
A_casuale,logistic_regression,2,207,1,0.06418032533229366,FL_examples (286),FL_examples#28
A_casuale,logistic_regression,2,209,1,0.07032916321017131,FL_examples (288),FL_examples#28
A_casuale,logistic_regression,2,210,1,0.6739003391117973,FL_examples (289),FL_examples#28
A_casuale,logistic_regression,2,218,1,0.6385569059046231,FL_examples (296),FL_examples#29
A_casuale,logistic_regression,2,220,1,0.5556668084517319,FL_examples (298),FL_examples#29
A_casuale,logistic_regression,2,223,1,0.6076704101572622,FL_examples (30),FL_examples#2
A_casuale,logistic_regression,2,242,1,0.9894238778876624,FL_examples (47),FL_examples#4
A_casuale,logistic_regression,2,245,1,0.6473012067152953,FL_examples (5),FL_examples#0
A_casuale,logistic_regression,2,252,1,0.8745941421187027,FL_examples (56),FL_examples#5
A_casuale,logistic_regression,2,254,1,0.9486491383419219,FL_examples (58),FL_examples#5
A_casuale,logistic_regression,2,265,1,0.9829806896647603,FL_examples (68),FL_examples#6
A_casuale,logistic_regression,2,267,1,0.3105559574300979,FL_examples (7),FL_examples#0
A_casuale,logistic_regression,2,272,1,0.9808504777325822,FL_examples (74),FL_examples#7
A_casuale,logistic_regression,2,276,1,0.974543455209503,FL_examples (78),FL_examples#7
A_casuale,logistic_regression,2,282,1,0.9929902497143022,FL_examples (83),FL_examples#8
A_casuale,logistic_regression,2,286,1,0.9340042602770737,FL_examples (87),FL_examples#8
A_casuale,logistic_regression,2,287,1,0.9226410515548245,FL_examples (88),FL_examples#8
A_casuale,logistic_regression,2,288,1,0.9589588246419632,FL_examples (89),FL_examples#8
A_casuale,logistic_regression,2,292,1,0.9621682299902828,FL_examples (92),FL_examples#9
A_casuale,logistic_regression,2,302,0,0.020156000372503556,REACTIVE_examples (100),REACTIVE_examples#9
A_casuale,logistic_regression,2,304,0,0.037935859068900436,REACTIVE_examples (102),REACTIVE_examples#10
A_casuale,logistic_regression,2,314,0,0.6703518961986906,REACTIVE_examples (111),REACTIVE_examples#11
A_casuale,logistic_regression,2,315,0,0.47993783017348796,REACTIVE_examples (112),REACTIVE_examples#11
A_casuale,logistic_regression,2,320,0,0.08241162401243042,REACTIVE_examples (117),REACTIVE_examples#11
A_casuale,logistic_regression,2,331,0,0.08063148602059117,REACTIVE_examples (127),REACTIVE_examples#12
A_casuale,logistic_regression,2,334,0,0.1283209935333681,REACTIVE_examples (13),REACTIVE_examples#1
A_casuale,logistic_regression,2,344,0,0.00523130451424381,REACTIVE_examples (139),REACTIVE_examples#13
A_casuale,logistic_regression,2,349,0,0.05334555538349713,REACTIVE_examples (143),REACTIVE_examples#14
A_casuale,logistic_regression,2,359,0,0.0051815674447042,REACTIVE_examples (152),REACTIVE_examples#15
A_casuale,logistic_regression,2,360,0,0.003964190879259387,REACTIVE_examples (153),REACTIVE_examples#15
A_casuale,logistic_regression,2,362,0,0.13948604846716134,REACTIVE_examples (155),REACTIVE_examples#15
A_casuale,logistic_regression,2,364,0,0.020314224743028207,REACTIVE_examples (157),REACTIVE_examples#15
A_casuale,logistic_regression,2,373,0,0.3600271818500831,REACTIVE_examples (165),REACTIVE_examples#16
A_casuale,logistic_regression,2,378,0,0.4156372461116495,REACTIVE_examples (17),REACTIVE_examples#1
A_casuale,logistic_regression,2,390,0,0.11021594216486137,REACTIVE_examples (180),REACTIVE_examples#17
A_casuale,logistic_regression,2,393,0,0.9068616065112212,REACTIVE_examples (183),REACTIVE_examples#18
A_casuale,logistic_regression,2,395,0,0.21857121617380754,REACTIVE_examples (185),REACTIVE_examples#18
A_casuale,logistic_regression,2,399,0,0.08880859405320479,REACTIVE_examples (189),REACTIVE_examples#18
A_casuale,logistic_regression,2,409,0,0.4314591429609682,REACTIVE_examples (198),REACTIVE_examples#19
A_casuale,logistic_regression,2,412,0,0.042692062416634924,REACTIVE_examples (20),REACTIVE_examples#1
A_casuale,logistic_regression,2,422,0,0.2812418479758745,REACTIVE_examples (209),REACTIVE_examples#20
A_casuale,logistic_regression,2,431,0,0.14048836163229564,REACTIVE_examples (217),REACTIVE_examples#21
A_casuale,logistic_regression,2,433,0,0.015108255896672713,REACTIVE_examples (219),REACTIVE_examples#21
A_casuale,logistic_regression,2,435,0,0.1708587833222409,REACTIVE_examples (220),REACTIVE_examples#21
A_casuale,logistic_regression,2,436,0,0.05394676573218357,REACTIVE_examples (221),REACTIVE_examples#22
A_casuale,logistic_regression,2,440,0,0.0329788281576934,REACTIVE_examples (225),REACTIVE_examples#22
A_casuale,logistic_regression,2,453,0,0.01778887269400021,REACTIVE_examples (237),REACTIVE_examples#23
A_casuale,logistic_regression,2,459,0,0.0420731569187367,REACTIVE_examples (242),REACTIVE_examples#24
A_casuale,logistic_regression,2,460,0,0.066734850657029,REACTIVE_examples (243),REACTIVE_examples#24
A_casuale,logistic_regression,2,464,0,0.22809622266832003,REACTIVE_examples (247),REACTIVE_examples#24
A_casuale,logistic_regression,2,468,0,0.352844415925102,REACTIVE_examples (250),REACTIVE_examples#24
A_casuale,logistic_regression,2,469,0,0.45959734281041315,REACTIVE_examples (251),REACTIVE_examples#25
A_casuale,logistic_regression,2,470,0,0.30371973856797174,REACTIVE_examples (252),REACTIVE_examples#25
A_casuale,logistic_regression,2,471,0,0.7483319588598815,REACTIVE_examples (253),REACTIVE_examples#25
A_casuale,logistic_regression,2,472,0,0.16484976518960584,REACTIVE_examples (254),REACTIVE_examples#25
A_casuale,logistic_regression,2,483,0,0.6575604855526942,REACTIVE_examples (264),REACTIVE_examples#26
A_casuale,logistic_regression,2,487,0,0.10480246337135965,REACTIVE_examples (268),REACTIVE_examples#26
A_casuale,logistic_regression,2,492,0,0.1397947617709197,REACTIVE_examples (272),REACTIVE_examples#27
A_casuale,logistic_regression,2,513,0,0.016404390922911193,REACTIVE_examples (291),REACTIVE_examples#29
A_casuale,logistic_regression,2,518,0,0.13285537530808222,REACTIVE_examples (296),REACTIVE_examples#29
A_casuale,logistic_regression,2,519,0,0.23779622724661537,REACTIVE_examples (297),REACTIVE_examples#29
A_casuale,logistic_regression,2,532,0,0.889046704935645,REACTIVE_examples (38),REACTIVE_examples#3
A_casuale,logistic_regression,2,536,0,0.18807293216040089,REACTIVE_examples (41),REACTIVE_examples#4
A_casuale,logistic_regression,2,537,0,0.8994730058854847,REACTIVE_examples (42),REACTIVE_examples#4
A_casuale,logistic_regression,2,542,0,0.71562627421721,REACTIVE_examples (47),REACTIVE_examples#4
A_casuale,logistic_regression,2,545,0,0.016991035132603735,REACTIVE_examples (5),REACTIVE_examples#0
A_casuale,logistic_regression,2,548,0,0.9816474026348843,REACTIVE_examples (52),REACTIVE_examples#5
A_casuale,logistic_regression,2,549,0,0.2848640165058295,REACTIVE_examples (53),REACTIVE_examples#5
A_casuale,logistic_regression,2,554,0,0.5646701587446737,REACTIVE_examples (58),REACTIVE_examples#5
A_casuale,logistic_regression,2,557,0,0.943646218165701,REACTIVE_examples (60),REACTIVE_examples#5
A_casuale,logistic_regression,2,560,0,0.8530185894661213,REACTIVE_examples (63),REACTIVE_examples#6
A_casuale,logistic_regression,2,561,0,0.1633238790154775,REACTIVE_examples (64),REACTIVE_examples#6
A_casuale,logistic_regression,2,562,0,0.486964477691503,REACTIVE_examples (65),REACTIVE_examples#6
A_casuale,logistic_regression,2,564,0,0.45257837589940353,REACTIVE_examples (67),REACTIVE_examples#6
A_casuale,logistic_regression,2,569,0,0.42068875241724624,REACTIVE_examples (71),REACTIVE_examples#7
A_casuale,logistic_regression,2,571,0,0.9022790660884418,REACTIVE_examples (73),REACTIVE_examples#7
A_casuale,logistic_regression,2,584,0,0.03958079126297031,REACTIVE_examples (85),REACTIVE_examples#8
A_casuale,logistic_regression,2,586,0,0.05570684253681668,REACTIVE_examples (87),REACTIVE_examples#8
A_casuale,logistic_regression,2,592,0,0.04599020977248359,REACTIVE_examples (92),REACTIVE_examples#9
A_casuale,random_forest,2,2,1,0.95,FL_examples (100),FL_examples#9
A_casuale,random_forest,2,9,1,0.9833333333333333,FL_examples (107),FL_examples#10
A_casuale,random_forest,2,18,1,0.8033333333333333,FL_examples (115),FL_examples#11
A_casuale,random_forest,2,19,1,0.79,FL_examples (116),FL_examples#11
A_casuale,random_forest,2,28,1,0.9733333333333334,FL_examples (124),FL_examples#12
A_casuale,random_forest,2,31,1,0.93,FL_examples (127),FL_examples#12
A_casuale,random_forest,2,51,1,0.9633333333333334,FL_examples (145),FL_examples#14
A_casuale,random_forest,2,64,1,0.6266666666666667,FL_examples (157),FL_examples#15
A_casuale,random_forest,2,71,1,0.78,FL_examples (163),FL_examples#16
A_casuale,random_forest,2,74,1,0.9166666666666666,FL_examples (166),FL_examples#16
A_casuale,random_forest,2,80,1,0.8833333333333333,FL_examples (171),FL_examples#17
A_casuale,random_forest,2,81,1,0.9233333333333333,FL_examples (172),FL_examples#17
A_casuale,random_forest,2,83,1,0.96,FL_examples (174),FL_examples#17
A_casuale,random_forest,2,96,1,0.8466666666666667,FL_examples (186),FL_examples#18
A_casuale,random_forest,2,97,1,0.7266666666666667,FL_examples (187),FL_examples#18
A_casuale,random_forest,2,106,1,0.91,FL_examples (195),FL_examples#19
A_casuale,random_forest,2,110,1,0.8933333333333333,FL_examples (199),FL_examples#19
A_casuale,random_forest,2,116,1,0.8033333333333333,FL_examples (203),FL_examples#20
A_casuale,random_forest,2,121,1,0.6733333333333333,FL_examples (208),FL_examples#20
A_casuale,random_forest,2,123,1,0.72,FL_examples (21),FL_examples#2
A_casuale,random_forest,2,124,1,0.6166666666666667,FL_examples (210),FL_examples#20
A_casuale,random_forest,2,127,1,0.7566666666666667,FL_examples (213),FL_examples#21
A_casuale,random_forest,2,130,1,0.93,FL_examples (216),FL_examples#21
A_casuale,random_forest,2,132,1,0.9566666666666667,FL_examples (218),FL_examples#21
A_casuale,random_forest,2,136,1,0.86,FL_examples (221),FL_examples#22
A_casuale,random_forest,2,137,1,0.9566666666666667,FL_examples (222),FL_examples#22
A_casuale,random_forest,2,138,1,0.8933333333333333,FL_examples (223),FL_examples#22
A_casuale,random_forest,2,141,1,0.8,FL_examples (226),FL_examples#22
A_casuale,random_forest,2,142,1,0.87,FL_examples (227),FL_examples#22
A_casuale,random_forest,2,143,1,0.92,FL_examples (228),FL_examples#22
A_casuale,random_forest,2,146,1,0.8233333333333334,FL_examples (230),FL_examples#22
A_casuale,random_forest,2,153,1,0.77,FL_examples (237),FL_examples#23
A_casuale,random_forest,2,161,1,0.8,FL_examples (244),FL_examples#24
A_casuale,random_forest,2,165,1,0.9133333333333333,FL_examples (248),FL_examples#24
A_casuale,random_forest,2,168,1,0.9166666666666666,FL_examples (250),FL_examples#24
A_casuale,random_forest,2,176,1,0.83,FL_examples (258),FL_examples#25
A_casuale,random_forest,2,179,1,0.8466666666666667,FL_examples (260),FL_examples#25
A_casuale,random_forest,2,187,1,0.7933333333333333,FL_examples (268),FL_examples#26
A_casuale,random_forest,2,191,1,0.36666666666666664,FL_examples (271),FL_examples#27
A_casuale,random_forest,2,201,1,0.5433333333333333,FL_examples (280),FL_examples#27
A_casuale,random_forest,2,204,1,0.5933333333333334,FL_examples (283),FL_examples#28
A_casuale,random_forest,2,207,1,0.47333333333333333,FL_examples (286),FL_examples#28
A_casuale,random_forest,2,209,1,0.2866666666666667,FL_examples (288),FL_examples#28
A_casuale,random_forest,2,210,1,0.56,FL_examples (289),FL_examples#28
A_casuale,random_forest,2,218,1,0.65,FL_examples (296),FL_examples#29
A_casuale,random_forest,2,220,1,0.4866666666666667,FL_examples (298),FL_examples#29
A_casuale,random_forest,2,223,1,0.87,FL_examples (30),FL_examples#2
A_casuale,random_forest,2,242,1,0.8266666666666667,FL_examples (47),FL_examples#4
A_casuale,random_forest,2,245,1,0.7233333333333334,FL_examples (5),FL_examples#0
A_casuale,random_forest,2,252,1,0.75,FL_examples (56),FL_examples#5
A_casuale,random_forest,2,254,1,0.7566666666666667,FL_examples (58),FL_examples#5
A_casuale,random_forest,2,265,1,0.92,FL_examples (68),FL_examples#6
A_casuale,random_forest,2,267,1,0.5633333333333334,FL_examples (7),FL_examples#0
A_casuale,random_forest,2,272,1,0.9533333333333334,FL_examples (74),FL_examples#7
A_casuale,random_forest,2,276,1,0.8866666666666667,FL_examples (78),FL_examples#7
A_casuale,random_forest,2,282,1,0.8066666666666666,FL_examples (83),FL_examples#8
A_casuale,random_forest,2,286,1,0.89,FL_examples (87),FL_examples#8
A_casuale,random_forest,2,287,1,0.9133333333333333,FL_examples (88),FL_examples#8
A_casuale,random_forest,2,288,1,0.85,FL_examples (89),FL_examples#8
A_casuale,random_forest,2,292,1,0.94,FL_examples (92),FL_examples#9
A_casuale,random_forest,2,302,0,0.14666666666666667,REACTIVE_examples (100),REACTIVE_examples#9
A_casuale,random_forest,2,304,0,0.3466666666666667,REACTIVE_examples (102),REACTIVE_examples#10
A_casuale,random_forest,2,314,0,0.3933333333333333,REACTIVE_examples (111),REACTIVE_examples#11
A_casuale,random_forest,2,315,0,0.06,REACTIVE_examples (112),REACTIVE_examples#11
A_casuale,random_forest,2,320,0,0.1,REACTIVE_examples (117),REACTIVE_examples#11
A_casuale,random_forest,2,331,0,0.4766666666666667,REACTIVE_examples (127),REACTIVE_examples#12
A_casuale,random_forest,2,334,0,0.32666666666666666,REACTIVE_examples (13),REACTIVE_examples#1
A_casuale,random_forest,2,344,0,0.06333333333333334,REACTIVE_examples (139),REACTIVE_examples#13
A_casuale,random_forest,2,349,0,0.12333333333333334,REACTIVE_examples (143),REACTIVE_examples#14
A_casuale,random_forest,2,359,0,0.06666666666666667,REACTIVE_examples (152),REACTIVE_examples#15
A_casuale,random_forest,2,360,0,0.07333333333333333,REACTIVE_examples (153),REACTIVE_examples#15
A_casuale,random_forest,2,362,0,0.3933333333333333,REACTIVE_examples (155),REACTIVE_examples#15
A_casuale,random_forest,2,364,0,0.25,REACTIVE_examples (157),REACTIVE_examples#15
A_casuale,random_forest,2,373,0,0.21333333333333335,REACTIVE_examples (165),REACTIVE_examples#16
A_casuale,random_forest,2,378,0,0.2866666666666667,REACTIVE_examples (17),REACTIVE_examples#1
A_casuale,random_forest,2,390,0,0.26666666666666666,REACTIVE_examples (180),REACTIVE_examples#17
A_casuale,random_forest,2,393,0,0.5766666666666667,REACTIVE_examples (183),REACTIVE_examples#18
A_casuale,random_forest,2,395,0,0.37,REACTIVE_examples (185),REACTIVE_examples#18
A_casuale,random_forest,2,399,0,0.33666666666666667,REACTIVE_examples (189),REACTIVE_examples#18
A_casuale,random_forest,2,409,0,0.3,REACTIVE_examples (198),REACTIVE_examples#19
A_casuale,random_forest,2,412,0,0.03666666666666667,REACTIVE_examples (20),REACTIVE_examples#1
A_casuale,random_forest,2,422,0,0.16,REACTIVE_examples (209),REACTIVE_examples#20
A_casuale,random_forest,2,431,0,0.39666666666666667,REACTIVE_examples (217),REACTIVE_examples#21
A_casuale,random_forest,2,433,0,0.33,REACTIVE_examples (219),REACTIVE_examples#21
A_casuale,random_forest,2,435,0,0.13333333333333333,REACTIVE_examples (220),REACTIVE_examples#21
A_casuale,random_forest,2,436,0,0.07,REACTIVE_examples (221),REACTIVE_examples#22
A_casuale,random_forest,2,440,0,0.12,REACTIVE_examples (225),REACTIVE_examples#22
A_casuale,random_forest,2,453,0,0.043333333333333335,REACTIVE_examples (237),REACTIVE_examples#23
A_casuale,random_forest,2,459,0,0.12,REACTIVE_examples (242),REACTIVE_examples#24
A_casuale,random_forest,2,460,0,0.17333333333333334,REACTIVE_examples (243),REACTIVE_examples#24
A_casuale,random_forest,2,464,0,0.13333333333333333,REACTIVE_examples (247),REACTIVE_examples#24
A_casuale,random_forest,2,468,0,0.07333333333333333,REACTIVE_examples (250),REACTIVE_examples#24
A_casuale,random_forest,2,469,0,0.08666666666666667,REACTIVE_examples (251),REACTIVE_examples#25
A_casuale,random_forest,2,470,0,0.16666666666666666,REACTIVE_examples (252),REACTIVE_examples#25
A_casuale,random_forest,2,471,0,0.30666666666666664,REACTIVE_examples (253),REACTIVE_examples#25
A_casuale,random_forest,2,472,0,0.023333333333333334,REACTIVE_examples (254),REACTIVE_examples#25
A_casuale,random_forest,2,483,0,0.32666666666666666,REACTIVE_examples (264),REACTIVE_examples#26
A_casuale,random_forest,2,487,0,0.056666666666666664,REACTIVE_examples (268),REACTIVE_examples#26
A_casuale,random_forest,2,492,0,0.12333333333333334,REACTIVE_examples (272),REACTIVE_examples#27
A_casuale,random_forest,2,513,0,0.11666666666666667,REACTIVE_examples (291),REACTIVE_examples#29
A_casuale,random_forest,2,518,0,0.5566666666666666,REACTIVE_examples (296),REACTIVE_examples#29
A_casuale,random_forest,2,519,0,0.5133333333333333,REACTIVE_examples (297),REACTIVE_examples#29
A_casuale,random_forest,2,532,0,0.5533333333333333,REACTIVE_examples (38),REACTIVE_examples#3
A_casuale,random_forest,2,536,0,0.30666666666666664,REACTIVE_examples (41),REACTIVE_examples#4
A_casuale,random_forest,2,537,0,0.3933333333333333,REACTIVE_examples (42),REACTIVE_examples#4
A_casuale,random_forest,2,542,0,0.31333333333333335,REACTIVE_examples (47),REACTIVE_examples#4
A_casuale,random_forest,2,545,0,0.08,REACTIVE_examples (5),REACTIVE_examples#0
A_casuale,random_forest,2,548,0,0.9033333333333333,REACTIVE_examples (52),REACTIVE_examples#5
A_casuale,random_forest,2,549,0,0.18666666666666668,REACTIVE_examples (53),REACTIVE_examples#5
A_casuale,random_forest,2,554,0,0.27,REACTIVE_examples (58),REACTIVE_examples#5
A_casuale,random_forest,2,557,0,0.6733333333333333,REACTIVE_examples (60),REACTIVE_examples#5
A_casuale,random_forest,2,560,0,0.6066666666666667,REACTIVE_examples (63),REACTIVE_examples#6
A_casuale,random_forest,2,561,0,0.16333333333333333,REACTIVE_examples (64),REACTIVE_examples#6
A_casuale,random_forest,2,562,0,0.18,REACTIVE_examples (65),REACTIVE_examples#6
A_casuale,random_forest,2,564,0,0.22,REACTIVE_examples (67),REACTIVE_examples#6
A_casuale,random_forest,2,569,0,0.34,REACTIVE_examples (71),REACTIVE_examples#7
A_casuale,random_forest,2,571,0,0.5266666666666666,REACTIVE_examples (73),REACTIVE_examples#7
A_casuale,random_forest,2,584,0,0.09666666666666666,REACTIVE_examples (85),REACTIVE_examples#8
A_casuale,random_forest,2,586,0,0.2633333333333333,REACTIVE_examples (87),REACTIVE_examples#8
A_casuale,random_forest,2,592,0,0.38,REACTIVE_examples (92),REACTIVE_examples#9
A_casuale,xgboost,2,2,1,0.9782464504241943,FL_examples (100),FL_examples#9
A_casuale,xgboost,2,9,1,0.9809799790382385,FL_examples (107),FL_examples#10
A_casuale,xgboost,2,18,1,0.9943447113037109,FL_examples (115),FL_examples#11
A_casuale,xgboost,2,19,1,0.9967893958091736,FL_examples (116),FL_examples#11
A_casuale,xgboost,2,28,1,0.9911274313926697,FL_examples (124),FL_examples#12
A_casuale,xgboost,2,31,1,0.9940041899681091,FL_examples (127),FL_examples#12
A_casuale,xgboost,2,51,1,0.9957966804504395,FL_examples (145),FL_examples#14
A_casuale,xgboost,2,64,1,0.6651047468185425,FL_examples (157),FL_examples#15
A_casuale,xgboost,2,71,1,0.8413354754447937,FL_examples (163),FL_examples#16
A_casuale,xgboost,2,74,1,0.9884418249130249,FL_examples (166),FL_examples#16
A_casuale,xgboost,2,80,1,0.9787020683288574,FL_examples (171),FL_examples#17
A_casuale,xgboost,2,81,1,0.9946300983428955,FL_examples (172),FL_examples#17
A_casuale,xgboost,2,83,1,0.9976233839988708,FL_examples (174),FL_examples#17
A_casuale,xgboost,2,96,1,0.958886444568634,FL_examples (186),FL_examples#18
A_casuale,xgboost,2,97,1,0.9279811382293701,FL_examples (187),FL_examples#18
A_casuale,xgboost,2,106,1,0.982408344745636,FL_examples (195),FL_examples#19
A_casuale,xgboost,2,110,1,0.9919549822807312,FL_examples (199),FL_examples#19
A_casuale,xgboost,2,116,1,0.9978370070457458,FL_examples (203),FL_examples#20
A_casuale,xgboost,2,121,1,0.9594213962554932,FL_examples (208),FL_examples#20
A_casuale,xgboost,2,123,1,0.9058974981307983,FL_examples (21),FL_examples#2
A_casuale,xgboost,2,124,1,0.5658730268478394,FL_examples (210),FL_examples#20
A_casuale,xgboost,2,127,1,0.9371330738067627,FL_examples (213),FL_examples#21
A_casuale,xgboost,2,130,1,0.9943066239356995,FL_examples (216),FL_examples#21
A_casuale,xgboost,2,132,1,0.8904829025268555,FL_examples (218),FL_examples#21
A_casuale,xgboost,2,136,1,0.9921595454216003,FL_examples (221),FL_examples#22
A_casuale,xgboost,2,137,1,0.9777529239654541,FL_examples (222),FL_examples#22
A_casuale,xgboost,2,138,1,0.9632556438446045,FL_examples (223),FL_examples#22
A_casuale,xgboost,2,141,1,0.9468986988067627,FL_examples (226),FL_examples#22
A_casuale,xgboost,2,142,1,0.9884265661239624,FL_examples (227),FL_examples#22
A_casuale,xgboost,2,143,1,0.998435914516449,FL_examples (228),FL_examples#22
A_casuale,xgboost,2,146,1,0.9981951117515564,FL_examples (230),FL_examples#22
A_casuale,xgboost,2,153,1,0.9730904698371887,FL_examples (237),FL_examples#23
A_casuale,xgboost,2,161,1,0.9486497640609741,FL_examples (244),FL_examples#24
A_casuale,xgboost,2,165,1,0.9992268085479736,FL_examples (248),FL_examples#24
A_casuale,xgboost,2,168,1,0.998994767665863,FL_examples (250),FL_examples#24
A_casuale,xgboost,2,176,1,0.9933688044548035,FL_examples (258),FL_examples#25
A_casuale,xgboost,2,179,1,0.9968838095664978,FL_examples (260),FL_examples#25
A_casuale,xgboost,2,187,1,0.9893187880516052,FL_examples (268),FL_examples#26
A_casuale,xgboost,2,191,1,0.8141151070594788,FL_examples (271),FL_examples#27
A_casuale,xgboost,2,201,1,0.4788023829460144,FL_examples (280),FL_examples#27
A_casuale,xgboost,2,204,1,0.656541645526886,FL_examples (283),FL_examples#28
A_casuale,xgboost,2,207,1,0.548082172870636,FL_examples (286),FL_examples#28
A_casuale,xgboost,2,209,1,0.30997177958488464,FL_examples (288),FL_examples#28
A_casuale,xgboost,2,210,1,0.6764588952064514,FL_examples (289),FL_examples#28
A_casuale,xgboost,2,218,1,0.885807991027832,FL_examples (296),FL_examples#29
A_casuale,xgboost,2,220,1,0.4174853265285492,FL_examples (298),FL_examples#29
A_casuale,xgboost,2,223,1,0.83757084608078,FL_examples (30),FL_examples#2
A_casuale,xgboost,2,242,1,0.9976147413253784,FL_examples (47),FL_examples#4
A_casuale,xgboost,2,245,1,0.7256593704223633,FL_examples (5),FL_examples#0
A_casuale,xgboost,2,252,1,0.7731161713600159,FL_examples (56),FL_examples#5
A_casuale,xgboost,2,254,1,0.9889696836471558,FL_examples (58),FL_examples#5
A_casuale,xgboost,2,265,1,0.970967173576355,FL_examples (68),FL_examples#6
A_casuale,xgboost,2,267,1,0.7818776369094849,FL_examples (7),FL_examples#0
A_casuale,xgboost,2,272,1,0.9910116195678711,FL_examples (74),FL_examples#7
A_casuale,xgboost,2,276,1,0.9907402992248535,FL_examples (78),FL_examples#7
A_casuale,xgboost,2,282,1,0.9936947226524353,FL_examples (83),FL_examples#8
A_casuale,xgboost,2,286,1,0.9450444579124451,FL_examples (87),FL_examples#8
A_casuale,xgboost,2,287,1,0.9728084206581116,FL_examples (88),FL_examples#8
A_casuale,xgboost,2,288,1,0.9800863265991211,FL_examples (89),FL_examples#8
A_casuale,xgboost,2,292,1,0.9752255082130432,FL_examples (92),FL_examples#9
A_casuale,xgboost,2,302,0,0.012895460240542889,REACTIVE_examples (100),REACTIVE_examples#9
A_casuale,xgboost,2,304,0,0.12034615129232407,REACTIVE_examples (102),REACTIVE_examples#10
A_casuale,xgboost,2,314,0,0.21261104941368103,REACTIVE_examples (111),REACTIVE_examples#11
A_casuale,xgboost,2,315,0,0.04908877983689308,REACTIVE_examples (112),REACTIVE_examples#11
A_casuale,xgboost,2,320,0,0.07946039736270905,REACTIVE_examples (117),REACTIVE_examples#11
A_casuale,xgboost,2,331,0,0.20937028527259827,REACTIVE_examples (127),REACTIVE_examples#12
A_casuale,xgboost,2,334,0,0.01677071675658226,REACTIVE_examples (13),REACTIVE_examples#1
A_casuale,xgboost,2,344,0,0.0014106916496530175,REACTIVE_examples (139),REACTIVE_examples#13
A_casuale,xgboost,2,349,0,0.04578953981399536,REACTIVE_examples (143),REACTIVE_examples#14
A_casuale,xgboost,2,359,0,0.0015162042109295726,REACTIVE_examples (152),REACTIVE_examples#15
A_casuale,xgboost,2,360,0,0.004517402965575457,REACTIVE_examples (153),REACTIVE_examples#15
A_casuale,xgboost,2,362,0,0.6734101176261902,REACTIVE_examples (155),REACTIVE_examples#15
A_casuale,xgboost,2,364,0,0.005848834756761789,REACTIVE_examples (157),REACTIVE_examples#15
A_casuale,xgboost,2,373,0,0.12286723405122757,REACTIVE_examples (165),REACTIVE_examples#16
A_casuale,xgboost,2,378,0,0.044571924954652786,REACTIVE_examples (17),REACTIVE_examples#1
A_casuale,xgboost,2,390,0,0.24808166921138763,REACTIVE_examples (180),REACTIVE_examples#17
A_casuale,xgboost,2,393,0,0.7967981696128845,REACTIVE_examples (183),REACTIVE_examples#18
A_casuale,xgboost,2,395,0,0.2905386984348297,REACTIVE_examples (185),REACTIVE_examples#18
A_casuale,xgboost,2,399,0,0.030242307111620903,REACTIVE_examples (189),REACTIVE_examples#18
A_casuale,xgboost,2,409,0,0.09701968729496002,REACTIVE_examples (198),REACTIVE_examples#19
A_casuale,xgboost,2,412,0,0.00611715717241168,REACTIVE_examples (20),REACTIVE_examples#1
A_casuale,xgboost,2,422,0,0.00414452888071537,REACTIVE_examples (209),REACTIVE_examples#20
A_casuale,xgboost,2,431,0,0.18108423054218292,REACTIVE_examples (217),REACTIVE_examples#21
A_casuale,xgboost,2,433,0,0.0653650164604187,REACTIVE_examples (219),REACTIVE_examples#21
A_casuale,xgboost,2,435,0,0.021005522459745407,REACTIVE_examples (220),REACTIVE_examples#21
A_casuale,xgboost,2,436,0,0.011757619678974152,REACTIVE_examples (221),REACTIVE_examples#22
A_casuale,xgboost,2,440,0,0.060082003474235535,REACTIVE_examples (225),REACTIVE_examples#22
A_casuale,xgboost,2,453,0,0.0029213782399892807,REACTIVE_examples (237),REACTIVE_examples#23
A_casuale,xgboost,2,459,0,0.001614105305634439,REACTIVE_examples (242),REACTIVE_examples#24
A_casuale,xgboost,2,460,0,0.032738082110881805,REACTIVE_examples (243),REACTIVE_examples#24
A_casuale,xgboost,2,464,0,0.03263618424534798,REACTIVE_examples (247),REACTIVE_examples#24
A_casuale,xgboost,2,468,0,0.010466142557561398,REACTIVE_examples (250),REACTIVE_examples#24
A_casuale,xgboost,2,469,0,0.00951699074357748,REACTIVE_examples (251),REACTIVE_examples#25
A_casuale,xgboost,2,470,0,0.03748505935072899,REACTIVE_examples (252),REACTIVE_examples#25
A_casuale,xgboost,2,471,0,0.061461906880140305,REACTIVE_examples (253),REACTIVE_examples#25
A_casuale,xgboost,2,472,0,0.007797480560839176,REACTIVE_examples (254),REACTIVE_examples#25
A_casuale,xgboost,2,483,0,0.2612384855747223,REACTIVE_examples (264),REACTIVE_examples#26
A_casuale,xgboost,2,487,0,0.0137147456407547,REACTIVE_examples (268),REACTIVE_examples#26
A_casuale,xgboost,2,492,0,0.010219568386673927,REACTIVE_examples (272),REACTIVE_examples#27
A_casuale,xgboost,2,513,0,0.003150530159473419,REACTIVE_examples (291),REACTIVE_examples#29
A_casuale,xgboost,2,518,0,0.5821802020072937,REACTIVE_examples (296),REACTIVE_examples#29
A_casuale,xgboost,2,519,0,0.9075099229812622,REACTIVE_examples (297),REACTIVE_examples#29
A_casuale,xgboost,2,532,0,0.447799950838089,REACTIVE_examples (38),REACTIVE_examples#3
A_casuale,xgboost,2,536,0,0.05698874965310097,REACTIVE_examples (41),REACTIVE_examples#4
A_casuale,xgboost,2,537,0,0.4093606472015381,REACTIVE_examples (42),REACTIVE_examples#4
A_casuale,xgboost,2,542,0,0.22946377098560333,REACTIVE_examples (47),REACTIVE_examples#4
A_casuale,xgboost,2,545,0,0.0012936413986608386,REACTIVE_examples (5),REACTIVE_examples#0
A_casuale,xgboost,2,548,0,0.9918276071548462,REACTIVE_examples (52),REACTIVE_examples#5
A_casuale,xgboost,2,549,0,0.023852786049246788,REACTIVE_examples (53),REACTIVE_examples#5
A_casuale,xgboost,2,554,0,0.07834488153457642,REACTIVE_examples (58),REACTIVE_examples#5
A_casuale,xgboost,2,557,0,0.29270869493484497,REACTIVE_examples (60),REACTIVE_examples#5
A_casuale,xgboost,2,560,0,0.7932790517807007,REACTIVE_examples (63),REACTIVE_examples#6
A_casuale,xgboost,2,561,0,0.07004213333129883,REACTIVE_examples (64),REACTIVE_examples#6
A_casuale,xgboost,2,562,0,0.09433452785015106,REACTIVE_examples (65),REACTIVE_examples#6
A_casuale,xgboost,2,564,0,0.02710808254778385,REACTIVE_examples (67),REACTIVE_examples#6
A_casuale,xgboost,2,569,0,0.04993879050016403,REACTIVE_examples (71),REACTIVE_examples#7
A_casuale,xgboost,2,571,0,0.1665911227464676,REACTIVE_examples (73),REACTIVE_examples#7
A_casuale,xgboost,2,584,0,0.009600666351616383,REACTIVE_examples (85),REACTIVE_examples#8
A_casuale,xgboost,2,586,0,0.10652251541614532,REACTIVE_examples (87),REACTIVE_examples#8
A_casuale,xgboost,2,592,0,0.2744159698486328,REACTIVE_examples (92),REACTIVE_examples#9
A_casuale,logistic_regression,3,0,1,0.531931272456494,FL_examples (1),FL_examples#0
A_casuale,logistic_regression,3,4,1,0.999892685066287,FL_examples (102),FL_examples#10
A_casuale,logistic_regression,3,5,1,0.9992798826860205,FL_examples (103),FL_examples#10
A_casuale,logistic_regression,3,6,1,0.9997779749377858,FL_examples (104),FL_examples#10
A_casuale,logistic_regression,3,10,1,0.991731264247163,FL_examples (108),FL_examples#10
A_casuale,logistic_regression,3,12,1,0.22282488000595654,FL_examples (11),FL_examples#1
A_casuale,logistic_regression,3,14,1,0.9979928337938051,FL_examples (111),FL_examples#11
A_casuale,logistic_regression,3,15,1,0.9991807459540967,FL_examples (112),FL_examples#11
A_casuale,logistic_regression,3,17,1,0.9993066745363071,FL_examples (114),FL_examples#11
A_casuale,logistic_regression,3,29,1,0.9984211597063501,FL_examples (125),FL_examples#12
A_casuale,logistic_regression,3,34,1,0.12628655310740744,FL_examples (13),FL_examples#1
A_casuale,logistic_regression,3,46,1,0.9824065587381785,FL_examples (140),FL_examples#13
A_casuale,logistic_regression,3,47,1,0.9903594591704437,FL_examples (141),FL_examples#14
A_casuale,logistic_regression,3,49,1,0.9849294789464664,FL_examples (143),FL_examples#14
A_casuale,logistic_regression,3,50,1,0.9997222654660254,FL_examples (144),FL_examples#14
A_casuale,logistic_regression,3,52,1,0.9996467479642394,FL_examples (146),FL_examples#14
A_casuale,logistic_regression,3,58,1,0.9389290533750282,FL_examples (151),FL_examples#15
A_casuale,logistic_regression,3,60,1,0.9812135022272769,FL_examples (153),FL_examples#15
A_casuale,logistic_regression,3,63,1,0.9800804254809076,FL_examples (156),FL_examples#15
A_casuale,logistic_regression,3,69,1,0.9801682937418951,FL_examples (161),FL_examples#16
A_casuale,logistic_regression,3,72,1,0.7599197831259181,FL_examples (164),FL_examples#16
A_casuale,logistic_regression,3,73,1,0.9990755335276558,FL_examples (165),FL_examples#16
A_casuale,logistic_regression,3,90,1,0.862900596114911,FL_examples (180),FL_examples#17
A_casuale,logistic_regression,3,93,1,0.9668366599258017,FL_examples (183),FL_examples#18
A_casuale,logistic_regression,3,100,1,0.5617873094420842,FL_examples (19),FL_examples#1
A_casuale,logistic_regression,3,103,1,0.8150020832969153,FL_examples (192),FL_examples#19
A_casuale,logistic_regression,3,105,1,0.19989288681315798,FL_examples (194),FL_examples#19
A_casuale,logistic_regression,3,108,1,0.9340539356973316,FL_examples (197),FL_examples#19
A_casuale,logistic_regression,3,118,1,0.8960916136910133,FL_examples (205),FL_examples#20
A_casuale,logistic_regression,3,119,1,0.3660943555427884,FL_examples (206),FL_examples#20
A_casuale,logistic_regression,3,122,1,0.4338727820992814,FL_examples (209),FL_examples#20
A_casuale,logistic_regression,3,128,1,0.3150806727993789,FL_examples (214),FL_examples#21
A_casuale,logistic_regression,3,144,1,0.9796443008885901,FL_examples (229),FL_examples#22
A_casuale,logistic_regression,3,152,1,0.9186666115043499,FL_examples (236),FL_examples#23
A_casuale,logistic_regression,3,156,1,0.6144432766082334,FL_examples (24),FL_examples#2
A_casuale,logistic_regression,3,158,1,0.9507990941526455,FL_examples (241),FL_examples#24
A_casuale,logistic_regression,3,160,1,0.6317426159583692,FL_examples (243),FL_examples#24
A_casuale,logistic_regression,3,171,1,0.9613125203632005,FL_examples (253),FL_examples#25
A_casuale,logistic_regression,3,180,1,0.6422037230596069,FL_examples (261),FL_examples#26
A_casuale,logistic_regression,3,192,1,0.7948141118033029,FL_examples (272),FL_examples#27
A_casuale,logistic_regression,3,193,1,0.9752269330483677,FL_examples (273),FL_examples#27
A_casuale,logistic_regression,3,199,1,0.4015496900752762,FL_examples (279),FL_examples#27
A_casuale,logistic_regression,3,203,1,0.5913228490822262,FL_examples (282),FL_examples#28
A_casuale,logistic_regression,3,205,1,0.1445786968977057,FL_examples (284),FL_examples#28
A_casuale,logistic_regression,3,222,1,0.5027745943351568,FL_examples (3),FL_examples#0
A_casuale,logistic_regression,3,228,1,0.3886501141819163,FL_examples (34),FL_examples#3
A_casuale,logistic_regression,3,229,1,0.7426040025190945,FL_examples (35),FL_examples#3
A_casuale,logistic_regression,3,234,1,0.6464528985591549,FL_examples (4),FL_examples#0
A_casuale,logistic_regression,3,239,1,0.77623297528669,FL_examples (44),FL_examples#4
A_casuale,logistic_regression,3,241,1,0.960566457867691,FL_examples (46),FL_examples#4
A_casuale,logistic_regression,3,244,1,0.9986929197134433,FL_examples (49),FL_examples#4
A_casuale,logistic_regression,3,246,1,0.9867744161998119,FL_examples (50),FL_examples#4
A_casuale,logistic_regression,3,247,1,0.8075875332481712,FL_examples (51),FL_examples#5
A_casuale,logistic_regression,3,258,1,0.8020120742914671,FL_examples (61),FL_examples#6
A_casuale,logistic_regression,3,273,1,0.9993820329597235,FL_examples (75),FL_examples#7
A_casuale,logistic_regression,3,275,1,0.9991750067233875,FL_examples (77),FL_examples#7
A_casuale,logistic_regression,3,279,1,0.9939090858402647,FL_examples (80),FL_examples#7
A_casuale,logistic_regression,3,284,1,0.9794489976439152,FL_examples (85),FL_examples#8
A_casuale,logistic_regression,3,291,1,0.9865735696996387,FL_examples (91),FL_examples#9
A_casuale,logistic_regression,3,295,1,0.955315278669469,FL_examples (95),FL_examples#9
A_casuale,logistic_regression,3,301,0,0.0028514200072507863,REACTIVE_examples (10),REACTIVE_examples#0
A_casuale,logistic_regression,3,306,0,0.0670263826111863,REACTIVE_examples (104),REACTIVE_examples#10
A_casuale,logistic_regression,3,316,0,0.47637881757643963,REACTIVE_examples (113),REACTIVE_examples#11
A_casuale,logistic_regression,3,318,0,0.3541299292075301,REACTIVE_examples (115),REACTIVE_examples#11
A_casuale,logistic_regression,3,319,0,0.10102235190285011,REACTIVE_examples (116),REACTIVE_examples#11
A_casuale,logistic_regression,3,321,0,0.042289724876162914,REACTIVE_examples (118),REACTIVE_examples#11
A_casuale,logistic_regression,3,322,0,0.21312581493415894,REACTIVE_examples (119),REACTIVE_examples#11
A_casuale,logistic_regression,3,325,0,0.010779382945223695,REACTIVE_examples (121),REACTIVE_examples#12
A_casuale,logistic_regression,3,327,0,0.002570983295255652,REACTIVE_examples (123),REACTIVE_examples#12
A_casuale,logistic_regression,3,333,0,0.6176266004519341,REACTIVE_examples (129),REACTIVE_examples#12
A_casuale,logistic_regression,3,335,0,0.97841268831579,REACTIVE_examples (130),REACTIVE_examples#12
A_casuale,logistic_regression,3,342,0,0.3678116957762127,REACTIVE_examples (137),REACTIVE_examples#13
A_casuale,logistic_regression,3,343,0,0.040634282949786354,REACTIVE_examples (138),REACTIVE_examples#13
A_casuale,logistic_regression,3,345,0,0.008523375704941822,REACTIVE_examples (14),REACTIVE_examples#1
A_casuale,logistic_regression,3,351,0,0.018282701292395866,REACTIVE_examples (145),REACTIVE_examples#14
A_casuale,logistic_regression,3,352,0,0.014507975005892465,REACTIVE_examples (146),REACTIVE_examples#14
A_casuale,logistic_regression,3,369,0,0.17786683844771778,REACTIVE_examples (161),REACTIVE_examples#16
A_casuale,logistic_regression,3,370,0,0.031179223317568876,REACTIVE_examples (162),REACTIVE_examples#16
A_casuale,logistic_regression,3,376,0,0.08459361092130627,REACTIVE_examples (168),REACTIVE_examples#16
A_casuale,logistic_regression,3,381,0,0.04830592619242618,REACTIVE_examples (172),REACTIVE_examples#17
A_casuale,logistic_regression,3,386,0,0.3215817077028431,REACTIVE_examples (177),REACTIVE_examples#17
A_casuale,logistic_regression,3,391,0,0.007033101038358241,REACTIVE_examples (181),REACTIVE_examples#18
A_casuale,logistic_regression,3,394,0,0.8274762640592613,REACTIVE_examples (184),REACTIVE_examples#18
A_casuale,logistic_regression,3,398,0,0.028511186624434658,REACTIVE_examples (188),REACTIVE_examples#18
A_casuale,logistic_regression,3,406,0,0.5909533637329779,REACTIVE_examples (195),REACTIVE_examples#19
A_casuale,logistic_regression,3,413,0,0.03044470323188408,REACTIVE_examples (200),REACTIVE_examples#19
A_casuale,logistic_regression,3,415,0,0.12741625652745306,REACTIVE_examples (202),REACTIVE_examples#20
A_casuale,logistic_regression,3,425,0,0.011860973248218673,REACTIVE_examples (211),REACTIVE_examples#21
A_casuale,logistic_regression,3,426,0,0.012610644087451538,REACTIVE_examples (212),REACTIVE_examples#21
A_casuale,logistic_regression,3,434,0,0.05427947458800518,REACTIVE_examples (22),REACTIVE_examples#2
A_casuale,logistic_regression,3,437,0,0.014910857591432724,REACTIVE_examples (222),REACTIVE_examples#22
A_casuale,logistic_regression,3,438,0,0.06983375441430843,REACTIVE_examples (223),REACTIVE_examples#22
A_casuale,logistic_regression,3,441,0,0.0026232490389573727,REACTIVE_examples (226),REACTIVE_examples#22
A_casuale,logistic_regression,3,446,0,0.11326818388268801,REACTIVE_examples (230),REACTIVE_examples#22
A_casuale,logistic_regression,3,447,0,0.39097275533333187,REACTIVE_examples (231),REACTIVE_examples#23
A_casuale,logistic_regression,3,448,0,0.9812271730754293,REACTIVE_examples (232),REACTIVE_examples#23
A_casuale,logistic_regression,3,451,0,0.0021895723954046473,REACTIVE_examples (235),REACTIVE_examples#23
A_casuale,logistic_regression,3,452,0,0.006486071872726589,REACTIVE_examples (236),REACTIVE_examples#23
A_casuale,logistic_regression,3,478,0,0.019925638311775348,REACTIVE_examples (26),REACTIVE_examples#2
A_casuale,logistic_regression,3,479,0,0.09359732355118218,REACTIVE_examples (260),REACTIVE_examples#25
A_casuale,logistic_regression,3,481,0,0.49114278169719666,REACTIVE_examples (262),REACTIVE_examples#26
A_casuale,logistic_regression,3,490,0,0.16510041701878242,REACTIVE_examples (270),REACTIVE_examples#26
A_casuale,logistic_regression,3,500,0,0.0052160501606231405,REACTIVE_examples (28),REACTIVE_examples#2
A_casuale,logistic_regression,3,506,0,0.22316263624684532,REACTIVE_examples (285),REACTIVE_examples#28
A_casuale,logistic_regression,3,516,0,0.03702433744823592,REACTIVE_examples (294),REACTIVE_examples#29
A_casuale,logistic_regression,3,520,0,0.06147592470050214,REACTIVE_examples (298),REACTIVE_examples#29
A_casuale,logistic_regression,3,522,0,0.0032262728302218818,REACTIVE_examples (3),REACTIVE_examples#0
A_casuale,logistic_regression,3,527,0,0.020027183275847547,REACTIVE_examples (33),REACTIVE_examples#3
A_casuale,logistic_regression,3,533,0,0.5717575583321838,REACTIVE_examples (39),REACTIVE_examples#3
A_casuale,logistic_regression,3,535,0,0.26529271366583584,REACTIVE_examples (40),REACTIVE_examples#3
A_casuale,logistic_regression,3,538,0,0.72659725853144,REACTIVE_examples (43),REACTIVE_examples#4
A_casuale,logistic_regression,3,555,0,0.9430330847901166,REACTIVE_examples (59),REACTIVE_examples#5
A_casuale,logistic_regression,3,567,0,0.006898962347636868,REACTIVE_examples (7),REACTIVE_examples#0
A_casuale,logistic_regression,3,573,0,0.5812957982836828,REACTIVE_examples (75),REACTIVE_examples#7
A_casuale,logistic_regression,3,575,0,0.674623971217198,REACTIVE_examples (77),REACTIVE_examples#7
A_casuale,logistic_regression,3,578,0,0.09019887063629803,REACTIVE_examples (8),REACTIVE_examples#0
A_casuale,logistic_regression,3,580,0,0.02152015839918328,REACTIVE_examples (81),REACTIVE_examples#8
A_casuale,logistic_regression,3,585,0,0.018434902283401056,REACTIVE_examples (86),REACTIVE_examples#8
A_casuale,logistic_regression,3,589,0,0.00556748646672098,REACTIVE_examples (9),REACTIVE_examples#0
A_casuale,logistic_regression,3,597,0,0.24730054496910264,REACTIVE_examples (97),REACTIVE_examples#9
A_casuale,random_forest,3,0,1,0.6733333333333333,FL_examples (1),FL_examples#0
A_casuale,random_forest,3,4,1,0.94,FL_examples (102),FL_examples#10
A_casuale,random_forest,3,5,1,0.97,FL_examples (103),FL_examples#10
A_casuale,random_forest,3,6,1,0.81,FL_examples (104),FL_examples#10
A_casuale,random_forest,3,10,1,0.86,FL_examples (108),FL_examples#10
A_casuale,random_forest,3,12,1,0.42333333333333334,FL_examples (11),FL_examples#1
A_casuale,random_forest,3,14,1,0.8566666666666667,FL_examples (111),FL_examples#11
A_casuale,random_forest,3,15,1,0.93,FL_examples (112),FL_examples#11
A_casuale,random_forest,3,17,1,0.9433333333333334,FL_examples (114),FL_examples#11
A_casuale,random_forest,3,29,1,0.9766666666666667,FL_examples (125),FL_examples#12
A_casuale,random_forest,3,34,1,0.5233333333333333,FL_examples (13),FL_examples#1
A_casuale,random_forest,3,46,1,0.9866666666666667,FL_examples (140),FL_examples#13
A_casuale,random_forest,3,47,1,0.9566666666666667,FL_examples (141),FL_examples#14
A_casuale,random_forest,3,49,1,0.98,FL_examples (143),FL_examples#14
A_casuale,random_forest,3,50,1,0.9366666666666666,FL_examples (144),FL_examples#14
A_casuale,random_forest,3,52,1,0.98,FL_examples (146),FL_examples#14
A_casuale,random_forest,3,58,1,0.8333333333333334,FL_examples (151),FL_examples#15
A_casuale,random_forest,3,60,1,0.87,FL_examples (153),FL_examples#15
A_casuale,random_forest,3,63,1,0.79,FL_examples (156),FL_examples#15
A_casuale,random_forest,3,69,1,0.8866666666666667,FL_examples (161),FL_examples#16
A_casuale,random_forest,3,72,1,0.8533333333333334,FL_examples (164),FL_examples#16
A_casuale,random_forest,3,73,1,0.92,FL_examples (165),FL_examples#16
A_casuale,random_forest,3,90,1,0.8433333333333334,FL_examples (180),FL_examples#17
A_casuale,random_forest,3,93,1,0.7833333333333333,FL_examples (183),FL_examples#18
A_casuale,random_forest,3,100,1,0.6966666666666667,FL_examples (19),FL_examples#1
A_casuale,random_forest,3,103,1,0.8966666666666666,FL_examples (192),FL_examples#19
A_casuale,random_forest,3,105,1,0.8766666666666667,FL_examples (194),FL_examples#19
A_casuale,random_forest,3,108,1,0.9233333333333333,FL_examples (197),FL_examples#19
A_casuale,random_forest,3,118,1,0.48333333333333334,FL_examples (205),FL_examples#20
A_casuale,random_forest,3,119,1,0.27666666666666667,FL_examples (206),FL_examples#20
A_casuale,random_forest,3,122,1,0.55,FL_examples (209),FL_examples#20
A_casuale,random_forest,3,128,1,0.4766666666666667,FL_examples (214),FL_examples#21
A_casuale,random_forest,3,144,1,0.8233333333333334,FL_examples (229),FL_examples#22
A_casuale,random_forest,3,152,1,0.5966666666666667,FL_examples (236),FL_examples#23
A_casuale,random_forest,3,156,1,0.8766666666666667,FL_examples (24),FL_examples#2
A_casuale,random_forest,3,158,1,0.8733333333333333,FL_examples (241),FL_examples#24
A_casuale,random_forest,3,160,1,0.68,FL_examples (243),FL_examples#24
A_casuale,random_forest,3,171,1,0.8833333333333333,FL_examples (253),FL_examples#25
A_casuale,random_forest,3,180,1,0.8233333333333334,FL_examples (261),FL_examples#26
A_casuale,random_forest,3,192,1,0.38333333333333336,FL_examples (272),FL_examples#27
A_casuale,random_forest,3,193,1,0.81,FL_examples (273),FL_examples#27
A_casuale,random_forest,3,199,1,0.37666666666666665,FL_examples (279),FL_examples#27
A_casuale,random_forest,3,203,1,0.6366666666666667,FL_examples (282),FL_examples#28
A_casuale,random_forest,3,205,1,0.4166666666666667,FL_examples (284),FL_examples#28
A_casuale,random_forest,3,222,1,0.44666666666666666,FL_examples (3),FL_examples#0
A_casuale,random_forest,3,228,1,0.6033333333333334,FL_examples (34),FL_examples#3
A_casuale,random_forest,3,229,1,0.85,FL_examples (35),FL_examples#3
A_casuale,random_forest,3,234,1,0.48333333333333334,FL_examples (4),FL_examples#0
A_casuale,random_forest,3,239,1,0.8066666666666666,FL_examples (44),FL_examples#4
A_casuale,random_forest,3,241,1,0.8666666666666667,FL_examples (46),FL_examples#4
A_casuale,random_forest,3,244,1,0.9766666666666667,FL_examples (49),FL_examples#4
A_casuale,random_forest,3,246,1,0.88,FL_examples (50),FL_examples#4
A_casuale,random_forest,3,247,1,0.6666666666666666,FL_examples (51),FL_examples#5
A_casuale,random_forest,3,258,1,0.8033333333333333,FL_examples (61),FL_examples#6
A_casuale,random_forest,3,273,1,0.8666666666666667,FL_examples (75),FL_examples#7
A_casuale,random_forest,3,275,1,0.8,FL_examples (77),FL_examples#7
A_casuale,random_forest,3,279,1,0.91,FL_examples (80),FL_examples#7
A_casuale,random_forest,3,284,1,0.9566666666666667,FL_examples (85),FL_examples#8
A_casuale,random_forest,3,291,1,0.9566666666666667,FL_examples (91),FL_examples#9
A_casuale,random_forest,3,295,1,0.98,FL_examples (95),FL_examples#9
A_casuale,random_forest,3,301,0,0.04,REACTIVE_examples (10),REACTIVE_examples#0
A_casuale,random_forest,3,306,0,0.1,REACTIVE_examples (104),REACTIVE_examples#10
A_casuale,random_forest,3,316,0,0.11333333333333333,REACTIVE_examples (113),REACTIVE_examples#11
A_casuale,random_forest,3,318,0,0.056666666666666664,REACTIVE_examples (115),REACTIVE_examples#11
A_casuale,random_forest,3,319,0,0.05333333333333334,REACTIVE_examples (116),REACTIVE_examples#11
A_casuale,random_forest,3,321,0,0.18,REACTIVE_examples (118),REACTIVE_examples#11
A_casuale,random_forest,3,322,0,0.03666666666666667,REACTIVE_examples (119),REACTIVE_examples#11
A_casuale,random_forest,3,325,0,0.07333333333333333,REACTIVE_examples (121),REACTIVE_examples#12
A_casuale,random_forest,3,327,0,0.18,REACTIVE_examples (123),REACTIVE_examples#12
A_casuale,random_forest,3,333,0,0.5033333333333333,REACTIVE_examples (129),REACTIVE_examples#12
A_casuale,random_forest,3,335,0,0.5533333333333333,REACTIVE_examples (130),REACTIVE_examples#12
A_casuale,random_forest,3,342,0,0.23,REACTIVE_examples (137),REACTIVE_examples#13
A_casuale,random_forest,3,343,0,0.12,REACTIVE_examples (138),REACTIVE_examples#13
A_casuale,random_forest,3,345,0,0.04666666666666667,REACTIVE_examples (14),REACTIVE_examples#1
A_casuale,random_forest,3,351,0,0.08666666666666667,REACTIVE_examples (145),REACTIVE_examples#14
A_casuale,random_forest,3,352,0,0.11333333333333333,REACTIVE_examples (146),REACTIVE_examples#14
A_casuale,random_forest,3,369,0,0.2966666666666667,REACTIVE_examples (161),REACTIVE_examples#16
A_casuale,random_forest,3,370,0,0.19,REACTIVE_examples (162),REACTIVE_examples#16
A_casuale,random_forest,3,376,0,0.13,REACTIVE_examples (168),REACTIVE_examples#16
A_casuale,random_forest,3,381,0,0.29,REACTIVE_examples (172),REACTIVE_examples#17
A_casuale,random_forest,3,386,0,0.43666666666666665,REACTIVE_examples (177),REACTIVE_examples#17
A_casuale,random_forest,3,391,0,0.19333333333333333,REACTIVE_examples (181),REACTIVE_examples#18
A_casuale,random_forest,3,394,0,0.48333333333333334,REACTIVE_examples (184),REACTIVE_examples#18
A_casuale,random_forest,3,398,0,0.22333333333333333,REACTIVE_examples (188),REACTIVE_examples#18
A_casuale,random_forest,3,406,0,0.57,REACTIVE_examples (195),REACTIVE_examples#19
A_casuale,random_forest,3,413,0,0.2866666666666667,REACTIVE_examples (200),REACTIVE_examples#19
A_casuale,random_forest,3,415,0,0.5066666666666667,REACTIVE_examples (202),REACTIVE_examples#20
A_casuale,random_forest,3,425,0,0.11,REACTIVE_examples (211),REACTIVE_examples#21
A_casuale,random_forest,3,426,0,0.03333333333333333,REACTIVE_examples (212),REACTIVE_examples#21
A_casuale,random_forest,3,434,0,0.10333333333333333,REACTIVE_examples (22),REACTIVE_examples#2
A_casuale,random_forest,3,437,0,0.11,REACTIVE_examples (222),REACTIVE_examples#22
A_casuale,random_forest,3,438,0,0.37,REACTIVE_examples (223),REACTIVE_examples#22
A_casuale,random_forest,3,441,0,0.06,REACTIVE_examples (226),REACTIVE_examples#22
A_casuale,random_forest,3,446,0,0.32,REACTIVE_examples (230),REACTIVE_examples#22
A_casuale,random_forest,3,447,0,0.4,REACTIVE_examples (231),REACTIVE_examples#23
A_casuale,random_forest,3,448,0,0.88,REACTIVE_examples (232),REACTIVE_examples#23
A_casuale,random_forest,3,451,0,0.006666666666666667,REACTIVE_examples (235),REACTIVE_examples#23
A_casuale,random_forest,3,452,0,0.013333333333333334,REACTIVE_examples (236),REACTIVE_examples#23
A_casuale,random_forest,3,478,0,0.07,REACTIVE_examples (26),REACTIVE_examples#2
A_casuale,random_forest,3,479,0,0.04666666666666667,REACTIVE_examples (260),REACTIVE_examples#25
A_casuale,random_forest,3,481,0,0.84,REACTIVE_examples (262),REACTIVE_examples#26
A_casuale,random_forest,3,490,0,0.38,REACTIVE_examples (270),REACTIVE_examples#26
A_casuale,random_forest,3,500,0,0.01,REACTIVE_examples (28),REACTIVE_examples#2
A_casuale,random_forest,3,506,0,0.08,REACTIVE_examples (285),REACTIVE_examples#28
A_casuale,random_forest,3,516,0,0.03,REACTIVE_examples (294),REACTIVE_examples#29
A_casuale,random_forest,3,520,0,0.19666666666666666,REACTIVE_examples (298),REACTIVE_examples#29
A_casuale,random_forest,3,522,0,0.10333333333333333,REACTIVE_examples (3),REACTIVE_examples#0
A_casuale,random_forest,3,527,0,0.03666666666666667,REACTIVE_examples (33),REACTIVE_examples#3
A_casuale,random_forest,3,533,0,0.22,REACTIVE_examples (39),REACTIVE_examples#3
A_casuale,random_forest,3,535,0,0.22,REACTIVE_examples (40),REACTIVE_examples#3
A_casuale,random_forest,3,538,0,0.5666666666666667,REACTIVE_examples (43),REACTIVE_examples#4
A_casuale,random_forest,3,555,0,0.42333333333333334,REACTIVE_examples (59),REACTIVE_examples#5
A_casuale,random_forest,3,567,0,0.056666666666666664,REACTIVE_examples (7),REACTIVE_examples#0
A_casuale,random_forest,3,573,0,0.4766666666666667,REACTIVE_examples (75),REACTIVE_examples#7
A_casuale,random_forest,3,575,0,0.23666666666666666,REACTIVE_examples (77),REACTIVE_examples#7
A_casuale,random_forest,3,578,0,0.16333333333333333,REACTIVE_examples (8),REACTIVE_examples#0
A_casuale,random_forest,3,580,0,0.013333333333333334,REACTIVE_examples (81),REACTIVE_examples#8
A_casuale,random_forest,3,585,0,0.12333333333333334,REACTIVE_examples (86),REACTIVE_examples#8
A_casuale,random_forest,3,589,0,0.10666666666666667,REACTIVE_examples (9),REACTIVE_examples#0
A_casuale,random_forest,3,597,0,0.2833333333333333,REACTIVE_examples (97),REACTIVE_examples#9
A_casuale,xgboost,3,0,1,0.9868729114532471,FL_examples (1),FL_examples#0
A_casuale,xgboost,3,4,1,0.9911471009254456,FL_examples (102),FL_examples#10
A_casuale,xgboost,3,5,1,0.9960619807243347,FL_examples (103),FL_examples#10
A_casuale,xgboost,3,6,1,0.9978310465812683,FL_examples (104),FL_examples#10
A_casuale,xgboost,3,10,1,0.998285710811615,FL_examples (108),FL_examples#10
A_casuale,xgboost,3,12,1,0.35825181007385254,FL_examples (11),FL_examples#1
A_casuale,xgboost,3,14,1,0.9924882650375366,FL_examples (111),FL_examples#11
A_casuale,xgboost,3,15,1,0.9980948567390442,FL_examples (112),FL_examples#11
A_casuale,xgboost,3,17,1,0.998358428478241,FL_examples (114),FL_examples#11
A_casuale,xgboost,3,29,1,0.999301552772522,FL_examples (125),FL_examples#12
A_casuale,xgboost,3,34,1,0.7965229749679565,FL_examples (13),FL_examples#1
A_casuale,xgboost,3,46,1,0.9882927536964417,FL_examples (140),FL_examples#13
A_casuale,xgboost,3,47,1,0.9974721074104309,FL_examples (141),FL_examples#14
A_casuale,xgboost,3,49,1,0.9989286065101624,FL_examples (143),FL_examples#14
A_casuale,xgboost,3,50,1,0.9982810020446777,FL_examples (144),FL_examples#14
A_casuale,xgboost,3,52,1,0.9984910488128662,FL_examples (146),FL_examples#14
A_casuale,xgboost,3,58,1,0.993614137172699,FL_examples (151),FL_examples#15
A_casuale,xgboost,3,60,1,0.998836100101471,FL_examples (153),FL_examples#15
A_casuale,xgboost,3,63,1,0.9962964653968811,FL_examples (156),FL_examples#15
A_casuale,xgboost,3,69,1,0.9692145586013794,FL_examples (161),FL_examples#16
A_casuale,xgboost,3,72,1,0.9977561831474304,FL_examples (164),FL_examples#16
A_casuale,xgboost,3,73,1,0.9968386888504028,FL_examples (165),FL_examples#16
A_casuale,xgboost,3,90,1,0.9652029871940613,FL_examples (180),FL_examples#17
A_casuale,xgboost,3,93,1,0.9980175495147705,FL_examples (183),FL_examples#18
A_casuale,xgboost,3,100,1,0.8968391418457031,FL_examples (19),FL_examples#1
A_casuale,xgboost,3,103,1,0.9144838452339172,FL_examples (192),FL_examples#19
A_casuale,xgboost,3,105,1,0.9983310103416443,FL_examples (194),FL_examples#19
A_casuale,xgboost,3,108,1,0.9973655343055725,FL_examples (197),FL_examples#19
A_casuale,xgboost,3,118,1,0.7855588793754578,FL_examples (205),FL_examples#20
A_casuale,xgboost,3,119,1,0.060804978013038635,FL_examples (206),FL_examples#20
A_casuale,xgboost,3,122,1,0.9227704405784607,FL_examples (209),FL_examples#20
A_casuale,xgboost,3,128,1,0.22571034729480743,FL_examples (214),FL_examples#21
A_casuale,xgboost,3,144,1,0.9979204535484314,FL_examples (229),FL_examples#22
A_casuale,xgboost,3,152,1,0.7695257663726807,FL_examples (236),FL_examples#23
A_casuale,xgboost,3,156,1,0.9697046875953674,FL_examples (24),FL_examples#2
A_casuale,xgboost,3,158,1,0.9938327074050903,FL_examples (241),FL_examples#24
A_casuale,xgboost,3,160,1,0.9660846590995789,FL_examples (243),FL_examples#24
A_casuale,xgboost,3,171,1,0.9977566599845886,FL_examples (253),FL_examples#25
A_casuale,xgboost,3,180,1,0.9756091833114624,FL_examples (261),FL_examples#26
A_casuale,xgboost,3,192,1,0.9158157110214233,FL_examples (272),FL_examples#27
A_casuale,xgboost,3,193,1,0.9954181909561157,FL_examples (273),FL_examples#27
A_casuale,xgboost,3,199,1,0.4288780391216278,FL_examples (279),FL_examples#27
A_casuale,xgboost,3,203,1,0.9729382991790771,FL_examples (282),FL_examples#28
A_casuale,xgboost,3,205,1,0.3468879461288452,FL_examples (284),FL_examples#28
A_casuale,xgboost,3,222,1,0.6569362282752991,FL_examples (3),FL_examples#0
A_casuale,xgboost,3,228,1,0.2992057502269745,FL_examples (34),FL_examples#3
A_casuale,xgboost,3,229,1,0.9641308188438416,FL_examples (35),FL_examples#3
A_casuale,xgboost,3,234,1,0.5598129034042358,FL_examples (4),FL_examples#0
A_casuale,xgboost,3,239,1,0.9843090176582336,FL_examples (44),FL_examples#4
A_casuale,xgboost,3,241,1,0.9944467544555664,FL_examples (46),FL_examples#4
A_casuale,xgboost,3,244,1,0.9994410872459412,FL_examples (49),FL_examples#4
A_casuale,xgboost,3,246,1,0.9490704536437988,FL_examples (50),FL_examples#4
A_casuale,xgboost,3,247,1,0.5182658433914185,FL_examples (51),FL_examples#5
A_casuale,xgboost,3,258,1,0.9832335114479065,FL_examples (61),FL_examples#6
A_casuale,xgboost,3,273,1,0.9573602676391602,FL_examples (75),FL_examples#7
A_casuale,xgboost,3,275,1,0.9881981015205383,FL_examples (77),FL_examples#7
A_casuale,xgboost,3,279,1,0.9952189326286316,FL_examples (80),FL_examples#7
A_casuale,xgboost,3,284,1,0.9949677586555481,FL_examples (85),FL_examples#8
A_casuale,xgboost,3,291,1,0.9957019686698914,FL_examples (91),FL_examples#9
A_casuale,xgboost,3,295,1,0.9945666790008545,FL_examples (95),FL_examples#9
A_casuale,xgboost,3,301,0,0.003558582393452525,REACTIVE_examples (10),REACTIVE_examples#0
A_casuale,xgboost,3,306,0,0.006977910175919533,REACTIVE_examples (104),REACTIVE_examples#10
A_casuale,xgboost,3,316,0,0.025295892730355263,REACTIVE_examples (113),REACTIVE_examples#11
A_casuale,xgboost,3,318,0,0.01332842092961073,REACTIVE_examples (115),REACTIVE_examples#11
A_casuale,xgboost,3,319,0,0.012802427634596825,REACTIVE_examples (116),REACTIVE_examples#11
A_casuale,xgboost,3,321,0,0.005731833167374134,REACTIVE_examples (118),REACTIVE_examples#11
A_casuale,xgboost,3,322,0,0.013174355030059814,REACTIVE_examples (119),REACTIVE_examples#11
A_casuale,xgboost,3,325,0,0.0026420082431286573,REACTIVE_examples (121),REACTIVE_examples#12
A_casuale,xgboost,3,327,0,0.022256800904870033,REACTIVE_examples (123),REACTIVE_examples#12
A_casuale,xgboost,3,333,0,0.13245554268360138,REACTIVE_examples (129),REACTIVE_examples#12
A_casuale,xgboost,3,335,0,0.4390835165977478,REACTIVE_examples (130),REACTIVE_examples#12
A_casuale,xgboost,3,342,0,0.09369414299726486,REACTIVE_examples (137),REACTIVE_examples#13
A_casuale,xgboost,3,343,0,0.011766553856432438,REACTIVE_examples (138),REACTIVE_examples#13
A_casuale,xgboost,3,345,0,0.0015435178065672517,REACTIVE_examples (14),REACTIVE_examples#1
A_casuale,xgboost,3,351,0,0.012836281210184097,REACTIVE_examples (145),REACTIVE_examples#14
A_casuale,xgboost,3,352,0,0.00951138325035572,REACTIVE_examples (146),REACTIVE_examples#14
A_casuale,xgboost,3,369,0,0.18299926817417145,REACTIVE_examples (161),REACTIVE_examples#16
A_casuale,xgboost,3,370,0,0.002806626260280609,REACTIVE_examples (162),REACTIVE_examples#16
A_casuale,xgboost,3,376,0,0.04352954775094986,REACTIVE_examples (168),REACTIVE_examples#16
A_casuale,xgboost,3,381,0,0.26768460869789124,REACTIVE_examples (172),REACTIVE_examples#17
A_casuale,xgboost,3,386,0,0.3314671814441681,REACTIVE_examples (177),REACTIVE_examples#17
A_casuale,xgboost,3,391,0,0.023847173899412155,REACTIVE_examples (181),REACTIVE_examples#18
A_casuale,xgboost,3,394,0,0.22356493771076202,REACTIVE_examples (184),REACTIVE_examples#18
A_casuale,xgboost,3,398,0,0.002285016467794776,REACTIVE_examples (188),REACTIVE_examples#18
A_casuale,xgboost,3,406,0,0.8484631776809692,REACTIVE_examples (195),REACTIVE_examples#19
A_casuale,xgboost,3,413,0,0.01683313585817814,REACTIVE_examples (200),REACTIVE_examples#19
A_casuale,xgboost,3,415,0,0.7181326150894165,REACTIVE_examples (202),REACTIVE_examples#20
A_casuale,xgboost,3,425,0,0.0012060542358085513,REACTIVE_examples (211),REACTIVE_examples#21
A_casuale,xgboost,3,426,0,0.002768093254417181,REACTIVE_examples (212),REACTIVE_examples#21
A_casuale,xgboost,3,434,0,0.003812338225543499,REACTIVE_examples (22),REACTIVE_examples#2
A_casuale,xgboost,3,437,0,0.005200906191021204,REACTIVE_examples (222),REACTIVE_examples#22
A_casuale,xgboost,3,438,0,0.03763807192444801,REACTIVE_examples (223),REACTIVE_examples#22
A_casuale,xgboost,3,441,0,0.001410038792528212,REACTIVE_examples (226),REACTIVE_examples#22
A_casuale,xgboost,3,446,0,0.05878538265824318,REACTIVE_examples (230),REACTIVE_examples#22
A_casuale,xgboost,3,447,0,0.13148453831672668,REACTIVE_examples (231),REACTIVE_examples#23
A_casuale,xgboost,3,448,0,0.9921733140945435,REACTIVE_examples (232),REACTIVE_examples#23
A_casuale,xgboost,3,451,0,0.00047018530312925577,REACTIVE_examples (235),REACTIVE_examples#23
A_casuale,xgboost,3,452,0,0.0007564440602436662,REACTIVE_examples (236),REACTIVE_examples#23
A_casuale,xgboost,3,478,0,0.005437511019408703,REACTIVE_examples (26),REACTIVE_examples#2
A_casuale,xgboost,3,479,0,0.006697278004139662,REACTIVE_examples (260),REACTIVE_examples#25
A_casuale,xgboost,3,481,0,0.991981029510498,REACTIVE_examples (262),REACTIVE_examples#26
A_casuale,xgboost,3,490,0,0.2907446622848511,REACTIVE_examples (270),REACTIVE_examples#26
A_casuale,xgboost,3,500,0,0.0011443507391959429,REACTIVE_examples (28),REACTIVE_examples#2
A_casuale,xgboost,3,506,0,0.004038779530674219,REACTIVE_examples (285),REACTIVE_examples#28
A_casuale,xgboost,3,516,0,0.004052326083183289,REACTIVE_examples (294),REACTIVE_examples#29
A_casuale,xgboost,3,520,0,0.014126191847026348,REACTIVE_examples (298),REACTIVE_examples#29
A_casuale,xgboost,3,522,0,0.0020980490371584892,REACTIVE_examples (3),REACTIVE_examples#0
A_casuale,xgboost,3,527,0,0.0015480091096833348,REACTIVE_examples (33),REACTIVE_examples#3
A_casuale,xgboost,3,533,0,0.04318331182003021,REACTIVE_examples (39),REACTIVE_examples#3
A_casuale,xgboost,3,535,0,0.0212551336735487,REACTIVE_examples (40),REACTIVE_examples#3
A_casuale,xgboost,3,538,0,0.03249356895685196,REACTIVE_examples (43),REACTIVE_examples#4
A_casuale,xgboost,3,555,0,0.06364186853170395,REACTIVE_examples (59),REACTIVE_examples#5
A_casuale,xgboost,3,567,0,0.0016602473333477974,REACTIVE_examples (7),REACTIVE_examples#0
A_casuale,xgboost,3,573,0,0.6003896594047546,REACTIVE_examples (75),REACTIVE_examples#7
A_casuale,xgboost,3,575,0,0.005317075178027153,REACTIVE_examples (77),REACTIVE_examples#7
A_casuale,xgboost,3,578,0,0.014870256185531616,REACTIVE_examples (8),REACTIVE_examples#0
A_casuale,xgboost,3,580,0,0.0017443714896216989,REACTIVE_examples (81),REACTIVE_examples#8
A_casuale,xgboost,3,585,0,0.0032220003195106983,REACTIVE_examples (86),REACTIVE_examples#8
A_casuale,xgboost,3,589,0,0.002473341766744852,REACTIVE_examples (9),REACTIVE_examples#0
A_casuale,xgboost,3,597,0,0.021929334849119186,REACTIVE_examples (97),REACTIVE_examples#9
A_casuale,logistic_regression,4,1,1,0.019452309098174782,FL_examples (10),FL_examples#0
A_casuale,logistic_regression,4,16,1,0.9960807856396854,FL_examples (113),FL_examples#11
A_casuale,logistic_regression,4,22,1,0.993665494105362,FL_examples (119),FL_examples#11
A_casuale,logistic_regression,4,23,1,0.3040403097293317,FL_examples (12),FL_examples#1
A_casuale,logistic_regression,4,26,1,0.993253706407622,FL_examples (122),FL_examples#12
A_casuale,logistic_regression,4,27,1,0.9666911503847035,FL_examples (123),FL_examples#12
A_casuale,logistic_regression,4,42,1,0.9236875201196558,FL_examples (137),FL_examples#13
A_casuale,logistic_regression,4,54,1,0.981996936152137,FL_examples (148),FL_examples#14
A_casuale,logistic_regression,4,55,1,0.9901015642745871,FL_examples (149),FL_examples#14
A_casuale,logistic_regression,4,67,1,0.23132268427555322,FL_examples (16),FL_examples#1
A_casuale,logistic_regression,4,75,1,0.967381319546552,FL_examples (167),FL_examples#16
A_casuale,logistic_regression,4,79,1,0.9763442717837983,FL_examples (170),FL_examples#16
A_casuale,logistic_regression,4,98,1,0.3701348001932178,FL_examples (188),FL_examples#18
A_casuale,logistic_regression,4,104,1,0.26198632547408646,FL_examples (193),FL_examples#19
A_casuale,logistic_regression,4,111,1,0.3268379962640755,FL_examples (2),FL_examples#0
A_casuale,logistic_regression,4,113,1,0.8682315529357454,FL_examples (200),FL_examples#19
A_casuale,logistic_regression,4,114,1,0.9524663527741901,FL_examples (201),FL_examples#20
A_casuale,logistic_regression,4,117,1,0.9548679587423898,FL_examples (204),FL_examples#20
A_casuale,logistic_regression,4,125,1,0.2730483317323415,FL_examples (211),FL_examples#21
A_casuale,logistic_regression,4,129,1,0.5381448033085446,FL_examples (215),FL_examples#21
A_casuale,logistic_regression,4,134,1,0.7023247257552784,FL_examples (22),FL_examples#2
A_casuale,logistic_regression,4,135,1,0.8294079084587307,FL_examples (220),FL_examples#21
A_casuale,logistic_regression,4,145,1,0.5054847627779646,FL_examples (23),FL_examples#2
A_casuale,logistic_regression,4,150,1,0.6760334433101468,FL_examples (234),FL_examples#23
A_casuale,logistic_regression,4,154,1,0.8170279939734905,FL_examples (238),FL_examples#23
A_casuale,logistic_regression,4,155,1,0.6920553530080403,FL_examples (239),FL_examples#23
A_casuale,logistic_regression,4,166,1,0.9983406327335983,FL_examples (249),FL_examples#24
A_casuale,logistic_regression,4,167,1,0.7832702832502662,FL_examples (25),FL_examples#2
A_casuale,logistic_regression,4,172,1,0.9903741770145008,FL_examples (254),FL_examples#25
A_casuale,logistic_regression,4,175,1,0.9872081258961111,FL_examples (257),FL_examples#25
A_casuale,logistic_regression,4,178,1,0.8596114340827533,FL_examples (26),FL_examples#2
A_casuale,logistic_regression,4,182,1,0.8593586271573352,FL_examples (263),FL_examples#26
A_casuale,logistic_regression,4,183,1,0.7354871614971583,FL_examples (264),FL_examples#26
A_casuale,logistic_regression,4,185,1,0.7817502015714609,FL_examples (266),FL_examples#26
A_casuale,logistic_regression,4,186,1,0.5734031938149906,FL_examples (267),FL_examples#26
A_casuale,logistic_regression,4,194,1,0.9752034466256062,FL_examples (274),FL_examples#27
A_casuale,logistic_regression,4,196,1,0.3699415863615844,FL_examples (276),FL_examples#27
A_casuale,logistic_regression,4,197,1,0.08205739923995051,FL_examples (277),FL_examples#27
A_casuale,logistic_regression,4,206,1,0.07554035090198571,FL_examples (285),FL_examples#28
A_casuale,logistic_regression,4,211,1,0.9611928738669332,FL_examples (29),FL_examples#2
A_casuale,logistic_regression,4,214,1,0.3206684406421478,FL_examples (292),FL_examples#29
A_casuale,logistic_regression,4,217,1,0.11029691651055448,FL_examples (295),FL_examples#29
A_casuale,logistic_regression,4,221,1,0.2527429252090442,FL_examples (299),FL_examples#29
A_casuale,logistic_regression,4,225,1,0.9781640112090116,FL_examples (31),FL_examples#3
A_casuale,logistic_regression,4,231,1,0.9790163401552654,FL_examples (37),FL_examples#3
A_casuale,logistic_regression,4,232,1,0.9849176252821984,FL_examples (38),FL_examples#3
A_casuale,logistic_regression,4,233,1,0.9010480983493181,FL_examples (39),FL_examples#3
A_casuale,logistic_regression,4,238,1,0.5780106643367511,FL_examples (43),FL_examples#4
A_casuale,logistic_regression,4,240,1,0.8677287729062134,FL_examples (45),FL_examples#4
A_casuale,logistic_regression,4,248,1,0.6895643863032027,FL_examples (52),FL_examples#5
A_casuale,logistic_regression,4,262,1,0.9849214739664145,FL_examples (65),FL_examples#6
A_casuale,logistic_regression,4,266,1,0.9910595579737359,FL_examples (69),FL_examples#6
A_casuale,logistic_regression,4,268,1,0.9918907952577899,FL_examples (70),FL_examples#6
A_casuale,logistic_regression,4,269,1,0.9862924786937618,FL_examples (71),FL_examples#7
A_casuale,logistic_regression,4,274,1,0.9829669404533249,FL_examples (76),FL_examples#7
A_casuale,logistic_regression,4,280,1,0.9633149223941995,FL_examples (81),FL_examples#8
A_casuale,logistic_regression,4,283,1,0.993463495945707,FL_examples (84),FL_examples#8
A_casuale,logistic_regression,4,285,1,0.966529129532999,FL_examples (86),FL_examples#8
A_casuale,logistic_regression,4,293,1,0.9985028053457266,FL_examples (93),FL_examples#9
A_casuale,logistic_regression,4,298,1,0.980090743165526,FL_examples (98),FL_examples#9
A_casuale,logistic_regression,4,300,0,0.2146050164011028,REACTIVE_examples (1),REACTIVE_examples#0
A_casuale,logistic_regression,4,305,0,0.0017900837266295036,REACTIVE_examples (103),REACTIVE_examples#10
A_casuale,logistic_regression,4,308,0,0.14200379634575452,REACTIVE_examples (106),REACTIVE_examples#10
A_casuale,logistic_regression,4,310,0,0.19225893154460547,REACTIVE_examples (108),REACTIVE_examples#10
A_casuale,logistic_regression,4,311,0,0.12240176311187993,REACTIVE_examples (109),REACTIVE_examples#10
A_casuale,logistic_regression,4,323,0,0.10728424222836226,REACTIVE_examples (12),REACTIVE_examples#1
A_casuale,logistic_regression,4,324,0,0.011431484733226452,REACTIVE_examples (120),REACTIVE_examples#11
A_casuale,logistic_regression,4,328,0,0.012946096311046157,REACTIVE_examples (124),REACTIVE_examples#12
A_casuale,logistic_regression,4,341,0,0.4434288824090677,REACTIVE_examples (136),REACTIVE_examples#13
A_casuale,logistic_regression,4,355,0,0.11806785191815869,REACTIVE_examples (149),REACTIVE_examples#14
A_casuale,logistic_regression,4,357,0,0.012327447993972436,REACTIVE_examples (150),REACTIVE_examples#14
A_casuale,logistic_regression,4,363,0,0.00093642043492914,REACTIVE_examples (156),REACTIVE_examples#15
A_casuale,logistic_regression,4,365,0,0.030446499526163056,REACTIVE_examples (158),REACTIVE_examples#15
A_casuale,logistic_regression,4,367,0,0.04384712926122085,REACTIVE_examples (16),REACTIVE_examples#1
A_casuale,logistic_regression,4,368,0,0.021677991204529814,REACTIVE_examples (160),REACTIVE_examples#15
A_casuale,logistic_regression,4,371,0,0.3100074448256947,REACTIVE_examples (163),REACTIVE_examples#16
A_casuale,logistic_regression,4,372,0,0.5655674416280918,REACTIVE_examples (164),REACTIVE_examples#16
A_casuale,logistic_regression,4,380,0,0.030185621760486833,REACTIVE_examples (171),REACTIVE_examples#17
A_casuale,logistic_regression,4,383,0,0.163983642840653,REACTIVE_examples (174),REACTIVE_examples#17
A_casuale,logistic_regression,4,389,0,0.022892614111130725,REACTIVE_examples (18),REACTIVE_examples#1
A_casuale,logistic_regression,4,392,0,0.29323760757545647,REACTIVE_examples (182),REACTIVE_examples#18
A_casuale,logistic_regression,4,400,0,0.31326032789225666,REACTIVE_examples (19),REACTIVE_examples#1
A_casuale,logistic_regression,4,401,0,0.015402389801400766,REACTIVE_examples (190),REACTIVE_examples#18
A_casuale,logistic_regression,4,402,0,0.24174518317779767,REACTIVE_examples (191),REACTIVE_examples#19
A_casuale,logistic_regression,4,403,0,0.08190578603354179,REACTIVE_examples (192),REACTIVE_examples#19
A_casuale,logistic_regression,4,404,0,0.004892283017701566,REACTIVE_examples (193),REACTIVE_examples#19
A_casuale,logistic_regression,4,410,0,0.06827968385303412,REACTIVE_examples (199),REACTIVE_examples#19
A_casuale,logistic_regression,4,418,0,0.1556388186100655,REACTIVE_examples (205),REACTIVE_examples#20
A_casuale,logistic_regression,4,419,0,0.43637286304964423,REACTIVE_examples (206),REACTIVE_examples#20
A_casuale,logistic_regression,4,420,0,0.06345101649398197,REACTIVE_examples (207),REACTIVE_examples#20
A_casuale,logistic_regression,4,432,0,0.029377627272639352,REACTIVE_examples (218),REACTIVE_examples#21
A_casuale,logistic_regression,4,444,0,0.3692262606828588,REACTIVE_examples (229),REACTIVE_examples#22
A_casuale,logistic_regression,4,449,0,0.0841885401260906,REACTIVE_examples (233),REACTIVE_examples#23
A_casuale,logistic_regression,4,473,0,0.130577722680546,REACTIVE_examples (255),REACTIVE_examples#25
A_casuale,logistic_regression,4,484,0,0.1385257929337226,REACTIVE_examples (265),REACTIVE_examples#26
A_casuale,logistic_regression,4,485,0,0.1949480635371636,REACTIVE_examples (266),REACTIVE_examples#26
A_casuale,logistic_regression,4,488,0,0.09071632096850216,REACTIVE_examples (269),REACTIVE_examples#26
A_casuale,logistic_regression,4,489,0,0.003732584846731626,REACTIVE_examples (27),REACTIVE_examples#2
A_casuale,logistic_regression,4,494,0,0.1366414810182408,REACTIVE_examples (274),REACTIVE_examples#27
A_casuale,logistic_regression,4,497,0,0.10972248626374083,REACTIVE_examples (277),REACTIVE_examples#27
A_casuale,logistic_regression,4,499,0,0.13764458088837805,REACTIVE_examples (279),REACTIVE_examples#27
A_casuale,logistic_regression,4,504,0,0.2404410425114974,REACTIVE_examples (283),REACTIVE_examples#28
A_casuale,logistic_regression,4,508,0,0.09317883589370801,REACTIVE_examples (287),REACTIVE_examples#28
A_casuale,logistic_regression,4,509,0,0.011342351297339794,REACTIVE_examples (288),REACTIVE_examples#28
A_casuale,logistic_regression,4,512,0,0.00047415084577993784,REACTIVE_examples (290),REACTIVE_examples#28
A_casuale,logistic_regression,4,514,0,0.011370913275041104,REACTIVE_examples (292),REACTIVE_examples#29
A_casuale,logistic_regression,4,515,0,0.020921854999519967,REACTIVE_examples (293),REACTIVE_examples#29
A_casuale,logistic_regression,4,517,0,0.10852124137140817,REACTIVE_examples (295),REACTIVE_examples#29
A_casuale,logistic_regression,4,523,0,0.16106212989002125,REACTIVE_examples (30),REACTIVE_examples#2
A_casuale,logistic_regression,4,526,0,0.013982150702639593,REACTIVE_examples (32),REACTIVE_examples#3
A_casuale,logistic_regression,4,551,0,0.251516350007622,REACTIVE_examples (55),REACTIVE_examples#5
A_casuale,logistic_regression,4,553,0,0.10685257169996042,REACTIVE_examples (57),REACTIVE_examples#5
A_casuale,logistic_regression,4,558,0,0.8486819915385863,REACTIVE_examples (61),REACTIVE_examples#6
A_casuale,logistic_regression,4,570,0,0.4485647732883271,REACTIVE_examples (72),REACTIVE_examples#7
A_casuale,logistic_regression,4,572,0,0.6776106254282185,REACTIVE_examples (74),REACTIVE_examples#7
A_casuale,logistic_regression,4,576,0,0.09776074938193854,REACTIVE_examples (78),REACTIVE_examples#7
A_casuale,logistic_regression,4,593,0,0.10189213748579962,REACTIVE_examples (93),REACTIVE_examples#9
A_casuale,logistic_regression,4,595,0,0.004297943421550517,REACTIVE_examples (95),REACTIVE_examples#9
A_casuale,logistic_regression,4,596,0,0.19231216686770952,REACTIVE_examples (96),REACTIVE_examples#9
A_casuale,logistic_regression,4,599,0,0.10516666843636203,REACTIVE_examples (99),REACTIVE_examples#9
A_casuale,random_forest,4,1,1,0.35,FL_examples (10),FL_examples#0
A_casuale,random_forest,4,16,1,0.9133333333333333,FL_examples (113),FL_examples#11
A_casuale,random_forest,4,22,1,0.9,FL_examples (119),FL_examples#11
A_casuale,random_forest,4,23,1,0.49666666666666665,FL_examples (12),FL_examples#1
A_casuale,random_forest,4,26,1,0.9533333333333334,FL_examples (122),FL_examples#12
A_casuale,random_forest,4,27,1,0.9633333333333334,FL_examples (123),FL_examples#12
A_casuale,random_forest,4,42,1,0.94,FL_examples (137),FL_examples#13
A_casuale,random_forest,4,54,1,0.9766666666666667,FL_examples (148),FL_examples#14
A_casuale,random_forest,4,55,1,0.98,FL_examples (149),FL_examples#14
A_casuale,random_forest,4,67,1,0.45666666666666667,FL_examples (16),FL_examples#1
A_casuale,random_forest,4,75,1,0.9066666666666666,FL_examples (167),FL_examples#16
A_casuale,random_forest,4,79,1,0.9566666666666667,FL_examples (170),FL_examples#16
A_casuale,random_forest,4,98,1,0.11,FL_examples (188),FL_examples#18
A_casuale,random_forest,4,104,1,0.9166666666666666,FL_examples (193),FL_examples#19
A_casuale,random_forest,4,111,1,0.23666666666666666,FL_examples (2),FL_examples#0
A_casuale,random_forest,4,113,1,0.9433333333333334,FL_examples (200),FL_examples#19
A_casuale,random_forest,4,114,1,0.9633333333333334,FL_examples (201),FL_examples#20
A_casuale,random_forest,4,117,1,0.6066666666666667,FL_examples (204),FL_examples#20
A_casuale,random_forest,4,125,1,0.7733333333333333,FL_examples (211),FL_examples#21
A_casuale,random_forest,4,129,1,0.9166666666666666,FL_examples (215),FL_examples#21
A_casuale,random_forest,4,134,1,0.6133333333333333,FL_examples (22),FL_examples#2
A_casuale,random_forest,4,135,1,0.7233333333333334,FL_examples (220),FL_examples#21
A_casuale,random_forest,4,145,1,0.5066666666666667,FL_examples (23),FL_examples#2
A_casuale,random_forest,4,150,1,0.52,FL_examples (234),FL_examples#23
A_casuale,random_forest,4,154,1,0.7433333333333333,FL_examples (238),FL_examples#23
A_casuale,random_forest,4,155,1,0.75,FL_examples (239),FL_examples#23
A_casuale,random_forest,4,166,1,0.8833333333333333,FL_examples (249),FL_examples#24
A_casuale,random_forest,4,167,1,0.6366666666666667,FL_examples (25),FL_examples#2
A_casuale,random_forest,4,172,1,0.8566666666666667,FL_examples (254),FL_examples#25
A_casuale,random_forest,4,175,1,0.8766666666666667,FL_examples (257),FL_examples#25
A_casuale,random_forest,4,178,1,0.6966666666666667,FL_examples (26),FL_examples#2
A_casuale,random_forest,4,182,1,0.6266666666666667,FL_examples (263),FL_examples#26
A_casuale,random_forest,4,183,1,0.79,FL_examples (264),FL_examples#26
A_casuale,random_forest,4,185,1,0.82,FL_examples (266),FL_examples#26
A_casuale,random_forest,4,186,1,0.8066666666666666,FL_examples (267),FL_examples#26
A_casuale,random_forest,4,194,1,0.77,FL_examples (274),FL_examples#27
A_casuale,random_forest,4,196,1,0.6566666666666666,FL_examples (276),FL_examples#27
A_casuale,random_forest,4,197,1,0.33666666666666667,FL_examples (277),FL_examples#27
A_casuale,random_forest,4,206,1,0.48,FL_examples (285),FL_examples#28
A_casuale,random_forest,4,211,1,0.75,FL_examples (29),FL_examples#2
A_casuale,random_forest,4,214,1,0.6866666666666666,FL_examples (292),FL_examples#29
A_casuale,random_forest,4,217,1,0.38666666666666666,FL_examples (295),FL_examples#29
A_casuale,random_forest,4,221,1,0.37,FL_examples (299),FL_examples#29
A_casuale,random_forest,4,225,1,0.8566666666666667,FL_examples (31),FL_examples#3
A_casuale,random_forest,4,231,1,0.9033333333333333,FL_examples (37),FL_examples#3
A_casuale,random_forest,4,232,1,0.75,FL_examples (38),FL_examples#3
A_casuale,random_forest,4,233,1,0.6033333333333334,FL_examples (39),FL_examples#3
A_casuale,random_forest,4,238,1,0.52,FL_examples (43),FL_examples#4
A_casuale,random_forest,4,240,1,0.82,FL_examples (45),FL_examples#4
A_casuale,random_forest,4,248,1,0.7866666666666666,FL_examples (52),FL_examples#5
A_casuale,random_forest,4,262,1,0.75,FL_examples (65),FL_examples#6
A_casuale,random_forest,4,266,1,0.9866666666666667,FL_examples (69),FL_examples#6
A_casuale,random_forest,4,268,1,0.9733333333333334,FL_examples (70),FL_examples#6
A_casuale,random_forest,4,269,1,0.8966666666666666,FL_examples (71),FL_examples#7
A_casuale,random_forest,4,274,1,0.9233333333333333,FL_examples (76),FL_examples#7
A_casuale,random_forest,4,280,1,0.7866666666666666,FL_examples (81),FL_examples#8
A_casuale,random_forest,4,283,1,0.81,FL_examples (84),FL_examples#8
A_casuale,random_forest,4,285,1,0.9033333333333333,FL_examples (86),FL_examples#8
A_casuale,random_forest,4,293,1,0.9566666666666667,FL_examples (93),FL_examples#9
A_casuale,random_forest,4,298,1,0.9366666666666666,FL_examples (98),FL_examples#9
A_casuale,random_forest,4,300,0,0.31333333333333335,REACTIVE_examples (1),REACTIVE_examples#0
A_casuale,random_forest,4,305,0,0.20333333333333334,REACTIVE_examples (103),REACTIVE_examples#10
A_casuale,random_forest,4,308,0,0.07333333333333333,REACTIVE_examples (106),REACTIVE_examples#10
A_casuale,random_forest,4,310,0,0.10333333333333333,REACTIVE_examples (108),REACTIVE_examples#10
A_casuale,random_forest,4,311,0,0.13,REACTIVE_examples (109),REACTIVE_examples#10
A_casuale,random_forest,4,323,0,0.04,REACTIVE_examples (12),REACTIVE_examples#1
A_casuale,random_forest,4,324,0,0.1,REACTIVE_examples (120),REACTIVE_examples#11
A_casuale,random_forest,4,328,0,0.21666666666666667,REACTIVE_examples (124),REACTIVE_examples#12
A_casuale,random_forest,4,341,0,0.2833333333333333,REACTIVE_examples (136),REACTIVE_examples#13
A_casuale,random_forest,4,355,0,0.27,REACTIVE_examples (149),REACTIVE_examples#14
A_casuale,random_forest,4,357,0,0.1,REACTIVE_examples (150),REACTIVE_examples#14
A_casuale,random_forest,4,363,0,0.02666666666666667,REACTIVE_examples (156),REACTIVE_examples#15
A_casuale,random_forest,4,365,0,0.17,REACTIVE_examples (158),REACTIVE_examples#15
A_casuale,random_forest,4,367,0,0.14666666666666667,REACTIVE_examples (16),REACTIVE_examples#1
A_casuale,random_forest,4,368,0,0.36333333333333334,REACTIVE_examples (160),REACTIVE_examples#15
A_casuale,random_forest,4,371,0,0.27666666666666667,REACTIVE_examples (163),REACTIVE_examples#16
A_casuale,random_forest,4,372,0,0.6133333333333333,REACTIVE_examples (164),REACTIVE_examples#16
A_casuale,random_forest,4,380,0,0.18333333333333332,REACTIVE_examples (171),REACTIVE_examples#17
A_casuale,random_forest,4,383,0,0.3566666666666667,REACTIVE_examples (174),REACTIVE_examples#17
A_casuale,random_forest,4,389,0,0.10333333333333333,REACTIVE_examples (18),REACTIVE_examples#1
A_casuale,random_forest,4,392,0,0.4033333333333333,REACTIVE_examples (182),REACTIVE_examples#18
A_casuale,random_forest,4,400,0,0.07666666666666666,REACTIVE_examples (19),REACTIVE_examples#1
A_casuale,random_forest,4,401,0,0.13,REACTIVE_examples (190),REACTIVE_examples#18
A_casuale,random_forest,4,402,0,0.33,REACTIVE_examples (191),REACTIVE_examples#19
A_casuale,random_forest,4,403,0,0.21333333333333335,REACTIVE_examples (192),REACTIVE_examples#19
A_casuale,random_forest,4,404,0,0.10333333333333333,REACTIVE_examples (193),REACTIVE_examples#19
A_casuale,random_forest,4,410,0,0.20666666666666667,REACTIVE_examples (199),REACTIVE_examples#19
A_casuale,random_forest,4,418,0,0.18666666666666668,REACTIVE_examples (205),REACTIVE_examples#20
A_casuale,random_forest,4,419,0,0.49333333333333335,REACTIVE_examples (206),REACTIVE_examples#20
A_casuale,random_forest,4,420,0,0.25333333333333335,REACTIVE_examples (207),REACTIVE_examples#20
A_casuale,random_forest,4,432,0,0.19666666666666666,REACTIVE_examples (218),REACTIVE_examples#21
A_casuale,random_forest,4,444,0,0.35,REACTIVE_examples (229),REACTIVE_examples#22
A_casuale,random_forest,4,449,0,0.2966666666666667,REACTIVE_examples (233),REACTIVE_examples#23
A_casuale,random_forest,4,473,0,0.043333333333333335,REACTIVE_examples (255),REACTIVE_examples#25
A_casuale,random_forest,4,484,0,0.12,REACTIVE_examples (265),REACTIVE_examples#26
A_casuale,random_forest,4,485,0,0.06333333333333334,REACTIVE_examples (266),REACTIVE_examples#26
A_casuale,random_forest,4,488,0,0.5066666666666667,REACTIVE_examples (269),REACTIVE_examples#26
A_casuale,random_forest,4,489,0,0.03666666666666667,REACTIVE_examples (27),REACTIVE_examples#2
A_casuale,random_forest,4,494,0,0.18666666666666668,REACTIVE_examples (274),REACTIVE_examples#27
A_casuale,random_forest,4,497,0,0.07,REACTIVE_examples (277),REACTIVE_examples#27
A_casuale,random_forest,4,499,0,0.023333333333333334,REACTIVE_examples (279),REACTIVE_examples#27
A_casuale,random_forest,4,504,0,0.21666666666666667,REACTIVE_examples (283),REACTIVE_examples#28
A_casuale,random_forest,4,508,0,0.03333333333333333,REACTIVE_examples (287),REACTIVE_examples#28
A_casuale,random_forest,4,509,0,0.17,REACTIVE_examples (288),REACTIVE_examples#28
A_casuale,random_forest,4,512,0,0.056666666666666664,REACTIVE_examples (290),REACTIVE_examples#28
A_casuale,random_forest,4,514,0,0.023333333333333334,REACTIVE_examples (292),REACTIVE_examples#29
A_casuale,random_forest,4,515,0,0.17333333333333334,REACTIVE_examples (293),REACTIVE_examples#29
A_casuale,random_forest,4,517,0,0.36666666666666664,REACTIVE_examples (295),REACTIVE_examples#29
A_casuale,random_forest,4,523,0,0.39666666666666667,REACTIVE_examples (30),REACTIVE_examples#2
A_casuale,random_forest,4,526,0,0.30333333333333334,REACTIVE_examples (32),REACTIVE_examples#3
A_casuale,random_forest,4,551,0,0.24666666666666667,REACTIVE_examples (55),REACTIVE_examples#5
A_casuale,random_forest,4,553,0,0.23,REACTIVE_examples (57),REACTIVE_examples#5
A_casuale,random_forest,4,558,0,0.3933333333333333,REACTIVE_examples (61),REACTIVE_examples#6
A_casuale,random_forest,4,570,0,0.45,REACTIVE_examples (72),REACTIVE_examples#7
A_casuale,random_forest,4,572,0,0.5166666666666667,REACTIVE_examples (74),REACTIVE_examples#7
A_casuale,random_forest,4,576,0,0.08666666666666667,REACTIVE_examples (78),REACTIVE_examples#7
A_casuale,random_forest,4,593,0,0.2866666666666667,REACTIVE_examples (93),REACTIVE_examples#9
A_casuale,random_forest,4,595,0,0.09,REACTIVE_examples (95),REACTIVE_examples#9
A_casuale,random_forest,4,596,0,0.15333333333333332,REACTIVE_examples (96),REACTIVE_examples#9
A_casuale,random_forest,4,599,0,0.16333333333333333,REACTIVE_examples (99),REACTIVE_examples#9
A_casuale,xgboost,4,1,1,0.09457369148731232,FL_examples (10),FL_examples#0
A_casuale,xgboost,4,16,1,0.9981247782707214,FL_examples (113),FL_examples#11
A_casuale,xgboost,4,22,1,0.9983622431755066,FL_examples (119),FL_examples#11
A_casuale,xgboost,4,23,1,0.5556380748748779,FL_examples (12),FL_examples#1
A_casuale,xgboost,4,26,1,0.9994117021560669,FL_examples (122),FL_examples#12
A_casuale,xgboost,4,27,1,0.9978214502334595,FL_examples (123),FL_examples#12
A_casuale,xgboost,4,42,1,0.9906818866729736,FL_examples (137),FL_examples#13
A_casuale,xgboost,4,54,1,0.9993250370025635,FL_examples (148),FL_examples#14
A_casuale,xgboost,4,55,1,0.9990754127502441,FL_examples (149),FL_examples#14
A_casuale,xgboost,4,67,1,0.25939422845840454,FL_examples (16),FL_examples#1
A_casuale,xgboost,4,75,1,0.9985552430152893,FL_examples (167),FL_examples#16
A_casuale,xgboost,4,79,1,0.9979608058929443,FL_examples (170),FL_examples#16
A_casuale,xgboost,4,98,1,0.01914772391319275,FL_examples (188),FL_examples#18
A_casuale,xgboost,4,104,1,0.996068000793457,FL_examples (193),FL_examples#19
A_casuale,xgboost,4,111,1,0.27604520320892334,FL_examples (2),FL_examples#0
A_casuale,xgboost,4,113,1,0.9947717785835266,FL_examples (200),FL_examples#19
A_casuale,xgboost,4,114,1,0.9989160299301147,FL_examples (201),FL_examples#20
A_casuale,xgboost,4,117,1,0.9778909683227539,FL_examples (204),FL_examples#20
A_casuale,xgboost,4,125,1,0.8243064284324646,FL_examples (211),FL_examples#21
A_casuale,xgboost,4,129,1,0.8982793688774109,FL_examples (215),FL_examples#21
A_casuale,xgboost,4,134,1,0.934440016746521,FL_examples (22),FL_examples#2
A_casuale,xgboost,4,135,1,0.9977909326553345,FL_examples (220),FL_examples#21
A_casuale,xgboost,4,145,1,0.06411729007959366,FL_examples (23),FL_examples#2
A_casuale,xgboost,4,150,1,0.9817833304405212,FL_examples (234),FL_examples#23
A_casuale,xgboost,4,154,1,0.9936089515686035,FL_examples (238),FL_examples#23
A_casuale,xgboost,4,155,1,0.994918167591095,FL_examples (239),FL_examples#23
A_casuale,xgboost,4,166,1,0.9974585175514221,FL_examples (249),FL_examples#24
A_casuale,xgboost,4,167,1,0.9073296189308167,FL_examples (25),FL_examples#2
A_casuale,xgboost,4,172,1,0.9987503290176392,FL_examples (254),FL_examples#25
A_casuale,xgboost,4,175,1,0.9993360638618469,FL_examples (257),FL_examples#25
A_casuale,xgboost,4,178,1,0.9359906315803528,FL_examples (26),FL_examples#2
A_casuale,xgboost,4,182,1,0.7952367663383484,FL_examples (263),FL_examples#26
A_casuale,xgboost,4,183,1,0.9663076996803284,FL_examples (264),FL_examples#26
A_casuale,xgboost,4,185,1,0.995630145072937,FL_examples (266),FL_examples#26
A_casuale,xgboost,4,186,1,0.9931833148002625,FL_examples (267),FL_examples#26
A_casuale,xgboost,4,194,1,0.9830516576766968,FL_examples (274),FL_examples#27
A_casuale,xgboost,4,196,1,0.971841037273407,FL_examples (276),FL_examples#27
A_casuale,xgboost,4,197,1,0.1651737540960312,FL_examples (277),FL_examples#27
A_casuale,xgboost,4,206,1,0.1300443857908249,FL_examples (285),FL_examples#28
A_casuale,xgboost,4,211,1,0.9592009782791138,FL_examples (29),FL_examples#2
A_casuale,xgboost,4,214,1,0.9857273697853088,FL_examples (292),FL_examples#29
A_casuale,xgboost,4,217,1,0.30855631828308105,FL_examples (295),FL_examples#29
A_casuale,xgboost,4,221,1,0.3652881383895874,FL_examples (299),FL_examples#29
A_casuale,xgboost,4,225,1,0.990160346031189,FL_examples (31),FL_examples#3
A_casuale,xgboost,4,231,1,0.9993384480476379,FL_examples (37),FL_examples#3
A_casuale,xgboost,4,232,1,0.9945864677429199,FL_examples (38),FL_examples#3
A_casuale,xgboost,4,233,1,0.7931286692619324,FL_examples (39),FL_examples#3
A_casuale,xgboost,4,238,1,0.7672171592712402,FL_examples (43),FL_examples#4
A_casuale,xgboost,4,240,1,0.9940874576568604,FL_examples (45),FL_examples#4
A_casuale,xgboost,4,248,1,0.9758973717689514,FL_examples (52),FL_examples#5
A_casuale,xgboost,4,262,1,0.7768948674201965,FL_examples (65),FL_examples#6
A_casuale,xgboost,4,266,1,0.9959904551506042,FL_examples (69),FL_examples#6
A_casuale,xgboost,4,268,1,0.9913609623908997,FL_examples (70),FL_examples#6
A_casuale,xgboost,4,269,1,0.993476927280426,FL_examples (71),FL_examples#7
A_casuale,xgboost,4,274,1,0.9978012442588806,FL_examples (76),FL_examples#7
A_casuale,xgboost,4,280,1,0.9902176260948181,FL_examples (81),FL_examples#8
A_casuale,xgboost,4,283,1,0.994804322719574,FL_examples (84),FL_examples#8
A_casuale,xgboost,4,285,1,0.9925520420074463,FL_examples (86),FL_examples#8
A_casuale,xgboost,4,293,1,0.9968637228012085,FL_examples (93),FL_examples#9
A_casuale,xgboost,4,298,1,0.9931083917617798,FL_examples (98),FL_examples#9
A_casuale,xgboost,4,300,0,0.020049095153808594,REACTIVE_examples (1),REACTIVE_examples#0
A_casuale,xgboost,4,305,0,0.021337026730179787,REACTIVE_examples (103),REACTIVE_examples#10
A_casuale,xgboost,4,308,0,0.009209953248500824,REACTIVE_examples (106),REACTIVE_examples#10
A_casuale,xgboost,4,310,0,0.008855483494699001,REACTIVE_examples (108),REACTIVE_examples#10
A_casuale,xgboost,4,311,0,0.07503370940685272,REACTIVE_examples (109),REACTIVE_examples#10
A_casuale,xgboost,4,323,0,0.0028154028113931417,REACTIVE_examples (12),REACTIVE_examples#1
A_casuale,xgboost,4,324,0,0.0016148608410730958,REACTIVE_examples (120),REACTIVE_examples#11
A_casuale,xgboost,4,328,0,0.024222098290920258,REACTIVE_examples (124),REACTIVE_examples#12
A_casuale,xgboost,4,341,0,0.08151239901781082,REACTIVE_examples (136),REACTIVE_examples#13
A_casuale,xgboost,4,355,0,0.023890364915132523,REACTIVE_examples (149),REACTIVE_examples#14
A_casuale,xgboost,4,357,0,0.001821910496801138,REACTIVE_examples (150),REACTIVE_examples#14
A_casuale,xgboost,4,363,0,0.0011456464417278767,REACTIVE_examples (156),REACTIVE_examples#15
A_casuale,xgboost,4,365,0,0.006519564427435398,REACTIVE_examples (158),REACTIVE_examples#15
A_casuale,xgboost,4,367,0,0.0030861557461321354,REACTIVE_examples (16),REACTIVE_examples#1
A_casuale,xgboost,4,368,0,0.004609552677720785,REACTIVE_examples (160),REACTIVE_examples#15
A_casuale,xgboost,4,371,0,0.06192021444439888,REACTIVE_examples (163),REACTIVE_examples#16
A_casuale,xgboost,4,372,0,0.20225229859352112,REACTIVE_examples (164),REACTIVE_examples#16
A_casuale,xgboost,4,380,0,0.023061804473400116,REACTIVE_examples (171),REACTIVE_examples#17
A_casuale,xgboost,4,383,0,0.19931569695472717,REACTIVE_examples (174),REACTIVE_examples#17
A_casuale,xgboost,4,389,0,0.002229513833299279,REACTIVE_examples (18),REACTIVE_examples#1
A_casuale,xgboost,4,392,0,0.11916644871234894,REACTIVE_examples (182),REACTIVE_examples#18
A_casuale,xgboost,4,400,0,0.003744201734662056,REACTIVE_examples (19),REACTIVE_examples#1
A_casuale,xgboost,4,401,0,0.007334941532462835,REACTIVE_examples (190),REACTIVE_examples#18
A_casuale,xgboost,4,402,0,0.047125186771154404,REACTIVE_examples (191),REACTIVE_examples#19
A_casuale,xgboost,4,403,0,0.03486606478691101,REACTIVE_examples (192),REACTIVE_examples#19
A_casuale,xgboost,4,404,0,0.02117026597261429,REACTIVE_examples (193),REACTIVE_examples#19
A_casuale,xgboost,4,410,0,0.015156585723161697,REACTIVE_examples (199),REACTIVE_examples#19
A_casuale,xgboost,4,418,0,0.07831881940364838,REACTIVE_examples (205),REACTIVE_examples#20
A_casuale,xgboost,4,419,0,0.14221492409706116,REACTIVE_examples (206),REACTIVE_examples#20
A_casuale,xgboost,4,420,0,0.14141395688056946,REACTIVE_examples (207),REACTIVE_examples#20
A_casuale,xgboost,4,432,0,0.008094055578112602,REACTIVE_examples (218),REACTIVE_examples#21
A_casuale,xgboost,4,444,0,0.15457434952259064,REACTIVE_examples (229),REACTIVE_examples#22
A_casuale,xgboost,4,449,0,0.13731977343559265,REACTIVE_examples (233),REACTIVE_examples#23
A_casuale,xgboost,4,473,0,0.003641198854893446,REACTIVE_examples (255),REACTIVE_examples#25
A_casuale,xgboost,4,484,0,0.0037339425180107355,REACTIVE_examples (265),REACTIVE_examples#26
A_casuale,xgboost,4,485,0,0.00655319495126605,REACTIVE_examples (266),REACTIVE_examples#26
A_casuale,xgboost,4,488,0,0.31570619344711304,REACTIVE_examples (269),REACTIVE_examples#26
A_casuale,xgboost,4,489,0,0.0009697311907075346,REACTIVE_examples (27),REACTIVE_examples#2
A_casuale,xgboost,4,494,0,0.00564834289252758,REACTIVE_examples (274),REACTIVE_examples#27
A_casuale,xgboost,4,497,0,0.016287237405776978,REACTIVE_examples (277),REACTIVE_examples#27
A_casuale,xgboost,4,499,0,0.0028954893350601196,REACTIVE_examples (279),REACTIVE_examples#27
A_casuale,xgboost,4,504,0,0.03611685335636139,REACTIVE_examples (283),REACTIVE_examples#28
A_casuale,xgboost,4,508,0,0.006281351204961538,REACTIVE_examples (287),REACTIVE_examples#28
A_casuale,xgboost,4,509,0,0.008054247125983238,REACTIVE_examples (288),REACTIVE_examples#28
A_casuale,xgboost,4,512,0,0.0017135220114141703,REACTIVE_examples (290),REACTIVE_examples#28
A_casuale,xgboost,4,514,0,0.0020783599466085434,REACTIVE_examples (292),REACTIVE_examples#29
A_casuale,xgboost,4,515,0,0.0056165894493460655,REACTIVE_examples (293),REACTIVE_examples#29
A_casuale,xgboost,4,517,0,0.026599876582622528,REACTIVE_examples (295),REACTIVE_examples#29
A_casuale,xgboost,4,523,0,0.632218599319458,REACTIVE_examples (30),REACTIVE_examples#2
A_casuale,xgboost,4,526,0,0.01907910220324993,REACTIVE_examples (32),REACTIVE_examples#3
A_casuale,xgboost,4,551,0,0.042545661330223083,REACTIVE_examples (55),REACTIVE_examples#5
A_casuale,xgboost,4,553,0,0.018866809085011482,REACTIVE_examples (57),REACTIVE_examples#5
A_casuale,xgboost,4,558,0,0.8307392597198486,REACTIVE_examples (61),REACTIVE_examples#6
A_casuale,xgboost,4,570,0,0.20485785603523254,REACTIVE_examples (72),REACTIVE_examples#7
A_casuale,xgboost,4,572,0,0.5468741655349731,REACTIVE_examples (74),REACTIVE_examples#7
A_casuale,xgboost,4,576,0,0.006974348332732916,REACTIVE_examples (78),REACTIVE_examples#7
A_casuale,xgboost,4,593,0,0.009726905263960361,REACTIVE_examples (93),REACTIVE_examples#9
A_casuale,xgboost,4,595,0,0.021806146949529648,REACTIVE_examples (95),REACTIVE_examples#9
A_casuale,xgboost,4,596,0,0.04324313998222351,REACTIVE_examples (96),REACTIVE_examples#9
A_casuale,xgboost,4,599,0,0.020943056792020798,REACTIVE_examples (99),REACTIVE_examples#9
B_blocchi,logistic_regression,0,2,1,0.9511126116162257,FL_examples (100),FL_examples#9
B_blocchi,logistic_regression,0,25,1,0.9983247882377541,FL_examples (121),FL_examples#12
B_blocchi,logistic_regression,0,26,1,0.987327300041363,FL_examples (122),FL_examples#12
B_blocchi,logistic_regression,0,27,1,0.9581901280079964,FL_examples (123),FL_examples#12
B_blocchi,logistic_regression,0,28,1,0.995494057658764,FL_examples (124),FL_examples#12
B_blocchi,logistic_regression,0,29,1,0.9964171657962893,FL_examples (125),FL_examples#12
B_blocchi,logistic_regression,0,30,1,0.9974901472181646,FL_examples (126),FL_examples#12
B_blocchi,logistic_regression,0,31,1,0.9774909377327826,FL_examples (127),FL_examples#12
B_blocchi,logistic_regression,0,32,1,0.9977185967804958,FL_examples (128),FL_examples#12
B_blocchi,logistic_regression,0,33,1,0.9841097898323627,FL_examples (129),FL_examples#12
B_blocchi,logistic_regression,0,35,1,0.9892948528999599,FL_examples (130),FL_examples#12
B_blocchi,logistic_regression,0,80,1,0.9501247243787756,FL_examples (171),FL_examples#17
B_blocchi,logistic_regression,0,81,1,0.9426711407849224,FL_examples (172),FL_examples#17
B_blocchi,logistic_regression,0,82,1,0.9363605089235201,FL_examples (173),FL_examples#17
B_blocchi,logistic_regression,0,83,1,0.9923261144224941,FL_examples (174),FL_examples#17
B_blocchi,logistic_regression,0,84,1,0.9849847309473256,FL_examples (175),FL_examples#17
B_blocchi,logistic_regression,0,85,1,0.905975355581259,FL_examples (176),FL_examples#17
B_blocchi,logistic_regression,0,86,1,0.9734032366928571,FL_examples (177),FL_examples#17
B_blocchi,logistic_regression,0,87,1,0.7455542052380731,FL_examples (178),FL_examples#17
B_blocchi,logistic_regression,0,88,1,0.9061786015294253,FL_examples (179),FL_examples#17
B_blocchi,logistic_regression,0,90,1,0.8300106492261158,FL_examples (180),FL_examples#17
B_blocchi,logistic_regression,0,125,1,0.29848608079414024,FL_examples (211),FL_examples#21
B_blocchi,logistic_regression,0,126,1,0.6775855986955535,FL_examples (212),FL_examples#21
B_blocchi,logistic_regression,0,127,1,0.6710647674712675,FL_examples (213),FL_examples#21
B_blocchi,logistic_regression,0,128,1,0.5607736088986317,FL_examples (214),FL_examples#21
B_blocchi,logistic_regression,0,129,1,0.6405387783265328,FL_examples (215),FL_examples#21
B_blocchi,logistic_regression,0,130,1,0.9898618076688906,FL_examples (216),FL_examples#21
B_blocchi,logistic_regression,0,131,1,0.9730635755360869,FL_examples (217),FL_examples#21
B_blocchi,logistic_regression,0,132,1,0.7057283312205186,FL_examples (218),FL_examples#21
B_blocchi,logistic_regression,0,133,1,0.9816411042207064,FL_examples (219),FL_examples#21
B_blocchi,logistic_regression,0,135,1,0.9029946493346395,FL_examples (220),FL_examples#21
B_blocchi,logistic_regression,0,180,1,0.6545793188055717,FL_examples (261),FL_examples#26
B_blocchi,logistic_regression,0,181,1,0.51436953451202,FL_examples (262),FL_examples#26
B_blocchi,logistic_regression,0,182,1,0.8294933657118491,FL_examples (263),FL_examples#26
B_blocchi,logistic_regression,0,183,1,0.6443968077607268,FL_examples (264),FL_examples#26
B_blocchi,logistic_regression,0,184,1,0.5643403470156951,FL_examples (265),FL_examples#26
B_blocchi,logistic_regression,0,185,1,0.7809396241932891,FL_examples (266),FL_examples#26
B_blocchi,logistic_regression,0,186,1,0.5513881936480667,FL_examples (267),FL_examples#26
B_blocchi,logistic_regression,0,187,1,0.9685649578943331,FL_examples (268),FL_examples#26
B_blocchi,logistic_regression,0,188,1,0.749251869569337,FL_examples (269),FL_examples#26
B_blocchi,logistic_regression,0,190,1,0.7957203227708891,FL_examples (270),FL_examples#26
B_blocchi,logistic_regression,0,236,1,0.8313976246803785,FL_examples (41),FL_examples#4
B_blocchi,logistic_regression,0,237,1,0.8545149085862708,FL_examples (42),FL_examples#4
B_blocchi,logistic_regression,0,238,1,0.5692028913080017,FL_examples (43),FL_examples#4
B_blocchi,logistic_regression,0,239,1,0.7569450750486004,FL_examples (44),FL_examples#4
B_blocchi,logistic_regression,0,240,1,0.9067256887635883,FL_examples (45),FL_examples#4
B_blocchi,logistic_regression,0,241,1,0.9581255827327979,FL_examples (46),FL_examples#4
B_blocchi,logistic_regression,0,242,1,0.986638915030935,FL_examples (47),FL_examples#4
B_blocchi,logistic_regression,0,243,1,0.9901756026718413,FL_examples (48),FL_examples#4
B_blocchi,logistic_regression,0,244,1,0.9969677003335671,FL_examples (49),FL_examples#4
B_blocchi,logistic_regression,0,246,1,0.9172257198242467,FL_examples (50),FL_examples#4
B_blocchi,logistic_regression,0,291,1,0.9762828171086113,FL_examples (91),FL_examples#9
B_blocchi,logistic_regression,0,292,1,0.9680413910415597,FL_examples (92),FL_examples#9
B_blocchi,logistic_regression,0,293,1,0.9964160037660575,FL_examples (93),FL_examples#9
B_blocchi,logistic_regression,0,294,1,0.995925923775749,FL_examples (94),FL_examples#9
B_blocchi,logistic_regression,0,295,1,0.8789445920426479,FL_examples (95),FL_examples#9
B_blocchi,logistic_regression,0,296,1,0.9740322116517793,FL_examples (96),FL_examples#9
B_blocchi,logistic_regression,0,297,1,0.980547636435314,FL_examples (97),FL_examples#9
B_blocchi,logistic_regression,0,298,1,0.9653985737428584,FL_examples (98),FL_examples#9
B_blocchi,logistic_regression,0,299,1,0.9753452631671737,FL_examples (99),FL_examples#9
B_blocchi,logistic_regression,0,302,0,0.030684303327515722,REACTIVE_examples (100),REACTIVE_examples#9
B_blocchi,logistic_regression,0,325,0,0.01771016742727502,REACTIVE_examples (121),REACTIVE_examples#12
B_blocchi,logistic_regression,0,326,0,0.006550196307112257,REACTIVE_examples (122),REACTIVE_examples#12
B_blocchi,logistic_regression,0,327,0,0.008339466728876466,REACTIVE_examples (123),REACTIVE_examples#12
B_blocchi,logistic_regression,0,328,0,0.013759650535095485,REACTIVE_examples (124),REACTIVE_examples#12
B_blocchi,logistic_regression,0,329,0,0.011829595366571685,REACTIVE_examples (125),REACTIVE_examples#12
B_blocchi,logistic_regression,0,330,0,0.2004547953432299,REACTIVE_examples (126),REACTIVE_examples#12
B_blocchi,logistic_regression,0,331,0,0.1570975547846334,REACTIVE_examples (127),REACTIVE_examples#12
B_blocchi,logistic_regression,0,332,0,0.017255884167117645,REACTIVE_examples (128),REACTIVE_examples#12
B_blocchi,logistic_regression,0,333,0,0.7033427259935916,REACTIVE_examples (129),REACTIVE_examples#12
B_blocchi,logistic_regression,0,335,0,0.9481163264614672,REACTIVE_examples (130),REACTIVE_examples#12
B_blocchi,logistic_regression,0,380,0,0.05680629924947564,REACTIVE_examples (171),REACTIVE_examples#17
B_blocchi,logistic_regression,0,381,0,0.037940043241500014,REACTIVE_examples (172),REACTIVE_examples#17
B_blocchi,logistic_regression,0,382,0,0.0674433912469798,REACTIVE_examples (173),REACTIVE_examples#17
B_blocchi,logistic_regression,0,383,0,0.20865814547357298,REACTIVE_examples (174),REACTIVE_examples#17
B_blocchi,logistic_regression,0,384,0,0.2813832935611197,REACTIVE_examples (175),REACTIVE_examples#17
B_blocchi,logistic_regression,0,385,0,0.33300810720796775,REACTIVE_examples (176),REACTIVE_examples#17
B_blocchi,logistic_regression,0,386,0,0.14187628827252965,REACTIVE_examples (177),REACTIVE_examples#17
B_blocchi,logistic_regression,0,387,0,0.4645928528208642,REACTIVE_examples (178),REACTIVE_examples#17
B_blocchi,logistic_regression,0,388,0,0.05814129757790425,REACTIVE_examples (179),REACTIVE_examples#17
B_blocchi,logistic_regression,0,390,0,0.1267126659994386,REACTIVE_examples (180),REACTIVE_examples#17
B_blocchi,logistic_regression,0,425,0,0.02349712791403555,REACTIVE_examples (211),REACTIVE_examples#21
B_blocchi,logistic_regression,0,426,0,0.025036080340830817,REACTIVE_examples (212),REACTIVE_examples#21
B_blocchi,logistic_regression,0,427,0,0.06368249291662263,REACTIVE_examples (213),REACTIVE_examples#21
B_blocchi,logistic_regression,0,428,0,0.1868749845986234,REACTIVE_examples (214),REACTIVE_examples#21
B_blocchi,logistic_regression,0,429,0,0.25144005571849504,REACTIVE_examples (215),REACTIVE_examples#21
B_blocchi,logistic_regression,0,430,0,0.273541816154584,REACTIVE_examples (216),REACTIVE_examples#21
B_blocchi,logistic_regression,0,431,0,0.10558970111808069,REACTIVE_examples (217),REACTIVE_examples#21
B_blocchi,logistic_regression,0,432,0,0.022922363231523978,REACTIVE_examples (218),REACTIVE_examples#21
B_blocchi,logistic_regression,0,433,0,0.04423769109789823,REACTIVE_examples (219),REACTIVE_examples#21
B_blocchi,logistic_regression,0,435,0,0.14017337549940237,REACTIVE_examples (220),REACTIVE_examples#21
B_blocchi,logistic_regression,0,480,0,0.14228279813323644,REACTIVE_examples (261),REACTIVE_examples#26
B_blocchi,logistic_regression,0,481,0,0.6536196742686153,REACTIVE_examples (262),REACTIVE_examples#26
B_blocchi,logistic_regression,0,482,0,0.6204431067424625,REACTIVE_examples (263),REACTIVE_examples#26
B_blocchi,logistic_regression,0,483,0,0.6561948497108587,REACTIVE_examples (264),REACTIVE_examples#26
B_blocchi,logistic_regression,0,484,0,0.23817529847658173,REACTIVE_examples (265),REACTIVE_examples#26
B_blocchi,logistic_regression,0,485,0,0.2394786946015998,REACTIVE_examples (266),REACTIVE_examples#26
B_blocchi,logistic_regression,0,486,0,0.09842653554624953,REACTIVE_examples (267),REACTIVE_examples#26
B_blocchi,logistic_regression,0,487,0,0.17085894363447948,REACTIVE_examples (268),REACTIVE_examples#26
B_blocchi,logistic_regression,0,488,0,0.1979059526174829,REACTIVE_examples (269),REACTIVE_examples#26
B_blocchi,logistic_regression,0,490,0,0.19978325512062775,REACTIVE_examples (270),REACTIVE_examples#26
B_blocchi,logistic_regression,0,536,0,0.1260189110884536,REACTIVE_examples (41),REACTIVE_examples#4
B_blocchi,logistic_regression,0,537,0,0.8586802150525412,REACTIVE_examples (42),REACTIVE_examples#4
B_blocchi,logistic_regression,0,538,0,0.8039070153671836,REACTIVE_examples (43),REACTIVE_examples#4
B_blocchi,logistic_regression,0,539,0,0.9499015110772863,REACTIVE_examples (44),REACTIVE_examples#4
B_blocchi,logistic_regression,0,540,0,0.760395158169097,REACTIVE_examples (45),REACTIVE_examples#4
B_blocchi,logistic_regression,0,541,0,0.8068280426104019,REACTIVE_examples (46),REACTIVE_examples#4
B_blocchi,logistic_regression,0,542,0,0.732477051387375,REACTIVE_examples (47),REACTIVE_examples#4
B_blocchi,logistic_regression,0,543,0,0.13442487574325365,REACTIVE_examples (48),REACTIVE_examples#4
B_blocchi,logistic_regression,0,544,0,0.9605397824735122,REACTIVE_examples (49),REACTIVE_examples#4
B_blocchi,logistic_regression,0,546,0,0.826600448908253,REACTIVE_examples (50),REACTIVE_examples#4
B_blocchi,logistic_regression,0,591,0,0.08733024224227265,REACTIVE_examples (91),REACTIVE_examples#9
B_blocchi,logistic_regression,0,592,0,0.0437872108268442,REACTIVE_examples (92),REACTIVE_examples#9
B_blocchi,logistic_regression,0,593,0,0.12089419176613264,REACTIVE_examples (93),REACTIVE_examples#9
B_blocchi,logistic_regression,0,594,0,0.1931635440054585,REACTIVE_examples (94),REACTIVE_examples#9
B_blocchi,logistic_regression,0,595,0,0.006794287998295488,REACTIVE_examples (95),REACTIVE_examples#9
B_blocchi,logistic_regression,0,596,0,0.20285690684676716,REACTIVE_examples (96),REACTIVE_examples#9
B_blocchi,logistic_regression,0,597,0,0.2442025311930486,REACTIVE_examples (97),REACTIVE_examples#9
B_blocchi,logistic_regression,0,598,0,0.03615303256235969,REACTIVE_examples (98),REACTIVE_examples#9
B_blocchi,logistic_regression,0,599,0,0.09517261670007554,REACTIVE_examples (99),REACTIVE_examples#9
B_blocchi,random_forest,0,2,1,0.9666666666666667,FL_examples (100),FL_examples#9
B_blocchi,random_forest,0,25,1,0.98,FL_examples (121),FL_examples#12
B_blocchi,random_forest,0,26,1,0.9866666666666667,FL_examples (122),FL_examples#12
B_blocchi,random_forest,0,27,1,0.9833333333333333,FL_examples (123),FL_examples#12
B_blocchi,random_forest,0,28,1,0.9666666666666667,FL_examples (124),FL_examples#12
B_blocchi,random_forest,0,29,1,0.9666666666666667,FL_examples (125),FL_examples#12
B_blocchi,random_forest,0,30,1,0.94,FL_examples (126),FL_examples#12
B_blocchi,random_forest,0,31,1,0.9633333333333334,FL_examples (127),FL_examples#12
B_blocchi,random_forest,0,32,1,0.9833333333333333,FL_examples (128),FL_examples#12
B_blocchi,random_forest,0,33,1,0.8166666666666667,FL_examples (129),FL_examples#12
B_blocchi,random_forest,0,35,1,0.94,FL_examples (130),FL_examples#12
B_blocchi,random_forest,0,80,1,0.9166666666666666,FL_examples (171),FL_examples#17
B_blocchi,random_forest,0,81,1,0.92,FL_examples (172),FL_examples#17
B_blocchi,random_forest,0,82,1,0.9,FL_examples (173),FL_examples#17
B_blocchi,random_forest,0,83,1,0.95,FL_examples (174),FL_examples#17
B_blocchi,random_forest,0,84,1,0.8133333333333334,FL_examples (175),FL_examples#17
B_blocchi,random_forest,0,85,1,0.8833333333333333,FL_examples (176),FL_examples#17
B_blocchi,random_forest,0,86,1,0.86,FL_examples (177),FL_examples#17
B_blocchi,random_forest,0,87,1,0.8866666666666667,FL_examples (178),FL_examples#17
B_blocchi,random_forest,0,88,1,0.9,FL_examples (179),FL_examples#17
B_blocchi,random_forest,0,90,1,0.9033333333333333,FL_examples (180),FL_examples#17
B_blocchi,random_forest,0,125,1,0.6833333333333333,FL_examples (211),FL_examples#21
B_blocchi,random_forest,0,126,1,0.53,FL_examples (212),FL_examples#21
B_blocchi,random_forest,0,127,1,0.7066666666666667,FL_examples (213),FL_examples#21
B_blocchi,random_forest,0,128,1,0.5833333333333334,FL_examples (214),FL_examples#21
B_blocchi,random_forest,0,129,1,0.9266666666666666,FL_examples (215),FL_examples#21
B_blocchi,random_forest,0,130,1,0.8,FL_examples (216),FL_examples#21
B_blocchi,random_forest,0,131,1,0.9766666666666667,FL_examples (217),FL_examples#21
B_blocchi,random_forest,0,132,1,0.95,FL_examples (218),FL_examples#21
B_blocchi,random_forest,0,133,1,0.9566666666666667,FL_examples (219),FL_examples#21
B_blocchi,random_forest,0,135,1,0.78,FL_examples (220),FL_examples#21
B_blocchi,random_forest,0,180,1,0.7633333333333333,FL_examples (261),FL_examples#26
B_blocchi,random_forest,0,181,1,0.74,FL_examples (262),FL_examples#26
B_blocchi,random_forest,0,182,1,0.6033333333333334,FL_examples (263),FL_examples#26
B_blocchi,random_forest,0,183,1,0.78,FL_examples (264),FL_examples#26
B_blocchi,random_forest,0,184,1,0.7066666666666667,FL_examples (265),FL_examples#26
B_blocchi,random_forest,0,185,1,0.8366666666666667,FL_examples (266),FL_examples#26
B_blocchi,random_forest,0,186,1,0.8133333333333334,FL_examples (267),FL_examples#26
B_blocchi,random_forest,0,187,1,0.82,FL_examples (268),FL_examples#26
B_blocchi,random_forest,0,188,1,0.55,FL_examples (269),FL_examples#26
B_blocchi,random_forest,0,190,1,0.3333333333333333,FL_examples (270),FL_examples#26
B_blocchi,random_forest,0,236,1,0.5466666666666666,FL_examples (41),FL_examples#4
B_blocchi,random_forest,0,237,1,0.7466666666666667,FL_examples (42),FL_examples#4
B_blocchi,random_forest,0,238,1,0.5033333333333333,FL_examples (43),FL_examples#4
B_blocchi,random_forest,0,239,1,0.76,FL_examples (44),FL_examples#4
B_blocchi,random_forest,0,240,1,0.7666666666666667,FL_examples (45),FL_examples#4
B_blocchi,random_forest,0,241,1,0.9133333333333333,FL_examples (46),FL_examples#4
B_blocchi,random_forest,0,242,1,0.8,FL_examples (47),FL_examples#4
B_blocchi,random_forest,0,243,1,0.92,FL_examples (48),FL_examples#4
B_blocchi,random_forest,0,244,1,0.98,FL_examples (49),FL_examples#4
B_blocchi,random_forest,0,246,1,0.8466666666666667,FL_examples (50),FL_examples#4
B_blocchi,random_forest,0,291,1,0.9366666666666666,FL_examples (91),FL_examples#9
B_blocchi,random_forest,0,292,1,0.97,FL_examples (92),FL_examples#9
B_blocchi,random_forest,0,293,1,0.97,FL_examples (93),FL_examples#9
B_blocchi,random_forest,0,294,1,0.8733333333333333,FL_examples (94),FL_examples#9
B_blocchi,random_forest,0,295,1,0.9566666666666667,FL_examples (95),FL_examples#9
B_blocchi,random_forest,0,296,1,0.94,FL_examples (96),FL_examples#9
B_blocchi,random_forest,0,297,1,0.98,FL_examples (97),FL_examples#9
B_blocchi,random_forest,0,298,1,0.96,FL_examples (98),FL_examples#9
B_blocchi,random_forest,0,299,1,0.9833333333333333,FL_examples (99),FL_examples#9
B_blocchi,random_forest,0,302,0,0.18666666666666668,REACTIVE_examples (100),REACTIVE_examples#9
B_blocchi,random_forest,0,325,0,0.04666666666666667,REACTIVE_examples (121),REACTIVE_examples#12
B_blocchi,random_forest,0,326,0,0.12666666666666668,REACTIVE_examples (122),REACTIVE_examples#12
B_blocchi,random_forest,0,327,0,0.26,REACTIVE_examples (123),REACTIVE_examples#12
B_blocchi,random_forest,0,328,0,0.3466666666666667,REACTIVE_examples (124),REACTIVE_examples#12
B_blocchi,random_forest,0,329,0,0.29,REACTIVE_examples (125),REACTIVE_examples#12
B_blocchi,random_forest,0,330,0,0.52,REACTIVE_examples (126),REACTIVE_examples#12
B_blocchi,random_forest,0,331,0,0.67,REACTIVE_examples (127),REACTIVE_examples#12
B_blocchi,random_forest,0,332,0,0.5233333333333333,REACTIVE_examples (128),REACTIVE_examples#12
B_blocchi,random_forest,0,333,0,0.6266666666666667,REACTIVE_examples (129),REACTIVE_examples#12
B_blocchi,random_forest,0,335,0,0.6966666666666667,REACTIVE_examples (130),REACTIVE_examples#12
B_blocchi,random_forest,0,380,0,0.30333333333333334,REACTIVE_examples (171),REACTIVE_examples#17
B_blocchi,random_forest,0,381,0,0.2733333333333333,REACTIVE_examples (172),REACTIVE_examples#17
B_blocchi,random_forest,0,382,0,0.41,REACTIVE_examples (173),REACTIVE_examples#17
B_blocchi,random_forest,0,383,0,0.49666666666666665,REACTIVE_examples (174),REACTIVE_examples#17
B_blocchi,random_forest,0,384,0,0.37,REACTIVE_examples (175),REACTIVE_examples#17
B_blocchi,random_forest,0,385,0,0.4066666666666667,REACTIVE_examples (176),REACTIVE_examples#17
B_blocchi,random_forest,0,386,0,0.49666666666666665,REACTIVE_examples (177),REACTIVE_examples#17
B_blocchi,random_forest,0,387,0,0.2966666666666667,REACTIVE_examples (178),REACTIVE_examples#17
B_blocchi,random_forest,0,388,0,0.24666666666666667,REACTIVE_examples (179),REACTIVE_examples#17
B_blocchi,random_forest,0,390,0,0.25,REACTIVE_examples (180),REACTIVE_examples#17
B_blocchi,random_forest,0,425,0,0.09666666666666666,REACTIVE_examples (211),REACTIVE_examples#21
B_blocchi,random_forest,0,426,0,0.023333333333333334,REACTIVE_examples (212),REACTIVE_examples#21
B_blocchi,random_forest,0,427,0,0.023333333333333334,REACTIVE_examples (213),REACTIVE_examples#21
B_blocchi,random_forest,0,428,0,0.14,REACTIVE_examples (214),REACTIVE_examples#21
B_blocchi,random_forest,0,429,0,0.27666666666666667,REACTIVE_examples (215),REACTIVE_examples#21
B_blocchi,random_forest,0,430,0,0.49,REACTIVE_examples (216),REACTIVE_examples#21
B_blocchi,random_forest,0,431,0,0.42,REACTIVE_examples (217),REACTIVE_examples#21
B_blocchi,random_forest,0,432,0,0.25666666666666665,REACTIVE_examples (218),REACTIVE_examples#21
B_blocchi,random_forest,0,433,0,0.31,REACTIVE_examples (219),REACTIVE_examples#21
B_blocchi,random_forest,0,435,0,0.13666666666666666,REACTIVE_examples (220),REACTIVE_examples#21
B_blocchi,random_forest,0,480,0,0.14666666666666667,REACTIVE_examples (261),REACTIVE_examples#26
B_blocchi,random_forest,0,481,0,0.84,REACTIVE_examples (262),REACTIVE_examples#26
B_blocchi,random_forest,0,482,0,0.68,REACTIVE_examples (263),REACTIVE_examples#26
B_blocchi,random_forest,0,483,0,0.32666666666666666,REACTIVE_examples (264),REACTIVE_examples#26
B_blocchi,random_forest,0,484,0,0.25666666666666665,REACTIVE_examples (265),REACTIVE_examples#26
B_blocchi,random_forest,0,485,0,0.13333333333333333,REACTIVE_examples (266),REACTIVE_examples#26
B_blocchi,random_forest,0,486,0,0.11,REACTIVE_examples (267),REACTIVE_examples#26
B_blocchi,random_forest,0,487,0,0.06333333333333334,REACTIVE_examples (268),REACTIVE_examples#26
B_blocchi,random_forest,0,488,0,0.4766666666666667,REACTIVE_examples (269),REACTIVE_examples#26
B_blocchi,random_forest,0,490,0,0.30333333333333334,REACTIVE_examples (270),REACTIVE_examples#26
B_blocchi,random_forest,0,536,0,0.27666666666666667,REACTIVE_examples (41),REACTIVE_examples#4
B_blocchi,random_forest,0,537,0,0.3933333333333333,REACTIVE_examples (42),REACTIVE_examples#4
B_blocchi,random_forest,0,538,0,0.6466666666666666,REACTIVE_examples (43),REACTIVE_examples#4
B_blocchi,random_forest,0,539,0,0.56,REACTIVE_examples (44),REACTIVE_examples#4
B_blocchi,random_forest,0,540,0,0.35,REACTIVE_examples (45),REACTIVE_examples#4
B_blocchi,random_forest,0,541,0,0.3566666666666667,REACTIVE_examples (46),REACTIVE_examples#4
B_blocchi,random_forest,0,542,0,0.2966666666666667,REACTIVE_examples (47),REACTIVE_examples#4
B_blocchi,random_forest,0,543,0,0.13666666666666666,REACTIVE_examples (48),REACTIVE_examples#4
B_blocchi,random_forest,0,544,0,0.5433333333333333,REACTIVE_examples (49),REACTIVE_examples#4
B_blocchi,random_forest,0,546,0,0.55,REACTIVE_examples (50),REACTIVE_examples#4
B_blocchi,random_forest,0,591,0,0.48,REACTIVE_examples (91),REACTIVE_examples#9
B_blocchi,random_forest,0,592,0,0.4666666666666667,REACTIVE_examples (92),REACTIVE_examples#9
B_blocchi,random_forest,0,593,0,0.4066666666666667,REACTIVE_examples (93),REACTIVE_examples#9
B_blocchi,random_forest,0,594,0,0.13,REACTIVE_examples (94),REACTIVE_examples#9
B_blocchi,random_forest,0,595,0,0.10666666666666667,REACTIVE_examples (95),REACTIVE_examples#9
B_blocchi,random_forest,0,596,0,0.15666666666666668,REACTIVE_examples (96),REACTIVE_examples#9
B_blocchi,random_forest,0,597,0,0.24333333333333335,REACTIVE_examples (97),REACTIVE_examples#9
B_blocchi,random_forest,0,598,0,0.18,REACTIVE_examples (98),REACTIVE_examples#9
B_blocchi,random_forest,0,599,0,0.17666666666666667,REACTIVE_examples (99),REACTIVE_examples#9
B_blocchi,xgboost,0,2,1,0.9846118092536926,FL_examples (100),FL_examples#9
B_blocchi,xgboost,0,25,1,0.9990322589874268,FL_examples (121),FL_examples#12
B_blocchi,xgboost,0,26,1,0.9989147186279297,FL_examples (122),FL_examples#12
B_blocchi,xgboost,0,27,1,0.9982321858406067,FL_examples (123),FL_examples#12
B_blocchi,xgboost,0,28,1,0.9976680874824524,FL_examples (124),FL_examples#12
B_blocchi,xgboost,0,29,1,0.9985044002532959,FL_examples (125),FL_examples#12
B_blocchi,xgboost,0,30,1,0.9984447360038757,FL_examples (126),FL_examples#12
B_blocchi,xgboost,0,31,1,0.9949835538864136,FL_examples (127),FL_examples#12
B_blocchi,xgboost,0,32,1,0.9989522695541382,FL_examples (128),FL_examples#12
B_blocchi,xgboost,0,33,1,0.9959965944290161,FL_examples (129),FL_examples#12
B_blocchi,xgboost,0,35,1,0.9980711340904236,FL_examples (130),FL_examples#12
B_blocchi,xgboost,0,80,1,0.9967982172966003,FL_examples (171),FL_examples#17
B_blocchi,xgboost,0,81,1,0.9983252882957458,FL_examples (172),FL_examples#17
B_blocchi,xgboost,0,82,1,0.994540274143219,FL_examples (173),FL_examples#17
B_blocchi,xgboost,0,83,1,0.9981274008750916,FL_examples (174),FL_examples#17
B_blocchi,xgboost,0,84,1,0.9945340156555176,FL_examples (175),FL_examples#17
B_blocchi,xgboost,0,85,1,0.9986327290534973,FL_examples (176),FL_examples#17
B_blocchi,xgboost,0,86,1,0.9951436519622803,FL_examples (177),FL_examples#17
B_blocchi,xgboost,0,87,1,0.9893679022789001,FL_examples (178),FL_examples#17
B_blocchi,xgboost,0,88,1,0.9980656504631042,FL_examples (179),FL_examples#17
B_blocchi,xgboost,0,90,1,0.9985419511795044,FL_examples (180),FL_examples#17
B_blocchi,xgboost,0,125,1,0.8830518126487732,FL_examples (211),FL_examples#21
B_blocchi,xgboost,0,126,1,0.9372620582580566,FL_examples (212),FL_examples#21
B_blocchi,xgboost,0,127,1,0.7307109236717224,FL_examples (213),FL_examples#21
B_blocchi,xgboost,0,128,1,0.2944977879524231,FL_examples (214),FL_examples#21
B_blocchi,xgboost,0,129,1,0.9897763729095459,FL_examples (215),FL_examples#21
B_blocchi,xgboost,0,130,1,0.6640380024909973,FL_examples (216),FL_examples#21
B_blocchi,xgboost,0,131,1,0.9976435303688049,FL_examples (217),FL_examples#21
B_blocchi,xgboost,0,132,1,0.9943116903305054,FL_examples (218),FL_examples#21
B_blocchi,xgboost,0,133,1,0.9929676055908203,FL_examples (219),FL_examples#21
B_blocchi,xgboost,0,135,1,0.9877141714096069,FL_examples (220),FL_examples#21
B_blocchi,xgboost,0,180,1,0.8876023292541504,FL_examples (261),FL_examples#26
B_blocchi,xgboost,0,181,1,0.9916595816612244,FL_examples (262),FL_examples#26
B_blocchi,xgboost,0,182,1,0.9540411233901978,FL_examples (263),FL_examples#26
B_blocchi,xgboost,0,183,1,0.6869087219238281,FL_examples (264),FL_examples#26
B_blocchi,xgboost,0,184,1,0.9891113638877869,FL_examples (265),FL_examples#26
B_blocchi,xgboost,0,185,1,0.9956161975860596,FL_examples (266),FL_examples#26
B_blocchi,xgboost,0,186,1,0.9943901896476746,FL_examples (267),FL_examples#26
B_blocchi,xgboost,0,187,1,0.9943966865539551,FL_examples (268),FL_examples#26
B_blocchi,xgboost,0,188,1,0.9059882760047913,FL_examples (269),FL_examples#26
B_blocchi,xgboost,0,190,1,0.10228686779737473,FL_examples (270),FL_examples#26
B_blocchi,xgboost,0,236,1,0.7631824612617493,FL_examples (41),FL_examples#4
B_blocchi,xgboost,0,237,1,0.9872883558273315,FL_examples (42),FL_examples#4
B_blocchi,xgboost,0,238,1,0.5572066307067871,FL_examples (43),FL_examples#4
B_blocchi,xgboost,0,239,1,0.9499906897544861,FL_examples (44),FL_examples#4
B_blocchi,xgboost,0,240,1,0.9916146993637085,FL_examples (45),FL_examples#4
B_blocchi,xgboost,0,241,1,0.9937803149223328,FL_examples (46),FL_examples#4
B_blocchi,xgboost,0,242,1,0.9967122077941895,FL_examples (47),FL_examples#4
B_blocchi,xgboost,0,243,1,0.998146653175354,FL_examples (48),FL_examples#4
B_blocchi,xgboost,0,244,1,0.999247670173645,FL_examples (49),FL_examples#4
B_blocchi,xgboost,0,246,1,0.9073734879493713,FL_examples (50),FL_examples#4
B_blocchi,xgboost,0,291,1,0.9875134825706482,FL_examples (91),FL_examples#9
B_blocchi,xgboost,0,292,1,0.9921034574508667,FL_examples (92),FL_examples#9
B_blocchi,xgboost,0,293,1,0.9966138005256653,FL_examples (93),FL_examples#9
B_blocchi,xgboost,0,294,1,0.9948171973228455,FL_examples (94),FL_examples#9
B_blocchi,xgboost,0,295,1,0.9966564178466797,FL_examples (95),FL_examples#9
B_blocchi,xgboost,0,296,1,0.9966228008270264,FL_examples (96),FL_examples#9
B_blocchi,xgboost,0,297,1,0.9964694976806641,FL_examples (97),FL_examples#9
B_blocchi,xgboost,0,298,1,0.9949317574501038,FL_examples (98),FL_examples#9
B_blocchi,xgboost,0,299,1,0.9911811351776123,FL_examples (99),FL_examples#9
B_blocchi,xgboost,0,302,0,0.003874750342220068,REACTIVE_examples (100),REACTIVE_examples#9
B_blocchi,xgboost,0,325,0,0.0007115344051271677,REACTIVE_examples (121),REACTIVE_examples#12
B_blocchi,xgboost,0,326,0,0.0069556026719510555,REACTIVE_examples (122),REACTIVE_examples#12
B_blocchi,xgboost,0,327,0,0.07853789627552032,REACTIVE_examples (123),REACTIVE_examples#12
B_blocchi,xgboost,0,328,0,0.07919535040855408,REACTIVE_examples (124),REACTIVE_examples#12
B_blocchi,xgboost,0,329,0,0.06429696083068848,REACTIVE_examples (125),REACTIVE_examples#12
B_blocchi,xgboost,0,330,0,0.3461430072784424,REACTIVE_examples (126),REACTIVE_examples#12
B_blocchi,xgboost,0,331,0,0.6590472459793091,REACTIVE_examples (127),REACTIVE_examples#12
B_blocchi,xgboost,0,332,0,0.6902147531509399,REACTIVE_examples (128),REACTIVE_examples#12
B_blocchi,xgboost,0,333,0,0.33017128705978394,REACTIVE_examples (129),REACTIVE_examples#12
B_blocchi,xgboost,0,335,0,0.9102128148078918,REACTIVE_examples (130),REACTIVE_examples#12
B_blocchi,xgboost,0,380,0,0.29472973942756653,REACTIVE_examples (171),REACTIVE_examples#17
B_blocchi,xgboost,0,381,0,0.32379141449928284,REACTIVE_examples (172),REACTIVE_examples#17
B_blocchi,xgboost,0,382,0,0.5042731761932373,REACTIVE_examples (173),REACTIVE_examples#17
B_blocchi,xgboost,0,383,0,0.43709278106689453,REACTIVE_examples (174),REACTIVE_examples#17
B_blocchi,xgboost,0,384,0,0.2661278545856476,REACTIVE_examples (175),REACTIVE_examples#17
B_blocchi,xgboost,0,385,0,0.02649545669555664,REACTIVE_examples (176),REACTIVE_examples#17
B_blocchi,xgboost,0,386,0,0.8993180990219116,REACTIVE_examples (177),REACTIVE_examples#17
B_blocchi,xgboost,0,387,0,0.22356875240802765,REACTIVE_examples (178),REACTIVE_examples#17
B_blocchi,xgboost,0,388,0,0.09663796424865723,REACTIVE_examples (179),REACTIVE_examples#17
B_blocchi,xgboost,0,390,0,0.05761950463056564,REACTIVE_examples (180),REACTIVE_examples#17
B_blocchi,xgboost,0,425,0,0.0010960757499560714,REACTIVE_examples (211),REACTIVE_examples#21
B_blocchi,xgboost,0,426,0,0.0016243522986769676,REACTIVE_examples (212),REACTIVE_examples#21
B_blocchi,xgboost,0,427,0,0.0012202238431200385,REACTIVE_examples (213),REACTIVE_examples#21
B_blocchi,xgboost,0,428,0,0.004524340853095055,REACTIVE_examples (214),REACTIVE_examples#21
B_blocchi,xgboost,0,429,0,0.08136483281850815,REACTIVE_examples (215),REACTIVE_examples#21
B_blocchi,xgboost,0,430,0,0.14292244613170624,REACTIVE_examples (216),REACTIVE_examples#21
B_blocchi,xgboost,0,431,0,0.32984915375709534,REACTIVE_examples (217),REACTIVE_examples#21
B_blocchi,xgboost,0,432,0,0.020566288381814957,REACTIVE_examples (218),REACTIVE_examples#21
B_blocchi,xgboost,0,433,0,0.5117306709289551,REACTIVE_examples (219),REACTIVE_examples#21
B_blocchi,xgboost,0,435,0,0.003043540520593524,REACTIVE_examples (220),REACTIVE_examples#21
B_blocchi,xgboost,0,480,0,0.003819759702309966,REACTIVE_examples (261),REACTIVE_examples#26
B_blocchi,xgboost,0,481,0,0.9937281608581543,REACTIVE_examples (262),REACTIVE_examples#26
B_blocchi,xgboost,0,482,0,0.9963119626045227,REACTIVE_examples (263),REACTIVE_examples#26
B_blocchi,xgboost,0,483,0,0.0647333413362503,REACTIVE_examples (264),REACTIVE_examples#26
B_blocchi,xgboost,0,484,0,0.010403540916740894,REACTIVE_examples (265),REACTIVE_examples#26
B_blocchi,xgboost,0,485,0,0.008717229589819908,REACTIVE_examples (266),REACTIVE_examples#26
B_blocchi,xgboost,0,486,0,0.023726455867290497,REACTIVE_examples (267),REACTIVE_examples#26
B_blocchi,xgboost,0,487,0,0.0031848233193159103,REACTIVE_examples (268),REACTIVE_examples#26
B_blocchi,xgboost,0,488,0,0.13411010801792145,REACTIVE_examples (269),REACTIVE_examples#26
B_blocchi,xgboost,0,490,0,0.13876202702522278,REACTIVE_examples (270),REACTIVE_examples#26
B_blocchi,xgboost,0,536,0,0.007301616482436657,REACTIVE_examples (41),REACTIVE_examples#4
B_blocchi,xgboost,0,537,0,0.04775194451212883,REACTIVE_examples (42),REACTIVE_examples#4
B_blocchi,xgboost,0,538,0,0.12052980065345764,REACTIVE_examples (43),REACTIVE_examples#4
B_blocchi,xgboost,0,539,0,0.020159229636192322,REACTIVE_examples (44),REACTIVE_examples#4
B_blocchi,xgboost,0,540,0,0.2932913899421692,REACTIVE_examples (45),REACTIVE_examples#4
B_blocchi,xgboost,0,541,0,0.10513117164373398,REACTIVE_examples (46),REACTIVE_examples#4
B_blocchi,xgboost,0,542,0,0.051817744970321655,REACTIVE_examples (47),REACTIVE_examples#4
B_blocchi,xgboost,0,543,0,0.004323216155171394,REACTIVE_examples (48),REACTIVE_examples#4
B_blocchi,xgboost,0,544,0,0.07994063943624496,REACTIVE_examples (49),REACTIVE_examples#4
B_blocchi,xgboost,0,546,0,0.3425244092941284,REACTIVE_examples (50),REACTIVE_examples#4
B_blocchi,xgboost,0,591,0,0.0867498368024826,REACTIVE_examples (91),REACTIVE_examples#9
B_blocchi,xgboost,0,592,0,0.12058496475219727,REACTIVE_examples (92),REACTIVE_examples#9
B_blocchi,xgboost,0,593,0,0.007045561447739601,REACTIVE_examples (93),REACTIVE_examples#9
B_blocchi,xgboost,0,594,0,0.041998423635959625,REACTIVE_examples (94),REACTIVE_examples#9
B_blocchi,xgboost,0,595,0,0.015915799885988235,REACTIVE_examples (95),REACTIVE_examples#9
B_blocchi,xgboost,0,596,0,0.006568355020135641,REACTIVE_examples (96),REACTIVE_examples#9
B_blocchi,xgboost,0,597,0,0.009611494839191437,REACTIVE_examples (97),REACTIVE_examples#9
B_blocchi,xgboost,0,598,0,0.0026914658956229687,REACTIVE_examples (98),REACTIVE_examples#9
B_blocchi,xgboost,0,599,0,0.0057440693490207195,REACTIVE_examples (99),REACTIVE_examples#9
B_blocchi,logistic_regression,1,14,1,0.9952060270317414,FL_examples (111),FL_examples#11
B_blocchi,logistic_regression,1,15,1,0.990787866798503,FL_examples (112),FL_examples#11
B_blocchi,logistic_regression,1,16,1,0.9946722078393748,FL_examples (113),FL_examples#11
B_blocchi,logistic_regression,1,17,1,0.9914580299137993,FL_examples (114),FL_examples#11
B_blocchi,logistic_regression,1,18,1,0.999910811200818,FL_examples (115),FL_examples#11
B_blocchi,logistic_regression,1,19,1,0.999818105435428,FL_examples (116),FL_examples#11
B_blocchi,logistic_regression,1,20,1,0.999797533619704,FL_examples (117),FL_examples#11
B_blocchi,logistic_regression,1,21,1,0.9996900927065367,FL_examples (118),FL_examples#11
B_blocchi,logistic_regression,1,22,1,0.9941048643637664,FL_examples (119),FL_examples#11
B_blocchi,logistic_regression,1,24,1,0.9966717272192325,FL_examples (120),FL_examples#11
B_blocchi,logistic_regression,1,69,1,0.919193900850467,FL_examples (161),FL_examples#16
B_blocchi,logistic_regression,1,70,1,0.927751325799666,FL_examples (162),FL_examples#16
B_blocchi,logistic_regression,1,71,1,0.9034830919079232,FL_examples (163),FL_examples#16
B_blocchi,logistic_regression,1,72,1,0.8100685551900774,FL_examples (164),FL_examples#16
B_blocchi,logistic_regression,1,73,1,0.9911288618321195,FL_examples (165),FL_examples#16
B_blocchi,logistic_regression,1,74,1,0.9593937475618916,FL_examples (166),FL_examples#16
B_blocchi,logistic_regression,1,75,1,0.9733825180372498,FL_examples (167),FL_examples#16
B_blocchi,logistic_regression,1,76,1,0.982972343149165,FL_examples (168),FL_examples#16
B_blocchi,logistic_regression,1,77,1,0.9874712911534546,FL_examples (169),FL_examples#16
B_blocchi,logistic_regression,1,79,1,0.9667514810835918,FL_examples (170),FL_examples#16
B_blocchi,logistic_regression,1,114,1,0.9436234279516797,FL_examples (201),FL_examples#20
B_blocchi,logistic_regression,1,115,1,0.611559837271483,FL_examples (202),FL_examples#20
B_blocchi,logistic_regression,1,116,1,0.8832141371390154,FL_examples (203),FL_examples#20
B_blocchi,logistic_regression,1,117,1,0.9472306829772336,FL_examples (204),FL_examples#20
B_blocchi,logistic_regression,1,118,1,0.9439297195501342,FL_examples (205),FL_examples#20
B_blocchi,logistic_regression,1,119,1,0.555251195839335,FL_examples (206),FL_examples#20
B_blocchi,logistic_regression,1,120,1,0.6590970574841538,FL_examples (207),FL_examples#20
B_blocchi,logistic_regression,1,121,1,0.78826294420821,FL_examples (208),FL_examples#20
B_blocchi,logistic_regression,1,122,1,0.4792268260051427,FL_examples (209),FL_examples#20
B_blocchi,logistic_regression,1,124,1,0.8136664942741388,FL_examples (210),FL_examples#20
B_blocchi,logistic_regression,1,169,1,0.9965377238470182,FL_examples (251),FL_examples#25
B_blocchi,logistic_regression,1,170,1,0.9412522396489922,FL_examples (252),FL_examples#25
B_blocchi,logistic_regression,1,171,1,0.9685909130496237,FL_examples (253),FL_examples#25
B_blocchi,logistic_regression,1,172,1,0.989622998916289,FL_examples (254),FL_examples#25
B_blocchi,logistic_regression,1,173,1,0.8503285765956211,FL_examples (255),FL_examples#25
B_blocchi,logistic_regression,1,174,1,0.9673665180258297,FL_examples (256),FL_examples#25
B_blocchi,logistic_regression,1,175,1,0.9885044858105123,FL_examples (257),FL_examples#25
B_blocchi,logistic_regression,1,176,1,0.988260739772094,FL_examples (258),FL_examples#25
B_blocchi,logistic_regression,1,177,1,0.9711521529052812,FL_examples (259),FL_examples#25
B_blocchi,logistic_regression,1,179,1,0.962004302938447,FL_examples (260),FL_examples#25
B_blocchi,logistic_regression,1,225,1,0.9755187582232112,FL_examples (31),FL_examples#3
B_blocchi,logistic_regression,1,226,1,0.6510612820854255,FL_examples (32),FL_examples#3
B_blocchi,logistic_regression,1,227,1,0.9712295260706625,FL_examples (33),FL_examples#3
B_blocchi,logistic_regression,1,228,1,0.41690177741907736,FL_examples (34),FL_examples#3
B_blocchi,logistic_regression,1,229,1,0.7898473133109528,FL_examples (35),FL_examples#3
B_blocchi,logistic_regression,1,230,1,0.9286571158524014,FL_examples (36),FL_examples#3
B_blocchi,logistic_regression,1,231,1,0.9591671530034086,FL_examples (37),FL_examples#3
B_blocchi,logistic_regression,1,232,1,0.9791127676913095,FL_examples (38),FL_examples#3
B_blocchi,logistic_regression,1,233,1,0.910582994539557,FL_examples (39),FL_examples#3
B_blocchi,logistic_regression,1,235,1,0.9695736905827109,FL_examples (40),FL_examples#3
B_blocchi,logistic_regression,1,280,1,0.9029957173543652,FL_examples (81),FL_examples#8
B_blocchi,logistic_regression,1,281,1,0.9917669867022564,FL_examples (82),FL_examples#8
B_blocchi,logistic_regression,1,282,1,0.9898329408785017,FL_examples (83),FL_examples#8
B_blocchi,logistic_regression,1,283,1,0.9905386560869847,FL_examples (84),FL_examples#8
B_blocchi,logistic_regression,1,284,1,0.9530982338235694,FL_examples (85),FL_examples#8
B_blocchi,logistic_regression,1,285,1,0.9537029863952321,FL_examples (86),FL_examples#8
B_blocchi,logistic_regression,1,286,1,0.916232382536826,FL_examples (87),FL_examples#8
B_blocchi,logistic_regression,1,287,1,0.9166061095764336,FL_examples (88),FL_examples#8
B_blocchi,logistic_regression,1,288,1,0.9601843266798048,FL_examples (89),FL_examples#8
B_blocchi,logistic_regression,1,290,1,0.8848837640680165,FL_examples (90),FL_examples#8
B_blocchi,logistic_regression,1,314,0,0.4414012046189632,REACTIVE_examples (111),REACTIVE_examples#11
B_blocchi,logistic_regression,1,315,0,0.4274161541857984,REACTIVE_examples (112),REACTIVE_examples#11
B_blocchi,logistic_regression,1,316,0,0.5534473430591192,REACTIVE_examples (113),REACTIVE_examples#11
B_blocchi,logistic_regression,1,317,0,0.16134100621966682,REACTIVE_examples (114),REACTIVE_examples#11
B_blocchi,logistic_regression,1,318,0,0.5249316369179982,REACTIVE_examples (115),REACTIVE_examples#11
B_blocchi,logistic_regression,1,319,0,0.14223328388014872,REACTIVE_examples (116),REACTIVE_examples#11
B_blocchi,logistic_regression,1,320,0,0.07988699904361647,REACTIVE_examples (117),REACTIVE_examples#11
B_blocchi,logistic_regression,1,321,0,0.11302494422900079,REACTIVE_examples (118),REACTIVE_examples#11
B_blocchi,logistic_regression,1,322,0,0.1759194333315836,REACTIVE_examples (119),REACTIVE_examples#11
B_blocchi,logistic_regression,1,324,0,0.016372122503048325,REACTIVE_examples (120),REACTIVE_examples#11
B_blocchi,logistic_regression,1,369,0,0.20796818234346842,REACTIVE_examples (161),REACTIVE_examples#16
B_blocchi,logistic_regression,1,370,0,0.10132405162503239,REACTIVE_examples (162),REACTIVE_examples#16
B_blocchi,logistic_regression,1,371,0,0.40019282649867766,REACTIVE_examples (163),REACTIVE_examples#16
B_blocchi,logistic_regression,1,372,0,0.6950965319525034,REACTIVE_examples (164),REACTIVE_examples#16
B_blocchi,logistic_regression,1,373,0,0.39320747999532474,REACTIVE_examples (165),REACTIVE_examples#16
B_blocchi,logistic_regression,1,374,0,0.09339553416822463,REACTIVE_examples (166),REACTIVE_examples#16
B_blocchi,logistic_regression,1,375,0,0.6488878333286283,REACTIVE_examples (167),REACTIVE_examples#16
B_blocchi,logistic_regression,1,376,0,0.12231181643088913,REACTIVE_examples (168),REACTIVE_examples#16
B_blocchi,logistic_regression,1,377,0,0.11951759793382749,REACTIVE_examples (169),REACTIVE_examples#16
B_blocchi,logistic_regression,1,379,0,0.46400017065991933,REACTIVE_examples (170),REACTIVE_examples#16
B_blocchi,logistic_regression,1,414,0,0.7059537240533402,REACTIVE_examples (201),REACTIVE_examples#20
B_blocchi,logistic_regression,1,415,0,0.4307394380062511,REACTIVE_examples (202),REACTIVE_examples#20
B_blocchi,logistic_regression,1,416,0,0.26008121354295183,REACTIVE_examples (203),REACTIVE_examples#20
B_blocchi,logistic_regression,1,417,0,0.14850661348395178,REACTIVE_examples (204),REACTIVE_examples#20
B_blocchi,logistic_regression,1,418,0,0.15963937718870475,REACTIVE_examples (205),REACTIVE_examples#20
B_blocchi,logistic_regression,1,419,0,0.2657865492632877,REACTIVE_examples (206),REACTIVE_examples#20
B_blocchi,logistic_regression,1,420,0,0.06836725646281745,REACTIVE_examples (207),REACTIVE_examples#20
B_blocchi,logistic_regression,1,421,0,0.10811858529953311,REACTIVE_examples (208),REACTIVE_examples#20
B_blocchi,logistic_regression,1,422,0,0.24119413328929742,REACTIVE_examples (209),REACTIVE_examples#20
B_blocchi,logistic_regression,1,424,0,0.05021251389801945,REACTIVE_examples (210),REACTIVE_examples#20
B_blocchi,logistic_regression,1,469,0,0.36491266205668393,REACTIVE_examples (251),REACTIVE_examples#25
B_blocchi,logistic_regression,1,470,0,0.39024129486589326,REACTIVE_examples (252),REACTIVE_examples#25
B_blocchi,logistic_regression,1,471,0,0.6568162530365603,REACTIVE_examples (253),REACTIVE_examples#25
B_blocchi,logistic_regression,1,472,0,0.2136139651383092,REACTIVE_examples (254),REACTIVE_examples#25
B_blocchi,logistic_regression,1,473,0,0.18587066320934664,REACTIVE_examples (255),REACTIVE_examples#25
B_blocchi,logistic_regression,1,474,0,0.36147319581485265,REACTIVE_examples (256),REACTIVE_examples#25
B_blocchi,logistic_regression,1,475,0,0.564682235780286,REACTIVE_examples (257),REACTIVE_examples#25
B_blocchi,logistic_regression,1,476,0,0.29031004232118474,REACTIVE_examples (258),REACTIVE_examples#25
B_blocchi,logistic_regression,1,477,0,0.3224198068820838,REACTIVE_examples (259),REACTIVE_examples#25
B_blocchi,logistic_regression,1,479,0,0.1372356221843434,REACTIVE_examples (260),REACTIVE_examples#25
B_blocchi,logistic_regression,1,525,0,0.23548183330981937,REACTIVE_examples (31),REACTIVE_examples#3
B_blocchi,logistic_regression,1,526,0,0.021105386121014775,REACTIVE_examples (32),REACTIVE_examples#3
B_blocchi,logistic_regression,1,527,0,0.051303219413322325,REACTIVE_examples (33),REACTIVE_examples#3
B_blocchi,logistic_regression,1,528,0,0.18164642684394108,REACTIVE_examples (34),REACTIVE_examples#3
B_blocchi,logistic_regression,1,529,0,0.2653960303041213,REACTIVE_examples (35),REACTIVE_examples#3
B_blocchi,logistic_regression,1,530,0,0.8207688740310426,REACTIVE_examples (36),REACTIVE_examples#3
B_blocchi,logistic_regression,1,531,0,0.3974417660564692,REACTIVE_examples (37),REACTIVE_examples#3
B_blocchi,logistic_regression,1,532,0,0.9050833689533477,REACTIVE_examples (38),REACTIVE_examples#3
B_blocchi,logistic_regression,1,533,0,0.7844284093564508,REACTIVE_examples (39),REACTIVE_examples#3
B_blocchi,logistic_regression,1,535,0,0.49678645219067397,REACTIVE_examples (40),REACTIVE_examples#3
B_blocchi,logistic_regression,1,580,0,0.06855382694944115,REACTIVE_examples (81),REACTIVE_examples#8
B_blocchi,logistic_regression,1,581,0,0.05237409657163212,REACTIVE_examples (82),REACTIVE_examples#8
B_blocchi,logistic_regression,1,582,0,0.12609389982126123,REACTIVE_examples (83),REACTIVE_examples#8
B_blocchi,logistic_regression,1,583,0,0.07515741214075698,REACTIVE_examples (84),REACTIVE_examples#8
B_blocchi,logistic_regression,1,584,0,0.03618844862342436,REACTIVE_examples (85),REACTIVE_examples#8
B_blocchi,logistic_regression,1,585,0,0.08184030734061991,REACTIVE_examples (86),REACTIVE_examples#8
B_blocchi,logistic_regression,1,586,0,0.1041109283255837,REACTIVE_examples (87),REACTIVE_examples#8
B_blocchi,logistic_regression,1,587,0,0.08617363363116058,REACTIVE_examples (88),REACTIVE_examples#8
B_blocchi,logistic_regression,1,588,0,0.03282318683367268,REACTIVE_examples (89),REACTIVE_examples#8
B_blocchi,logistic_regression,1,590,0,0.04144386734449581,REACTIVE_examples (90),REACTIVE_examples#8
B_blocchi,random_forest,1,14,1,0.85,FL_examples (111),FL_examples#11
B_blocchi,random_forest,1,15,1,0.8966666666666666,FL_examples (112),FL_examples#11
B_blocchi,random_forest,1,16,1,0.92,FL_examples (113),FL_examples#11
B_blocchi,random_forest,1,17,1,0.9533333333333334,FL_examples (114),FL_examples#11
B_blocchi,random_forest,1,18,1,0.65,FL_examples (115),FL_examples#11
B_blocchi,random_forest,1,19,1,0.6866666666666666,FL_examples (116),FL_examples#11
B_blocchi,random_forest,1,20,1,0.6666666666666666,FL_examples (117),FL_examples#11
B_blocchi,random_forest,1,21,1,0.7333333333333333,FL_examples (118),FL_examples#11
B_blocchi,random_forest,1,22,1,0.8766666666666667,FL_examples (119),FL_examples#11
B_blocchi,random_forest,1,24,1,0.9766666666666667,FL_examples (120),FL_examples#11
B_blocchi,random_forest,1,69,1,0.8866666666666667,FL_examples (161),FL_examples#16
B_blocchi,random_forest,1,70,1,0.9433333333333334,FL_examples (162),FL_examples#16
B_blocchi,random_forest,1,71,1,0.8066666666666666,FL_examples (163),FL_examples#16
B_blocchi,random_forest,1,72,1,0.87,FL_examples (164),FL_examples#16
B_blocchi,random_forest,1,73,1,0.89,FL_examples (165),FL_examples#16
B_blocchi,random_forest,1,74,1,0.9,FL_examples (166),FL_examples#16
B_blocchi,random_forest,1,75,1,0.9033333333333333,FL_examples (167),FL_examples#16
B_blocchi,random_forest,1,76,1,0.98,FL_examples (168),FL_examples#16
B_blocchi,random_forest,1,77,1,0.9266666666666666,FL_examples (169),FL_examples#16
B_blocchi,random_forest,1,79,1,0.9266666666666666,FL_examples (170),FL_examples#16
B_blocchi,random_forest,1,114,1,0.96,FL_examples (201),FL_examples#20
B_blocchi,random_forest,1,115,1,0.68,FL_examples (202),FL_examples#20
B_blocchi,random_forest,1,116,1,0.8,FL_examples (203),FL_examples#20
B_blocchi,random_forest,1,117,1,0.39666666666666667,FL_examples (204),FL_examples#20
B_blocchi,random_forest,1,118,1,0.49,FL_examples (205),FL_examples#20
B_blocchi,random_forest,1,119,1,0.3,FL_examples (206),FL_examples#20
B_blocchi,random_forest,1,120,1,0.31333333333333335,FL_examples (207),FL_examples#20
B_blocchi,random_forest,1,121,1,0.7466666666666667,FL_examples (208),FL_examples#20
B_blocchi,random_forest,1,122,1,0.51,FL_examples (209),FL_examples#20
B_blocchi,random_forest,1,124,1,0.4766666666666667,FL_examples (210),FL_examples#20
B_blocchi,random_forest,1,169,1,0.9166666666666666,FL_examples (251),FL_examples#25
B_blocchi,random_forest,1,170,1,0.8666666666666667,FL_examples (252),FL_examples#25
B_blocchi,random_forest,1,171,1,0.84,FL_examples (253),FL_examples#25
B_blocchi,random_forest,1,172,1,0.88,FL_examples (254),FL_examples#25
B_blocchi,random_forest,1,173,1,0.5233333333333333,FL_examples (255),FL_examples#25
B_blocchi,random_forest,1,174,1,0.6333333333333333,FL_examples (256),FL_examples#25
B_blocchi,random_forest,1,175,1,0.8733333333333333,FL_examples (257),FL_examples#25
B_blocchi,random_forest,1,176,1,0.89,FL_examples (258),FL_examples#25
B_blocchi,random_forest,1,177,1,0.84,FL_examples (259),FL_examples#25
B_blocchi,random_forest,1,179,1,0.92,FL_examples (260),FL_examples#25
B_blocchi,random_forest,1,225,1,0.75,FL_examples (31),FL_examples#3
B_blocchi,random_forest,1,226,1,0.8166666666666667,FL_examples (32),FL_examples#3
B_blocchi,random_forest,1,227,1,0.7,FL_examples (33),FL_examples#3
B_blocchi,random_forest,1,228,1,0.52,FL_examples (34),FL_examples#3
B_blocchi,random_forest,1,229,1,0.7933333333333333,FL_examples (35),FL_examples#3
B_blocchi,random_forest,1,230,1,0.93,FL_examples (36),FL_examples#3
B_blocchi,random_forest,1,231,1,0.87,FL_examples (37),FL_examples#3
B_blocchi,random_forest,1,232,1,0.7866666666666666,FL_examples (38),FL_examples#3
B_blocchi,random_forest,1,233,1,0.6466666666666666,FL_examples (39),FL_examples#3
B_blocchi,random_forest,1,235,1,0.8766666666666667,FL_examples (40),FL_examples#3
B_blocchi,random_forest,1,280,1,0.76,FL_examples (81),FL_examples#8
B_blocchi,random_forest,1,281,1,0.94,FL_examples (82),FL_examples#8
B_blocchi,random_forest,1,282,1,0.8166666666666667,FL_examples (83),FL_examples#8
B_blocchi,random_forest,1,283,1,0.85,FL_examples (84),FL_examples#8
B_blocchi,random_forest,1,284,1,0.9,FL_examples (85),FL_examples#8
B_blocchi,random_forest,1,285,1,0.89,FL_examples (86),FL_examples#8
B_blocchi,random_forest,1,286,1,0.83,FL_examples (87),FL_examples#8
B_blocchi,random_forest,1,287,1,0.8833333333333333,FL_examples (88),FL_examples#8
B_blocchi,random_forest,1,288,1,0.8766666666666667,FL_examples (89),FL_examples#8
B_blocchi,random_forest,1,290,1,0.94,FL_examples (90),FL_examples#8
B_blocchi,random_forest,1,314,0,0.33666666666666667,REACTIVE_examples (111),REACTIVE_examples#11
B_blocchi,random_forest,1,315,0,0.13666666666666666,REACTIVE_examples (112),REACTIVE_examples#11
B_blocchi,random_forest,1,316,0,0.20666666666666667,REACTIVE_examples (113),REACTIVE_examples#11
B_blocchi,random_forest,1,317,0,0.11666666666666667,REACTIVE_examples (114),REACTIVE_examples#11
B_blocchi,random_forest,1,318,0,0.17666666666666667,REACTIVE_examples (115),REACTIVE_examples#11
B_blocchi,random_forest,1,319,0,0.17333333333333334,REACTIVE_examples (116),REACTIVE_examples#11
B_blocchi,random_forest,1,320,0,0.17,REACTIVE_examples (117),REACTIVE_examples#11
B_blocchi,random_forest,1,321,0,0.21666666666666667,REACTIVE_examples (118),REACTIVE_examples#11
B_blocchi,random_forest,1,322,0,0.1,REACTIVE_examples (119),REACTIVE_examples#11
B_blocchi,random_forest,1,324,0,0.07333333333333333,REACTIVE_examples (120),REACTIVE_examples#11
B_blocchi,random_forest,1,369,0,0.39666666666666667,REACTIVE_examples (161),REACTIVE_examples#16
B_blocchi,random_forest,1,370,0,0.17333333333333334,REACTIVE_examples (162),REACTIVE_examples#16
B_blocchi,random_forest,1,371,0,0.37666666666666665,REACTIVE_examples (163),REACTIVE_examples#16
B_blocchi,random_forest,1,372,0,0.68,REACTIVE_examples (164),REACTIVE_examples#16
B_blocchi,random_forest,1,373,0,0.23333333333333334,REACTIVE_examples (165),REACTIVE_examples#16
B_blocchi,random_forest,1,374,0,0.11666666666666667,REACTIVE_examples (166),REACTIVE_examples#16
B_blocchi,random_forest,1,375,0,0.5066666666666667,REACTIVE_examples (167),REACTIVE_examples#16
B_blocchi,random_forest,1,376,0,0.24,REACTIVE_examples (168),REACTIVE_examples#16
B_blocchi,random_forest,1,377,0,0.18666666666666668,REACTIVE_examples (169),REACTIVE_examples#16
B_blocchi,random_forest,1,379,0,0.37666666666666665,REACTIVE_examples (170),REACTIVE_examples#16
B_blocchi,random_forest,1,414,0,0.67,REACTIVE_examples (201),REACTIVE_examples#20
B_blocchi,random_forest,1,415,0,0.61,REACTIVE_examples (202),REACTIVE_examples#20
B_blocchi,random_forest,1,416,0,0.24,REACTIVE_examples (203),REACTIVE_examples#20
B_blocchi,random_forest,1,417,0,0.49666666666666665,REACTIVE_examples (204),REACTIVE_examples#20
B_blocchi,random_forest,1,418,0,0.16,REACTIVE_examples (205),REACTIVE_examples#20
B_blocchi,random_forest,1,419,0,0.5233333333333333,REACTIVE_examples (206),REACTIVE_examples#20
B_blocchi,random_forest,1,420,0,0.22333333333333333,REACTIVE_examples (207),REACTIVE_examples#20
B_blocchi,random_forest,1,421,0,0.02,REACTIVE_examples (208),REACTIVE_examples#20
B_blocchi,random_forest,1,422,0,0.09,REACTIVE_examples (209),REACTIVE_examples#20
B_blocchi,random_forest,1,424,0,0.05,REACTIVE_examples (210),REACTIVE_examples#20
B_blocchi,random_forest,1,469,0,0.05333333333333334,REACTIVE_examples (251),REACTIVE_examples#25
B_blocchi,random_forest,1,470,0,0.20333333333333334,REACTIVE_examples (252),REACTIVE_examples#25
B_blocchi,random_forest,1,471,0,0.31,REACTIVE_examples (253),REACTIVE_examples#25
B_blocchi,random_forest,1,472,0,0.05333333333333334,REACTIVE_examples (254),REACTIVE_examples#25
B_blocchi,random_forest,1,473,0,0.056666666666666664,REACTIVE_examples (255),REACTIVE_examples#25
B_blocchi,random_forest,1,474,0,0.14333333333333334,REACTIVE_examples (256),REACTIVE_examples#25
B_blocchi,random_forest,1,475,0,0.6133333333333333,REACTIVE_examples (257),REACTIVE_examples#25
B_blocchi,random_forest,1,476,0,0.49666666666666665,REACTIVE_examples (258),REACTIVE_examples#25
B_blocchi,random_forest,1,477,0,0.51,REACTIVE_examples (259),REACTIVE_examples#25
B_blocchi,random_forest,1,479,0,0.07333333333333333,REACTIVE_examples (260),REACTIVE_examples#25
B_blocchi,random_forest,1,525,0,0.20666666666666667,REACTIVE_examples (31),REACTIVE_examples#3
B_blocchi,random_forest,1,526,0,0.35333333333333333,REACTIVE_examples (32),REACTIVE_examples#3
B_blocchi,random_forest,1,527,0,0.06333333333333334,REACTIVE_examples (33),REACTIVE_examples#3
B_blocchi,random_forest,1,528,0,0.25,REACTIVE_examples (34),REACTIVE_examples#3
B_blocchi,random_forest,1,529,0,0.18,REACTIVE_examples (35),REACTIVE_examples#3
B_blocchi,random_forest,1,530,0,0.29,REACTIVE_examples (36),REACTIVE_examples#3
B_blocchi,random_forest,1,531,0,0.41333333333333333,REACTIVE_examples (37),REACTIVE_examples#3
B_blocchi,random_forest,1,532,0,0.5166666666666667,REACTIVE_examples (38),REACTIVE_examples#3
B_blocchi,random_forest,1,533,0,0.35,REACTIVE_examples (39),REACTIVE_examples#3
B_blocchi,random_forest,1,535,0,0.2833333333333333,REACTIVE_examples (40),REACTIVE_examples#3
B_blocchi,random_forest,1,580,0,0.07333333333333333,REACTIVE_examples (81),REACTIVE_examples#8
B_blocchi,random_forest,1,581,0,0.09333333333333334,REACTIVE_examples (82),REACTIVE_examples#8
B_blocchi,random_forest,1,582,0,0.14666666666666667,REACTIVE_examples (83),REACTIVE_examples#8
B_blocchi,random_forest,1,583,0,0.33666666666666667,REACTIVE_examples (84),REACTIVE_examples#8
B_blocchi,random_forest,1,584,0,0.14,REACTIVE_examples (85),REACTIVE_examples#8
B_blocchi,random_forest,1,585,0,0.14333333333333334,REACTIVE_examples (86),REACTIVE_examples#8
B_blocchi,random_forest,1,586,0,0.36,REACTIVE_examples (87),REACTIVE_examples#8
B_blocchi,random_forest,1,587,0,0.09333333333333334,REACTIVE_examples (88),REACTIVE_examples#8
B_blocchi,random_forest,1,588,0,0.16333333333333333,REACTIVE_examples (89),REACTIVE_examples#8
B_blocchi,random_forest,1,590,0,0.18666666666666668,REACTIVE_examples (90),REACTIVE_examples#8
B_blocchi,xgboost,1,14,1,0.9687226414680481,FL_examples (111),FL_examples#11
B_blocchi,xgboost,1,15,1,0.9873867630958557,FL_examples (112),FL_examples#11
B_blocchi,xgboost,1,16,1,0.9916505217552185,FL_examples (113),FL_examples#11
B_blocchi,xgboost,1,17,1,0.9941303133964539,FL_examples (114),FL_examples#11
B_blocchi,xgboost,1,18,1,0.9729833602905273,FL_examples (115),FL_examples#11
B_blocchi,xgboost,1,19,1,0.9605781435966492,FL_examples (116),FL_examples#11
B_blocchi,xgboost,1,20,1,0.9614957571029663,FL_examples (117),FL_examples#11
B_blocchi,xgboost,1,21,1,0.9796872138977051,FL_examples (118),FL_examples#11
B_blocchi,xgboost,1,22,1,0.9871222376823425,FL_examples (119),FL_examples#11
B_blocchi,xgboost,1,24,1,0.9974180459976196,FL_examples (120),FL_examples#11
B_blocchi,xgboost,1,69,1,0.995227575302124,FL_examples (161),FL_examples#16
B_blocchi,xgboost,1,70,1,0.9897744655609131,FL_examples (162),FL_examples#16
B_blocchi,xgboost,1,71,1,0.9313191771507263,FL_examples (163),FL_examples#16
B_blocchi,xgboost,1,72,1,0.9767290353775024,FL_examples (164),FL_examples#16
B_blocchi,xgboost,1,73,1,0.971950888633728,FL_examples (165),FL_examples#16
B_blocchi,xgboost,1,74,1,0.9781685471534729,FL_examples (166),FL_examples#16
B_blocchi,xgboost,1,75,1,0.9901856184005737,FL_examples (167),FL_examples#16
B_blocchi,xgboost,1,76,1,0.9861053824424744,FL_examples (168),FL_examples#16
B_blocchi,xgboost,1,77,1,0.9358350038528442,FL_examples (169),FL_examples#16
B_blocchi,xgboost,1,79,1,0.9920353293418884,FL_examples (170),FL_examples#16
B_blocchi,xgboost,1,114,1,0.9981020092964172,FL_examples (201),FL_examples#20
B_blocchi,xgboost,1,115,1,0.9592427015304565,FL_examples (202),FL_examples#20
B_blocchi,xgboost,1,116,1,0.9975622892379761,FL_examples (203),FL_examples#20
B_blocchi,xgboost,1,117,1,0.6411290168762207,FL_examples (204),FL_examples#20
B_blocchi,xgboost,1,118,1,0.7684362530708313,FL_examples (205),FL_examples#20
B_blocchi,xgboost,1,119,1,0.1895270049571991,FL_examples (206),FL_examples#20
B_blocchi,xgboost,1,120,1,0.10498952120542526,FL_examples (207),FL_examples#20
B_blocchi,xgboost,1,121,1,0.9761422276496887,FL_examples (208),FL_examples#20
B_blocchi,xgboost,1,122,1,0.593765139579773,FL_examples (209),FL_examples#20
B_blocchi,xgboost,1,124,1,0.4366467297077179,FL_examples (210),FL_examples#20
B_blocchi,xgboost,1,169,1,0.9993175268173218,FL_examples (251),FL_examples#25
B_blocchi,xgboost,1,170,1,0.9954160451889038,FL_examples (252),FL_examples#25
B_blocchi,xgboost,1,171,1,0.9957477450370789,FL_examples (253),FL_examples#25
B_blocchi,xgboost,1,172,1,0.9973064661026001,FL_examples (254),FL_examples#25
B_blocchi,xgboost,1,173,1,0.9297930598258972,FL_examples (255),FL_examples#25
B_blocchi,xgboost,1,174,1,0.9282182455062866,FL_examples (256),FL_examples#25
B_blocchi,xgboost,1,175,1,0.9973732233047485,FL_examples (257),FL_examples#25
B_blocchi,xgboost,1,176,1,0.9965919256210327,FL_examples (258),FL_examples#25
B_blocchi,xgboost,1,177,1,0.988734781742096,FL_examples (259),FL_examples#25
B_blocchi,xgboost,1,179,1,0.9869677424430847,FL_examples (260),FL_examples#25
B_blocchi,xgboost,1,225,1,0.9876198768615723,FL_examples (31),FL_examples#3
B_blocchi,xgboost,1,226,1,0.9948492646217346,FL_examples (32),FL_examples#3
B_blocchi,xgboost,1,227,1,0.9579540491104126,FL_examples (33),FL_examples#3
B_blocchi,xgboost,1,228,1,0.22487564384937286,FL_examples (34),FL_examples#3
B_blocchi,xgboost,1,229,1,0.9793483018875122,FL_examples (35),FL_examples#3
B_blocchi,xgboost,1,230,1,0.9996849298477173,FL_examples (36),FL_examples#3
B_blocchi,xgboost,1,231,1,0.9969539642333984,FL_examples (37),FL_examples#3
B_blocchi,xgboost,1,232,1,0.9401601552963257,FL_examples (38),FL_examples#3
B_blocchi,xgboost,1,233,1,0.800457239151001,FL_examples (39),FL_examples#3
B_blocchi,xgboost,1,235,1,0.993429958820343,FL_examples (40),FL_examples#3
B_blocchi,xgboost,1,280,1,0.964364230632782,FL_examples (81),FL_examples#8
B_blocchi,xgboost,1,281,1,0.9931694269180298,FL_examples (82),FL_examples#8
B_blocchi,xgboost,1,282,1,0.9923736453056335,FL_examples (83),FL_examples#8
B_blocchi,xgboost,1,283,1,0.9804657697677612,FL_examples (84),FL_examples#8
B_blocchi,xgboost,1,284,1,0.9604106545448303,FL_examples (85),FL_examples#8
B_blocchi,xgboost,1,285,1,0.9870976805686951,FL_examples (86),FL_examples#8
B_blocchi,xgboost,1,286,1,0.9088920950889587,FL_examples (87),FL_examples#8
B_blocchi,xgboost,1,287,1,0.9640331864356995,FL_examples (88),FL_examples#8
B_blocchi,xgboost,1,288,1,0.8513208031654358,FL_examples (89),FL_examples#8
B_blocchi,xgboost,1,290,1,0.9275170564651489,FL_examples (90),FL_examples#8
B_blocchi,xgboost,1,314,0,0.03569719195365906,REACTIVE_examples (111),REACTIVE_examples#11
B_blocchi,xgboost,1,315,0,0.028140662238001823,REACTIVE_examples (112),REACTIVE_examples#11
B_blocchi,xgboost,1,316,0,0.05413496494293213,REACTIVE_examples (113),REACTIVE_examples#11
B_blocchi,xgboost,1,317,0,0.015515618026256561,REACTIVE_examples (114),REACTIVE_examples#11
B_blocchi,xgboost,1,318,0,0.05594192445278168,REACTIVE_examples (115),REACTIVE_examples#11
B_blocchi,xgboost,1,319,0,0.13628558814525604,REACTIVE_examples (116),REACTIVE_examples#11
B_blocchi,xgboost,1,320,0,0.04974270984530449,REACTIVE_examples (117),REACTIVE_examples#11
B_blocchi,xgboost,1,321,0,0.024067040532827377,REACTIVE_examples (118),REACTIVE_examples#11
B_blocchi,xgboost,1,322,0,0.0601840503513813,REACTIVE_examples (119),REACTIVE_examples#11
B_blocchi,xgboost,1,324,0,0.0034151021391153336,REACTIVE_examples (120),REACTIVE_examples#11
B_blocchi,xgboost,1,369,0,0.30166518688201904,REACTIVE_examples (161),REACTIVE_examples#16
B_blocchi,xgboost,1,370,0,0.023132558912038803,REACTIVE_examples (162),REACTIVE_examples#16
B_blocchi,xgboost,1,371,0,0.15021918714046478,REACTIVE_examples (163),REACTIVE_examples#16
B_blocchi,xgboost,1,372,0,0.8424810171127319,REACTIVE_examples (164),REACTIVE_examples#16
B_blocchi,xgboost,1,373,0,0.10953614860773087,REACTIVE_examples (165),REACTIVE_examples#16
B_blocchi,xgboost,1,374,0,0.11469313502311707,REACTIVE_examples (166),REACTIVE_examples#16
B_blocchi,xgboost,1,375,0,0.6771464943885803,REACTIVE_examples (167),REACTIVE_examples#16
B_blocchi,xgboost,1,376,0,0.04514648765325546,REACTIVE_examples (168),REACTIVE_examples#16
B_blocchi,xgboost,1,377,0,0.05525725707411766,REACTIVE_examples (169),REACTIVE_examples#16
B_blocchi,xgboost,1,379,0,0.0643429309129715,REACTIVE_examples (170),REACTIVE_examples#16
B_blocchi,xgboost,1,414,0,0.8694111108779907,REACTIVE_examples (201),REACTIVE_examples#20
B_blocchi,xgboost,1,415,0,0.8673688769340515,REACTIVE_examples (202),REACTIVE_examples#20
B_blocchi,xgboost,1,416,0,0.11719827353954315,REACTIVE_examples (203),REACTIVE_examples#20
B_blocchi,xgboost,1,417,0,0.39801880717277527,REACTIVE_examples (204),REACTIVE_examples#20
B_blocchi,xgboost,1,418,0,0.04709271341562271,REACTIVE_examples (205),REACTIVE_examples#20
B_blocchi,xgboost,1,419,0,0.14788836240768433,REACTIVE_examples (206),REACTIVE_examples#20
B_blocchi,xgboost,1,420,0,0.07440339028835297,REACTIVE_examples (207),REACTIVE_examples#20
B_blocchi,xgboost,1,421,0,0.0027974278200417757,REACTIVE_examples (208),REACTIVE_examples#20
B_blocchi,xgboost,1,422,0,0.002191690029576421,REACTIVE_examples (209),REACTIVE_examples#20
B_blocchi,xgboost,1,424,0,0.0049379123374819756,REACTIVE_examples (210),REACTIVE_examples#20
B_blocchi,xgboost,1,469,0,0.011016620323061943,REACTIVE_examples (251),REACTIVE_examples#25
B_blocchi,xgboost,1,470,0,0.035188402980566025,REACTIVE_examples (252),REACTIVE_examples#25
B_blocchi,xgboost,1,471,0,0.04357072338461876,REACTIVE_examples (253),REACTIVE_examples#25
B_blocchi,xgboost,1,472,0,0.015000354498624802,REACTIVE_examples (254),REACTIVE_examples#25
B_blocchi,xgboost,1,473,0,0.013007340021431446,REACTIVE_examples (255),REACTIVE_examples#25
B_blocchi,xgboost,1,474,0,0.027146875858306885,REACTIVE_examples (256),REACTIVE_examples#25
B_blocchi,xgboost,1,475,0,0.7829256653785706,REACTIVE_examples (257),REACTIVE_examples#25
B_blocchi,xgboost,1,476,0,0.4631776809692383,REACTIVE_examples (258),REACTIVE_examples#25
B_blocchi,xgboost,1,477,0,0.5320770144462585,REACTIVE_examples (259),REACTIVE_examples#25
B_blocchi,xgboost,1,479,0,0.02509552799165249,REACTIVE_examples (260),REACTIVE_examples#25
B_blocchi,xgboost,1,525,0,0.08670955896377563,REACTIVE_examples (31),REACTIVE_examples#3
B_blocchi,xgboost,1,526,0,0.0139933992177248,REACTIVE_examples (32),REACTIVE_examples#3
B_blocchi,xgboost,1,527,0,0.010765147395431995,REACTIVE_examples (33),REACTIVE_examples#3
B_blocchi,xgboost,1,528,0,0.022283686324954033,REACTIVE_examples (34),REACTIVE_examples#3
B_blocchi,xgboost,1,529,0,0.06775800883769989,REACTIVE_examples (35),REACTIVE_examples#3
B_blocchi,xgboost,1,530,0,0.031742990016937256,REACTIVE_examples (36),REACTIVE_examples#3
B_blocchi,xgboost,1,531,0,0.08863730728626251,REACTIVE_examples (37),REACTIVE_examples#3
B_blocchi,xgboost,1,532,0,0.23120573163032532,REACTIVE_examples (38),REACTIVE_examples#3
B_blocchi,xgboost,1,533,0,0.4518890082836151,REACTIVE_examples (39),REACTIVE_examples#3
B_blocchi,xgboost,1,535,0,0.0835372805595398,REACTIVE_examples (40),REACTIVE_examples#3
B_blocchi,xgboost,1,580,0,0.007693437393754721,REACTIVE_examples (81),REACTIVE_examples#8
B_blocchi,xgboost,1,581,0,0.01718009077012539,REACTIVE_examples (82),REACTIVE_examples#8
B_blocchi,xgboost,1,582,0,0.004806056153029203,REACTIVE_examples (83),REACTIVE_examples#8
B_blocchi,xgboost,1,583,0,0.07945915311574936,REACTIVE_examples (84),REACTIVE_examples#8
B_blocchi,xgboost,1,584,0,0.007328652776777744,REACTIVE_examples (85),REACTIVE_examples#8
B_blocchi,xgboost,1,585,0,0.016893232241272926,REACTIVE_examples (86),REACTIVE_examples#8
B_blocchi,xgboost,1,586,0,0.6099278330802917,REACTIVE_examples (87),REACTIVE_examples#8
B_blocchi,xgboost,1,587,0,0.005243037827312946,REACTIVE_examples (88),REACTIVE_examples#8
B_blocchi,xgboost,1,588,0,0.04831259697675705,REACTIVE_examples (89),REACTIVE_examples#8
B_blocchi,xgboost,1,590,0,0.0835675448179245,REACTIVE_examples (90),REACTIVE_examples#8
B_blocchi,logistic_regression,2,3,1,0.9866081273674335,FL_examples (101),FL_examples#10
B_blocchi,logistic_regression,2,4,1,0.9986075688380531,FL_examples (102),FL_examples#10
B_blocchi,logistic_regression,2,5,1,0.9931679378070817,FL_examples (103),FL_examples#10
B_blocchi,logistic_regression,2,6,1,0.998105356001771,FL_examples (104),FL_examples#10
B_blocchi,logistic_regression,2,7,1,0.9756308113339297,FL_examples (105),FL_examples#10
B_blocchi,logistic_regression,2,8,1,0.9836537439756481,FL_examples (106),FL_examples#10
B_blocchi,logistic_regression,2,9,1,0.9964057947150419,FL_examples (107),FL_examples#10
B_blocchi,logistic_regression,2,10,1,0.9672317497912092,FL_examples (108),FL_examples#10
B_blocchi,logistic_regression,2,11,1,0.976315795417417,FL_examples (109),FL_examples#10
B_blocchi,logistic_regression,2,13,1,0.9770793674276451,FL_examples (110),FL_examples#10
B_blocchi,logistic_regression,2,58,1,0.4873728440723021,FL_examples (151),FL_examples#15
B_blocchi,logistic_regression,2,59,1,0.8434343722741475,FL_examples (152),FL_examples#15
B_blocchi,logistic_regression,2,60,1,0.8874008223578151,FL_examples (153),FL_examples#15
B_blocchi,logistic_regression,2,61,1,0.9779120196248223,FL_examples (154),FL_examples#15
B_blocchi,logistic_regression,2,62,1,0.8834836926053001,FL_examples (155),FL_examples#15
B_blocchi,logistic_regression,2,63,1,0.9162353865278968,FL_examples (156),FL_examples#15
B_blocchi,logistic_regression,2,64,1,0.5729613019057529,FL_examples (157),FL_examples#15
B_blocchi,logistic_regression,2,65,1,0.8734277980236332,FL_examples (158),FL_examples#15
B_blocchi,logistic_regression,2,66,1,0.7011437829421976,FL_examples (159),FL_examples#15
B_blocchi,logistic_regression,2,68,1,0.8738084821036814,FL_examples (160),FL_examples#15
B_blocchi,logistic_regression,2,123,1,0.5821172401346005,FL_examples (21),FL_examples#2
B_blocchi,logistic_regression,2,134,1,0.7697500725497739,FL_examples (22),FL_examples#2
B_blocchi,logistic_regression,2,145,1,0.5132402681406192,FL_examples (23),FL_examples#2
B_blocchi,logistic_regression,2,156,1,0.6684195983041226,FL_examples (24),FL_examples#2
B_blocchi,logistic_regression,2,158,1,0.9293173799744933,FL_examples (241),FL_examples#24
B_blocchi,logistic_regression,2,159,1,0.7590901996796444,FL_examples (242),FL_examples#24
B_blocchi,logistic_regression,2,160,1,0.8098075702107306,FL_examples (243),FL_examples#24
B_blocchi,logistic_regression,2,161,1,0.8868821133027672,FL_examples (244),FL_examples#24
B_blocchi,logistic_regression,2,162,1,0.7448794911884494,FL_examples (245),FL_examples#24
B_blocchi,logistic_regression,2,163,1,0.7863342989010195,FL_examples (246),FL_examples#24
B_blocchi,logistic_regression,2,164,1,0.81415366548964,FL_examples (247),FL_examples#24
B_blocchi,logistic_regression,2,165,1,0.9977753362892877,FL_examples (248),FL_examples#24
B_blocchi,logistic_regression,2,166,1,0.9989221495264036,FL_examples (249),FL_examples#24
B_blocchi,logistic_regression,2,167,1,0.7822982181111835,FL_examples (25),FL_examples#2
B_blocchi,logistic_regression,2,168,1,0.9925161412821316,FL_examples (250),FL_examples#24
B_blocchi,logistic_regression,2,178,1,0.7967114036533915,FL_examples (26),FL_examples#2
B_blocchi,logistic_regression,2,189,1,0.8073375015084698,FL_examples (27),FL_examples#2
B_blocchi,logistic_regression,2,200,1,0.8177170618817271,FL_examples (28),FL_examples#2
B_blocchi,logistic_regression,2,211,1,0.9524661453096996,FL_examples (29),FL_examples#2
B_blocchi,logistic_regression,2,213,1,0.14495053581281112,FL_examples (291),FL_examples#29
B_blocchi,logistic_regression,2,214,1,0.2927051790289342,FL_examples (292),FL_examples#29
B_blocchi,logistic_regression,2,215,1,0.41279374109530614,FL_examples (293),FL_examples#29
B_blocchi,logistic_regression,2,216,1,0.1805617816983072,FL_examples (294),FL_examples#29
B_blocchi,logistic_regression,2,217,1,0.07898609430060603,FL_examples (295),FL_examples#29
B_blocchi,logistic_regression,2,218,1,0.3476708522807294,FL_examples (296),FL_examples#29
B_blocchi,logistic_regression,2,219,1,0.18523728345480345,FL_examples (297),FL_examples#29
B_blocchi,logistic_regression,2,220,1,0.4823681875731823,FL_examples (298),FL_examples#29
B_blocchi,logistic_regression,2,221,1,0.2644273656215855,FL_examples (299),FL_examples#29
B_blocchi,logistic_regression,2,223,1,0.628245325219877,FL_examples (30),FL_examples#2
B_blocchi,logistic_regression,2,224,1,0.47694377080277034,FL_examples (300),FL_examples#29
B_blocchi,logistic_regression,2,269,1,0.9869980770301475,FL_examples (71),FL_examples#7
B_blocchi,logistic_regression,2,270,1,0.9842760574939969,FL_examples (72),FL_examples#7
B_blocchi,logistic_regression,2,271,1,0.9929597004287668,FL_examples (73),FL_examples#7
B_blocchi,logistic_regression,2,272,1,0.9805938740910373,FL_examples (74),FL_examples#7
B_blocchi,logistic_regression,2,273,1,0.9946481993534173,FL_examples (75),FL_examples#7
B_blocchi,logistic_regression,2,274,1,0.9818994844960055,FL_examples (76),FL_examples#7
B_blocchi,logistic_regression,2,275,1,0.9978916877790727,FL_examples (77),FL_examples#7
B_blocchi,logistic_regression,2,276,1,0.9751404358197192,FL_examples (78),FL_examples#7
B_blocchi,logistic_regression,2,277,1,0.9866906463427483,FL_examples (79),FL_examples#7
B_blocchi,logistic_regression,2,279,1,0.9761789746847143,FL_examples (80),FL_examples#7
B_blocchi,logistic_regression,2,303,0,0.6554703412873317,REACTIVE_examples (101),REACTIVE_examples#10
B_blocchi,logistic_regression,2,304,0,0.06184840557651416,REACTIVE_examples (102),REACTIVE_examples#10
B_blocchi,logistic_regression,2,305,0,0.005181033116044895,REACTIVE_examples (103),REACTIVE_examples#10
B_blocchi,logistic_regression,2,306,0,0.18641350719847116,REACTIVE_examples (104),REACTIVE_examples#10
B_blocchi,logistic_regression,2,307,0,0.22174587767963289,REACTIVE_examples (105),REACTIVE_examples#10
B_blocchi,logistic_regression,2,308,0,0.20123239894502018,REACTIVE_examples (106),REACTIVE_examples#10
B_blocchi,logistic_regression,2,309,0,0.6160875389879628,REACTIVE_examples (107),REACTIVE_examples#10
B_blocchi,logistic_regression,2,310,0,0.2310282986904142,REACTIVE_examples (108),REACTIVE_examples#10
B_blocchi,logistic_regression,2,311,0,0.23724661731538624,REACTIVE_examples (109),REACTIVE_examples#10
B_blocchi,logistic_regression,2,313,0,0.38741174380279464,REACTIVE_examples (110),REACTIVE_examples#10
B_blocchi,logistic_regression,2,358,0,0.12415481756584335,REACTIVE_examples (151),REACTIVE_examples#15
B_blocchi,logistic_regression,2,359,0,0.013968375808335938,REACTIVE_examples (152),REACTIVE_examples#15
B_blocchi,logistic_regression,2,360,0,0.009229284997834484,REACTIVE_examples (153),REACTIVE_examples#15
B_blocchi,logistic_regression,2,361,0,0.03087117275080905,REACTIVE_examples (154),REACTIVE_examples#15
B_blocchi,logistic_regression,2,362,0,0.09319761547622978,REACTIVE_examples (155),REACTIVE_examples#15
B_blocchi,logistic_regression,2,363,0,0.0022362126509202548,REACTIVE_examples (156),REACTIVE_examples#15
B_blocchi,logistic_regression,2,364,0,0.050364528405259984,REACTIVE_examples (157),REACTIVE_examples#15
B_blocchi,logistic_regression,2,365,0,0.07186437923234085,REACTIVE_examples (158),REACTIVE_examples#15
B_blocchi,logistic_regression,2,366,0,0.01690700498825591,REACTIVE_examples (159),REACTIVE_examples#15
B_blocchi,logistic_regression,2,368,0,0.032185729939812856,REACTIVE_examples (160),REACTIVE_examples#15
B_blocchi,logistic_regression,2,423,0,0.09875847123087476,REACTIVE_examples (21),REACTIVE_examples#2
B_blocchi,logistic_regression,2,434,0,0.0944623255794881,REACTIVE_examples (22),REACTIVE_examples#2
B_blocchi,logistic_regression,2,445,0,0.12530498798556813,REACTIVE_examples (23),REACTIVE_examples#2
B_blocchi,logistic_regression,2,456,0,0.06108120663310768,REACTIVE_examples (24),REACTIVE_examples#2
B_blocchi,logistic_regression,2,458,0,0.1305078953288257,REACTIVE_examples (241),REACTIVE_examples#24
B_blocchi,logistic_regression,2,459,0,0.047939562842747294,REACTIVE_examples (242),REACTIVE_examples#24
B_blocchi,logistic_regression,2,460,0,0.06537281911004518,REACTIVE_examples (243),REACTIVE_examples#24
B_blocchi,logistic_regression,2,461,0,0.05069427108537717,REACTIVE_examples (244),REACTIVE_examples#24
B_blocchi,logistic_regression,2,462,0,0.10970979254334493,REACTIVE_examples (245),REACTIVE_examples#24
B_blocchi,logistic_regression,2,463,0,0.15657004902763136,REACTIVE_examples (246),REACTIVE_examples#24
B_blocchi,logistic_regression,2,464,0,0.1332534957182211,REACTIVE_examples (247),REACTIVE_examples#24
B_blocchi,logistic_regression,2,465,0,0.11605915975700865,REACTIVE_examples (248),REACTIVE_examples#24
B_blocchi,logistic_regression,2,466,0,0.08464843946643416,REACTIVE_examples (249),REACTIVE_examples#24
B_blocchi,logistic_regression,2,467,0,0.025324419114776772,REACTIVE_examples (25),REACTIVE_examples#2
B_blocchi,logistic_regression,2,468,0,0.2836229891009815,REACTIVE_examples (250),REACTIVE_examples#24
B_blocchi,logistic_regression,2,478,0,0.08376420967124033,REACTIVE_examples (26),REACTIVE_examples#2
B_blocchi,logistic_regression,2,489,0,0.01304379928688621,REACTIVE_examples (27),REACTIVE_examples#2
B_blocchi,logistic_regression,2,500,0,0.01620770266420223,REACTIVE_examples (28),REACTIVE_examples#2
B_blocchi,logistic_regression,2,511,0,0.04629504512296413,REACTIVE_examples (29),REACTIVE_examples#2
B_blocchi,logistic_regression,2,513,0,0.032541799577985,REACTIVE_examples (291),REACTIVE_examples#29
B_blocchi,logistic_regression,2,514,0,0.020890679689613986,REACTIVE_examples (292),REACTIVE_examples#29
B_blocchi,logistic_regression,2,515,0,0.04388379404392452,REACTIVE_examples (293),REACTIVE_examples#29
B_blocchi,logistic_regression,2,516,0,0.05965691204794234,REACTIVE_examples (294),REACTIVE_examples#29
B_blocchi,logistic_regression,2,517,0,0.16177292983675526,REACTIVE_examples (295),REACTIVE_examples#29
B_blocchi,logistic_regression,2,518,0,0.18164422648431638,REACTIVE_examples (296),REACTIVE_examples#29
B_blocchi,logistic_regression,2,519,0,0.13498484485484066,REACTIVE_examples (297),REACTIVE_examples#29
B_blocchi,logistic_regression,2,520,0,0.07661138426205773,REACTIVE_examples (298),REACTIVE_examples#29
B_blocchi,logistic_regression,2,521,0,0.006298444234570769,REACTIVE_examples (299),REACTIVE_examples#29
B_blocchi,logistic_regression,2,523,0,0.1216308619086751,REACTIVE_examples (30),REACTIVE_examples#2
B_blocchi,logistic_regression,2,524,0,0.036175914175225664,REACTIVE_examples (300),REACTIVE_examples#29
B_blocchi,logistic_regression,2,569,0,0.3297118449894259,REACTIVE_examples (71),REACTIVE_examples#7
B_blocchi,logistic_regression,2,570,0,0.5402731412459454,REACTIVE_examples (72),REACTIVE_examples#7
B_blocchi,logistic_regression,2,571,0,0.735496983538787,REACTIVE_examples (73),REACTIVE_examples#7
B_blocchi,logistic_regression,2,572,0,0.5604101164036169,REACTIVE_examples (74),REACTIVE_examples#7
B_blocchi,logistic_regression,2,573,0,0.5135014057006968,REACTIVE_examples (75),REACTIVE_examples#7
B_blocchi,logistic_regression,2,574,0,0.4910928068993451,REACTIVE_examples (76),REACTIVE_examples#7
B_blocchi,logistic_regression,2,575,0,0.6136053722417766,REACTIVE_examples (77),REACTIVE_examples#7
B_blocchi,logistic_regression,2,576,0,0.1246213453097322,REACTIVE_examples (78),REACTIVE_examples#7
B_blocchi,logistic_regression,2,577,0,0.134841295394265,REACTIVE_examples (79),REACTIVE_examples#7
B_blocchi,logistic_regression,2,579,0,0.059511620732981683,REACTIVE_examples (80),REACTIVE_examples#7
B_blocchi,random_forest,2,3,1,0.7733333333333333,FL_examples (101),FL_examples#10
B_blocchi,random_forest,2,4,1,0.9033333333333333,FL_examples (102),FL_examples#10
B_blocchi,random_forest,2,5,1,0.9,FL_examples (103),FL_examples#10
B_blocchi,random_forest,2,6,1,0.7666666666666667,FL_examples (104),FL_examples#10
B_blocchi,random_forest,2,7,1,0.7266666666666667,FL_examples (105),FL_examples#10
B_blocchi,random_forest,2,8,1,0.94,FL_examples (106),FL_examples#10
B_blocchi,random_forest,2,9,1,0.96,FL_examples (107),FL_examples#10
B_blocchi,random_forest,2,10,1,0.88,FL_examples (108),FL_examples#10
B_blocchi,random_forest,2,11,1,0.9733333333333334,FL_examples (109),FL_examples#10
B_blocchi,random_forest,2,13,1,0.9133333333333333,FL_examples (110),FL_examples#10
B_blocchi,random_forest,2,58,1,0.8233333333333334,FL_examples (151),FL_examples#15
B_blocchi,random_forest,2,59,1,0.7766666666666666,FL_examples (152),FL_examples#15
B_blocchi,random_forest,2,60,1,0.8266666666666667,FL_examples (153),FL_examples#15
B_blocchi,random_forest,2,61,1,0.84,FL_examples (154),FL_examples#15
B_blocchi,random_forest,2,62,1,0.7733333333333333,FL_examples (155),FL_examples#15
B_blocchi,random_forest,2,63,1,0.8333333333333334,FL_examples (156),FL_examples#15
B_blocchi,random_forest,2,64,1,0.5433333333333333,FL_examples (157),FL_examples#15
B_blocchi,random_forest,2,65,1,0.8533333333333334,FL_examples (158),FL_examples#15
B_blocchi,random_forest,2,66,1,0.74,FL_examples (159),FL_examples#15
B_blocchi,random_forest,2,68,1,0.89,FL_examples (160),FL_examples#15
B_blocchi,random_forest,2,123,1,0.5266666666666666,FL_examples (21),FL_examples#2
B_blocchi,random_forest,2,134,1,0.52,FL_examples (22),FL_examples#2
B_blocchi,random_forest,2,145,1,0.44333333333333336,FL_examples (23),FL_examples#2
B_blocchi,random_forest,2,156,1,0.8333333333333334,FL_examples (24),FL_examples#2
B_blocchi,random_forest,2,158,1,0.81,FL_examples (241),FL_examples#24
B_blocchi,random_forest,2,159,1,0.6666666666666666,FL_examples (242),FL_examples#24
B_blocchi,random_forest,2,160,1,0.5566666666666666,FL_examples (243),FL_examples#24
B_blocchi,random_forest,2,161,1,0.6066666666666667,FL_examples (244),FL_examples#24
B_blocchi,random_forest,2,162,1,0.68,FL_examples (245),FL_examples#24
B_blocchi,random_forest,2,163,1,0.48,FL_examples (246),FL_examples#24
B_blocchi,random_forest,2,164,1,0.7466666666666667,FL_examples (247),FL_examples#24
B_blocchi,random_forest,2,165,1,0.9233333333333333,FL_examples (248),FL_examples#24
B_blocchi,random_forest,2,166,1,0.9033333333333333,FL_examples (249),FL_examples#24
B_blocchi,random_forest,2,167,1,0.7433333333333333,FL_examples (25),FL_examples#2
B_blocchi,random_forest,2,168,1,0.8933333333333333,FL_examples (250),FL_examples#24
B_blocchi,random_forest,2,178,1,0.7,FL_examples (26),FL_examples#2
B_blocchi,random_forest,2,189,1,0.8633333333333333,FL_examples (27),FL_examples#2
B_blocchi,random_forest,2,200,1,0.6966666666666667,FL_examples (28),FL_examples#2
B_blocchi,random_forest,2,211,1,0.76,FL_examples (29),FL_examples#2
B_blocchi,random_forest,2,213,1,0.28,FL_examples (291),FL_examples#29
B_blocchi,random_forest,2,214,1,0.68,FL_examples (292),FL_examples#29
B_blocchi,random_forest,2,215,1,0.24666666666666667,FL_examples (293),FL_examples#29
B_blocchi,random_forest,2,216,1,0.41333333333333333,FL_examples (294),FL_examples#29
B_blocchi,random_forest,2,217,1,0.28,FL_examples (295),FL_examples#29
B_blocchi,random_forest,2,218,1,0.5866666666666667,FL_examples (296),FL_examples#29
B_blocchi,random_forest,2,219,1,0.5,FL_examples (297),FL_examples#29
B_blocchi,random_forest,2,220,1,0.44333333333333336,FL_examples (298),FL_examples#29
B_blocchi,random_forest,2,221,1,0.4,FL_examples (299),FL_examples#29
B_blocchi,random_forest,2,223,1,0.79,FL_examples (30),FL_examples#2
B_blocchi,random_forest,2,224,1,0.38333333333333336,FL_examples (300),FL_examples#29
B_blocchi,random_forest,2,269,1,0.8966666666666666,FL_examples (71),FL_examples#7
B_blocchi,random_forest,2,270,1,0.93,FL_examples (72),FL_examples#7
B_blocchi,random_forest,2,271,1,0.9,FL_examples (73),FL_examples#7
B_blocchi,random_forest,2,272,1,0.99,FL_examples (74),FL_examples#7
B_blocchi,random_forest,2,273,1,0.7966666666666666,FL_examples (75),FL_examples#7
B_blocchi,random_forest,2,274,1,0.95,FL_examples (76),FL_examples#7
B_blocchi,random_forest,2,275,1,0.6333333333333333,FL_examples (77),FL_examples#7
B_blocchi,random_forest,2,276,1,0.7666666666666667,FL_examples (78),FL_examples#7
B_blocchi,random_forest,2,277,1,0.72,FL_examples (79),FL_examples#7
B_blocchi,random_forest,2,279,1,0.9,FL_examples (80),FL_examples#7
B_blocchi,random_forest,2,303,0,0.3433333333333333,REACTIVE_examples (101),REACTIVE_examples#10
B_blocchi,random_forest,2,304,0,0.22333333333333333,REACTIVE_examples (102),REACTIVE_examples#10
B_blocchi,random_forest,2,305,0,0.15666666666666668,REACTIVE_examples (103),REACTIVE_examples#10
B_blocchi,random_forest,2,306,0,0.15333333333333332,REACTIVE_examples (104),REACTIVE_examples#10
B_blocchi,random_forest,2,307,0,0.14333333333333334,REACTIVE_examples (105),REACTIVE_examples#10
B_blocchi,random_forest,2,308,0,0.08333333333333333,REACTIVE_examples (106),REACTIVE_examples#10
B_blocchi,random_forest,2,309,0,0.5166666666666667,REACTIVE_examples (107),REACTIVE_examples#10
B_blocchi,random_forest,2,310,0,0.18666666666666668,REACTIVE_examples (108),REACTIVE_examples#10
B_blocchi,random_forest,2,311,0,0.21333333333333335,REACTIVE_examples (109),REACTIVE_examples#10
B_blocchi,random_forest,2,313,0,0.43333333333333335,REACTIVE_examples (110),REACTIVE_examples#10
B_blocchi,random_forest,2,358,0,0.24,REACTIVE_examples (151),REACTIVE_examples#15
B_blocchi,random_forest,2,359,0,0.12333333333333334,REACTIVE_examples (152),REACTIVE_examples#15
B_blocchi,random_forest,2,360,0,0.06,REACTIVE_examples (153),REACTIVE_examples#15
B_blocchi,random_forest,2,361,0,0.15,REACTIVE_examples (154),REACTIVE_examples#15
B_blocchi,random_forest,2,362,0,0.4866666666666667,REACTIVE_examples (155),REACTIVE_examples#15
B_blocchi,random_forest,2,363,0,0.07333333333333333,REACTIVE_examples (156),REACTIVE_examples#15
B_blocchi,random_forest,2,364,0,0.31666666666666665,REACTIVE_examples (157),REACTIVE_examples#15
B_blocchi,random_forest,2,365,0,0.29,REACTIVE_examples (158),REACTIVE_examples#15
B_blocchi,random_forest,2,366,0,0.2,REACTIVE_examples (159),REACTIVE_examples#15
B_blocchi,random_forest,2,368,0,0.37666666666666665,REACTIVE_examples (160),REACTIVE_examples#15
B_blocchi,random_forest,2,423,0,0.03333333333333333,REACTIVE_examples (21),REACTIVE_examples#2
B_blocchi,random_forest,2,434,0,0.15333333333333332,REACTIVE_examples (22),REACTIVE_examples#2
B_blocchi,random_forest,2,445,0,0.21666666666666667,REACTIVE_examples (23),REACTIVE_examples#2
B_blocchi,random_forest,2,456,0,0.21333333333333335,REACTIVE_examples (24),REACTIVE_examples#2
B_blocchi,random_forest,2,458,0,0.56,REACTIVE_examples (241),REACTIVE_examples#24
B_blocchi,random_forest,2,459,0,0.17666666666666667,REACTIVE_examples (242),REACTIVE_examples#24
B_blocchi,random_forest,2,460,0,0.21666666666666667,REACTIVE_examples (243),REACTIVE_examples#24
B_blocchi,random_forest,2,461,0,0.09,REACTIVE_examples (244),REACTIVE_examples#24
B_blocchi,random_forest,2,462,0,0.02666666666666667,REACTIVE_examples (245),REACTIVE_examples#24
B_blocchi,random_forest,2,463,0,0.24333333333333335,REACTIVE_examples (246),REACTIVE_examples#24
B_blocchi,random_forest,2,464,0,0.12333333333333334,REACTIVE_examples (247),REACTIVE_examples#24
B_blocchi,random_forest,2,465,0,0.10333333333333333,REACTIVE_examples (248),REACTIVE_examples#24
B_blocchi,random_forest,2,466,0,0.11666666666666667,REACTIVE_examples (249),REACTIVE_examples#24
B_blocchi,random_forest,2,467,0,0.17,REACTIVE_examples (25),REACTIVE_examples#2
B_blocchi,random_forest,2,468,0,0.08666666666666667,REACTIVE_examples (250),REACTIVE_examples#24
B_blocchi,random_forest,2,478,0,0.15,REACTIVE_examples (26),REACTIVE_examples#2
B_blocchi,random_forest,2,489,0,0.08666666666666667,REACTIVE_examples (27),REACTIVE_examples#2
B_blocchi,random_forest,2,500,0,0.04666666666666667,REACTIVE_examples (28),REACTIVE_examples#2
B_blocchi,random_forest,2,511,0,0.2833333333333333,REACTIVE_examples (29),REACTIVE_examples#2
B_blocchi,random_forest,2,513,0,0.19,REACTIVE_examples (291),REACTIVE_examples#29
B_blocchi,random_forest,2,514,0,0.07333333333333333,REACTIVE_examples (292),REACTIVE_examples#29
B_blocchi,random_forest,2,515,0,0.23,REACTIVE_examples (293),REACTIVE_examples#29
B_blocchi,random_forest,2,516,0,0.056666666666666664,REACTIVE_examples (294),REACTIVE_examples#29
B_blocchi,random_forest,2,517,0,0.48333333333333334,REACTIVE_examples (295),REACTIVE_examples#29
B_blocchi,random_forest,2,518,0,0.5666666666666667,REACTIVE_examples (296),REACTIVE_examples#29
B_blocchi,random_forest,2,519,0,0.5466666666666666,REACTIVE_examples (297),REACTIVE_examples#29
B_blocchi,random_forest,2,520,0,0.25666666666666665,REACTIVE_examples (298),REACTIVE_examples#29
B_blocchi,random_forest,2,521,0,0.27666666666666667,REACTIVE_examples (299),REACTIVE_examples#29
B_blocchi,random_forest,2,523,0,0.45,REACTIVE_examples (30),REACTIVE_examples#2
B_blocchi,random_forest,2,524,0,0.23,REACTIVE_examples (300),REACTIVE_examples#29
B_blocchi,random_forest,2,569,0,0.24333333333333335,REACTIVE_examples (71),REACTIVE_examples#7
B_blocchi,random_forest,2,570,0,0.6666666666666666,REACTIVE_examples (72),REACTIVE_examples#7
B_blocchi,random_forest,2,571,0,0.49,REACTIVE_examples (73),REACTIVE_examples#7
B_blocchi,random_forest,2,572,0,0.5966666666666667,REACTIVE_examples (74),REACTIVE_examples#7
B_blocchi,random_forest,2,573,0,0.5633333333333334,REACTIVE_examples (75),REACTIVE_examples#7
B_blocchi,random_forest,2,574,0,0.39666666666666667,REACTIVE_examples (76),REACTIVE_examples#7
B_blocchi,random_forest,2,575,0,0.37333333333333335,REACTIVE_examples (77),REACTIVE_examples#7
B_blocchi,random_forest,2,576,0,0.11333333333333333,REACTIVE_examples (78),REACTIVE_examples#7
B_blocchi,random_forest,2,577,0,0.14,REACTIVE_examples (79),REACTIVE_examples#7
B_blocchi,random_forest,2,579,0,0.13333333333333333,REACTIVE_examples (80),REACTIVE_examples#7
B_blocchi,xgboost,2,3,1,0.9903255701065063,FL_examples (101),FL_examples#10
B_blocchi,xgboost,2,4,1,0.9915385842323303,FL_examples (102),FL_examples#10
B_blocchi,xgboost,2,5,1,0.9963980913162231,FL_examples (103),FL_examples#10
B_blocchi,xgboost,2,6,1,0.9899722337722778,FL_examples (104),FL_examples#10
B_blocchi,xgboost,2,7,1,0.989737331867218,FL_examples (105),FL_examples#10
B_blocchi,xgboost,2,8,1,0.9965764880180359,FL_examples (106),FL_examples#10
B_blocchi,xgboost,2,9,1,0.9880947470664978,FL_examples (107),FL_examples#10
B_blocchi,xgboost,2,10,1,0.9975480437278748,FL_examples (108),FL_examples#10
B_blocchi,xgboost,2,11,1,0.99909508228302,FL_examples (109),FL_examples#10
B_blocchi,xgboost,2,13,1,0.9962375164031982,FL_examples (110),FL_examples#10
B_blocchi,xgboost,2,58,1,0.9913594126701355,FL_examples (151),FL_examples#15
B_blocchi,xgboost,2,59,1,0.9905288815498352,FL_examples (152),FL_examples#15
B_blocchi,xgboost,2,60,1,0.9981362819671631,FL_examples (153),FL_examples#15
B_blocchi,xgboost,2,61,1,0.9985852241516113,FL_examples (154),FL_examples#15
B_blocchi,xgboost,2,62,1,0.988549530506134,FL_examples (155),FL_examples#15
B_blocchi,xgboost,2,63,1,0.9720454216003418,FL_examples (156),FL_examples#15
B_blocchi,xgboost,2,64,1,0.6642689108848572,FL_examples (157),FL_examples#15
B_blocchi,xgboost,2,65,1,0.9607263207435608,FL_examples (158),FL_examples#15
B_blocchi,xgboost,2,66,1,0.9689731597900391,FL_examples (159),FL_examples#15
B_blocchi,xgboost,2,68,1,0.9719089269638062,FL_examples (160),FL_examples#15
B_blocchi,xgboost,2,123,1,0.853489100933075,FL_examples (21),FL_examples#2
B_blocchi,xgboost,2,134,1,0.8941266536712646,FL_examples (22),FL_examples#2
B_blocchi,xgboost,2,145,1,0.08983486890792847,FL_examples (23),FL_examples#2
B_blocchi,xgboost,2,156,1,0.9744660258293152,FL_examples (24),FL_examples#2
B_blocchi,xgboost,2,158,1,0.9971655011177063,FL_examples (241),FL_examples#24
B_blocchi,xgboost,2,159,1,0.9726387858390808,FL_examples (242),FL_examples#24
B_blocchi,xgboost,2,160,1,0.8892545104026794,FL_examples (243),FL_examples#24
B_blocchi,xgboost,2,161,1,0.8525655269622803,FL_examples (244),FL_examples#24
B_blocchi,xgboost,2,162,1,0.5280769467353821,FL_examples (245),FL_examples#24
B_blocchi,xgboost,2,163,1,0.3585980236530304,FL_examples (246),FL_examples#24
B_blocchi,xgboost,2,164,1,0.9887268543243408,FL_examples (247),FL_examples#24
B_blocchi,xgboost,2,165,1,0.9980015158653259,FL_examples (248),FL_examples#24
B_blocchi,xgboost,2,166,1,0.9972087740898132,FL_examples (249),FL_examples#24
B_blocchi,xgboost,2,167,1,0.8891512155532837,FL_examples (25),FL_examples#2
B_blocchi,xgboost,2,168,1,0.9977585077285767,FL_examples (250),FL_examples#24
B_blocchi,xgboost,2,178,1,0.9893916845321655,FL_examples (26),FL_examples#2
B_blocchi,xgboost,2,189,1,0.9872166514396667,FL_examples (27),FL_examples#2
B_blocchi,xgboost,2,200,1,0.9392635822296143,FL_examples (28),FL_examples#2
B_blocchi,xgboost,2,211,1,0.9934884309768677,FL_examples (29),FL_examples#2
B_blocchi,xgboost,2,213,1,0.2718217670917511,FL_examples (291),FL_examples#29
B_blocchi,xgboost,2,214,1,0.9599231481552124,FL_examples (292),FL_examples#29
B_blocchi,xgboost,2,215,1,0.00521010672673583,FL_examples (293),FL_examples#29
B_blocchi,xgboost,2,216,1,0.23165616393089294,FL_examples (294),FL_examples#29
B_blocchi,xgboost,2,217,1,0.16781973838806152,FL_examples (295),FL_examples#29
B_blocchi,xgboost,2,218,1,0.8532065153121948,FL_examples (296),FL_examples#29
B_blocchi,xgboost,2,219,1,0.31261563301086426,FL_examples (297),FL_examples#29
B_blocchi,xgboost,2,220,1,0.3988897204399109,FL_examples (298),FL_examples#29
B_blocchi,xgboost,2,221,1,0.12338840216398239,FL_examples (299),FL_examples#29
B_blocchi,xgboost,2,223,1,0.9748479723930359,FL_examples (30),FL_examples#2
B_blocchi,xgboost,2,224,1,0.31036409735679626,FL_examples (300),FL_examples#29
B_blocchi,xgboost,2,269,1,0.9909324645996094,FL_examples (71),FL_examples#7
B_blocchi,xgboost,2,270,1,0.9969929456710815,FL_examples (72),FL_examples#7
B_blocchi,xgboost,2,271,1,0.9950293898582458,FL_examples (73),FL_examples#7
B_blocchi,xgboost,2,272,1,0.9945400357246399,FL_examples (74),FL_examples#7
B_blocchi,xgboost,2,273,1,0.9875808954238892,FL_examples (75),FL_examples#7
B_blocchi,xgboost,2,274,1,0.9958617091178894,FL_examples (76),FL_examples#7
B_blocchi,xgboost,2,275,1,0.9767911434173584,FL_examples (77),FL_examples#7
B_blocchi,xgboost,2,276,1,0.9928285479545593,FL_examples (78),FL_examples#7
B_blocchi,xgboost,2,277,1,0.9787346124649048,FL_examples (79),FL_examples#7
B_blocchi,xgboost,2,279,1,0.9934026598930359,FL_examples (80),FL_examples#7
B_blocchi,xgboost,2,303,0,0.15796814858913422,REACTIVE_examples (101),REACTIVE_examples#10
B_blocchi,xgboost,2,304,0,0.3822908401489258,REACTIVE_examples (102),REACTIVE_examples#10
B_blocchi,xgboost,2,305,0,0.10396217554807663,REACTIVE_examples (103),REACTIVE_examples#10
B_blocchi,xgboost,2,306,0,0.012038434855639935,REACTIVE_examples (104),REACTIVE_examples#10
B_blocchi,xgboost,2,307,0,0.016899339854717255,REACTIVE_examples (105),REACTIVE_examples#10
B_blocchi,xgboost,2,308,0,0.008570128120481968,REACTIVE_examples (106),REACTIVE_examples#10
B_blocchi,xgboost,2,309,0,0.9836521148681641,REACTIVE_examples (107),REACTIVE_examples#10
B_blocchi,xgboost,2,310,0,0.026476386934518814,REACTIVE_examples (108),REACTIVE_examples#10
B_blocchi,xgboost,2,311,0,0.13035036623477936,REACTIVE_examples (109),REACTIVE_examples#10
B_blocchi,xgboost,2,313,0,0.13395266234874725,REACTIVE_examples (110),REACTIVE_examples#10
B_blocchi,xgboost,2,358,0,0.0198859591037035,REACTIVE_examples (151),REACTIVE_examples#15
B_blocchi,xgboost,2,359,0,0.0034906750079244375,REACTIVE_examples (152),REACTIVE_examples#15
B_blocchi,xgboost,2,360,0,0.010989155620336533,REACTIVE_examples (153),REACTIVE_examples#15
B_blocchi,xgboost,2,361,0,0.007248170208185911,REACTIVE_examples (154),REACTIVE_examples#15
B_blocchi,xgboost,2,362,0,0.20204195380210876,REACTIVE_examples (155),REACTIVE_examples#15
B_blocchi,xgboost,2,363,0,0.0019330141367390752,REACTIVE_examples (156),REACTIVE_examples#15
B_blocchi,xgboost,2,364,0,0.05596756935119629,REACTIVE_examples (157),REACTIVE_examples#15
B_blocchi,xgboost,2,365,0,0.04976969584822655,REACTIVE_examples (158),REACTIVE_examples#15
B_blocchi,xgboost,2,366,0,0.006840151734650135,REACTIVE_examples (159),REACTIVE_examples#15
B_blocchi,xgboost,2,368,0,0.002424943260848522,REACTIVE_examples (160),REACTIVE_examples#15
B_blocchi,xgboost,2,423,0,0.00589490681886673,REACTIVE_examples (21),REACTIVE_examples#2
B_blocchi,xgboost,2,434,0,0.006170679349452257,REACTIVE_examples (22),REACTIVE_examples#2
B_blocchi,xgboost,2,445,0,0.02221718057990074,REACTIVE_examples (23),REACTIVE_examples#2
B_blocchi,xgboost,2,456,0,0.007788314018398523,REACTIVE_examples (24),REACTIVE_examples#2
B_blocchi,xgboost,2,458,0,0.16535267233848572,REACTIVE_examples (241),REACTIVE_examples#24
B_blocchi,xgboost,2,459,0,0.0020966308657079935,REACTIVE_examples (242),REACTIVE_examples#24
B_blocchi,xgboost,2,460,0,0.044170528650283813,REACTIVE_examples (243),REACTIVE_examples#24
B_blocchi,xgboost,2,461,0,0.007495266385376453,REACTIVE_examples (244),REACTIVE_examples#24
B_blocchi,xgboost,2,462,0,0.003861516248434782,REACTIVE_examples (245),REACTIVE_examples#24
B_blocchi,xgboost,2,463,0,0.005716302432119846,REACTIVE_examples (246),REACTIVE_examples#24
B_blocchi,xgboost,2,464,0,0.0050253183580935,REACTIVE_examples (247),REACTIVE_examples#24
B_blocchi,xgboost,2,465,0,0.0041694603860378265,REACTIVE_examples (248),REACTIVE_examples#24
B_blocchi,xgboost,2,466,0,0.007354781962931156,REACTIVE_examples (249),REACTIVE_examples#24
B_blocchi,xgboost,2,467,0,0.006129574961960316,REACTIVE_examples (25),REACTIVE_examples#2
B_blocchi,xgboost,2,468,0,0.004680094309151173,REACTIVE_examples (250),REACTIVE_examples#24
B_blocchi,xgboost,2,478,0,0.011108323000371456,REACTIVE_examples (26),REACTIVE_examples#2
B_blocchi,xgboost,2,489,0,0.003373960964381695,REACTIVE_examples (27),REACTIVE_examples#2
B_blocchi,xgboost,2,500,0,0.007027503103017807,REACTIVE_examples (28),REACTIVE_examples#2
B_blocchi,xgboost,2,511,0,0.010963836684823036,REACTIVE_examples (29),REACTIVE_examples#2
B_blocchi,xgboost,2,513,0,0.01374201662838459,REACTIVE_examples (291),REACTIVE_examples#29
B_blocchi,xgboost,2,514,0,0.003958681132644415,REACTIVE_examples (292),REACTIVE_examples#29
B_blocchi,xgboost,2,515,0,0.006042133551090956,REACTIVE_examples (293),REACTIVE_examples#29
B_blocchi,xgboost,2,516,0,0.005549819674342871,REACTIVE_examples (294),REACTIVE_examples#29
B_blocchi,xgboost,2,517,0,0.02975081466138363,REACTIVE_examples (295),REACTIVE_examples#29
B_blocchi,xgboost,2,518,0,0.5544995069503784,REACTIVE_examples (296),REACTIVE_examples#29
B_blocchi,xgboost,2,519,0,0.5102920532226562,REACTIVE_examples (297),REACTIVE_examples#29
B_blocchi,xgboost,2,520,0,0.08431368321180344,REACTIVE_examples (298),REACTIVE_examples#29
B_blocchi,xgboost,2,521,0,0.002417836571112275,REACTIVE_examples (299),REACTIVE_examples#29
B_blocchi,xgboost,2,523,0,0.2780141830444336,REACTIVE_examples (30),REACTIVE_examples#2
B_blocchi,xgboost,2,524,0,0.0028858506120741367,REACTIVE_examples (300),REACTIVE_examples#29
B_blocchi,xgboost,2,569,0,0.002415879862383008,REACTIVE_examples (71),REACTIVE_examples#7
B_blocchi,xgboost,2,570,0,0.8486603498458862,REACTIVE_examples (72),REACTIVE_examples#7
B_blocchi,xgboost,2,571,0,0.010488552041351795,REACTIVE_examples (73),REACTIVE_examples#7
B_blocchi,xgboost,2,572,0,0.6097018718719482,REACTIVE_examples (74),REACTIVE_examples#7
B_blocchi,xgboost,2,573,0,0.9484637379646301,REACTIVE_examples (75),REACTIVE_examples#7
B_blocchi,xgboost,2,574,0,0.04893715679645538,REACTIVE_examples (76),REACTIVE_examples#7
B_blocchi,xgboost,2,575,0,0.013721661642193794,REACTIVE_examples (77),REACTIVE_examples#7
B_blocchi,xgboost,2,576,0,0.023917298763990402,REACTIVE_examples (78),REACTIVE_examples#7
B_blocchi,xgboost,2,577,0,0.02447834424674511,REACTIVE_examples (79),REACTIVE_examples#7
B_blocchi,xgboost,2,579,0,0.004419337026774883,REACTIVE_examples (80),REACTIVE_examples#7
B_blocchi,logistic_regression,3,12,1,0.037624674463222894,FL_examples (11),FL_examples#1
B_blocchi,logistic_regression,3,23,1,0.0693679863549926,FL_examples (12),FL_examples#1
B_blocchi,logistic_regression,3,34,1,0.012022041295392524,FL_examples (13),FL_examples#1
B_blocchi,logistic_regression,3,45,1,0.014935613268911144,FL_examples (14),FL_examples#1
B_blocchi,logistic_regression,3,47,1,0.9976170683547851,FL_examples (141),FL_examples#14
B_blocchi,logistic_regression,3,48,1,0.9713250610256129,FL_examples (142),FL_examples#14
B_blocchi,logistic_regression,3,49,1,0.997209467176523,FL_examples (143),FL_examples#14
B_blocchi,logistic_regression,3,50,1,0.9992524030166804,FL_examples (144),FL_examples#14
B_blocchi,logistic_regression,3,51,1,0.9979700610411989,FL_examples (145),FL_examples#14
B_blocchi,logistic_regression,3,52,1,0.9995713873362948,FL_examples (146),FL_examples#14
B_blocchi,logistic_regression,3,53,1,0.9986988801992163,FL_examples (147),FL_examples#14
B_blocchi,logistic_regression,3,54,1,0.9952977970493511,FL_examples (148),FL_examples#14
B_blocchi,logistic_regression,3,55,1,0.9959678708888159,FL_examples (149),FL_examples#14
B_blocchi,logistic_regression,3,56,1,0.004293852708963248,FL_examples (15),FL_examples#1
B_blocchi,logistic_regression,3,57,1,0.9622640964110261,FL_examples (150),FL_examples#14
B_blocchi,logistic_regression,3,67,1,0.07794555760347782,FL_examples (16),FL_examples#1
B_blocchi,logistic_regression,3,78,1,0.06149363091941301,FL_examples (17),FL_examples#1
B_blocchi,logistic_regression,3,89,1,0.08160893332565271,FL_examples (18),FL_examples#1
B_blocchi,logistic_regression,3,100,1,0.37471550904870515,FL_examples (19),FL_examples#1
B_blocchi,logistic_regression,3,102,1,0.25206077694231144,FL_examples (191),FL_examples#19
B_blocchi,logistic_regression,3,103,1,0.19512211248059633,FL_examples (192),FL_examples#19
B_blocchi,logistic_regression,3,104,1,0.30035715449901,FL_examples (193),FL_examples#19
B_blocchi,logistic_regression,3,105,1,0.05225458899822869,FL_examples (194),FL_examples#19
B_blocchi,logistic_regression,3,106,1,0.9881910698299671,FL_examples (195),FL_examples#19
B_blocchi,logistic_regression,3,107,1,0.9002979586955311,FL_examples (196),FL_examples#19
B_blocchi,logistic_regression,3,108,1,0.9973730405718811,FL_examples (197),FL_examples#19
B_blocchi,logistic_regression,3,109,1,0.9808982917119754,FL_examples (198),FL_examples#19
B_blocchi,logistic_regression,3,110,1,0.8924338051687856,FL_examples (199),FL_examples#19
B_blocchi,logistic_regression,3,112,1,0.08187920549708767,FL_examples (20),FL_examples#1
B_blocchi,logistic_regression,3,113,1,0.8572630318764503,FL_examples (200),FL_examples#19
B_blocchi,logistic_regression,3,147,1,0.928993037872019,FL_examples (231),FL_examples#23
B_blocchi,logistic_regression,3,148,1,0.9538597912913734,FL_examples (232),FL_examples#23
B_blocchi,logistic_regression,3,149,1,0.9679805053512252,FL_examples (233),FL_examples#23
B_blocchi,logistic_regression,3,150,1,0.8852313605449568,FL_examples (234),FL_examples#23
B_blocchi,logistic_regression,3,151,1,0.6374955986449461,FL_examples (235),FL_examples#23
B_blocchi,logistic_regression,3,152,1,0.9347383068793754,FL_examples (236),FL_examples#23
B_blocchi,logistic_regression,3,153,1,0.8626232504734765,FL_examples (237),FL_examples#23
B_blocchi,logistic_regression,3,154,1,0.9539361761381642,FL_examples (238),FL_examples#23
B_blocchi,logistic_regression,3,155,1,0.9429922914986605,FL_examples (239),FL_examples#23
B_blocchi,logistic_regression,3,157,1,0.9018819345443198,FL_examples (240),FL_examples#23
B_blocchi,logistic_regression,3,202,1,0.02695445961304387,FL_examples (281),FL_examples#28
B_blocchi,logistic_regression,3,203,1,0.07408708520102027,FL_examples (282),FL_examples#28
B_blocchi,logistic_regression,3,204,1,0.07441573279480582,FL_examples (283),FL_examples#28
B_blocchi,logistic_regression,3,205,1,0.011462163028533617,FL_examples (284),FL_examples#28
B_blocchi,logistic_regression,3,206,1,0.015250242123473343,FL_examples (285),FL_examples#28
B_blocchi,logistic_regression,3,207,1,0.0072787839763808595,FL_examples (286),FL_examples#28
B_blocchi,logistic_regression,3,208,1,0.02909054978009301,FL_examples (287),FL_examples#28
B_blocchi,logistic_regression,3,209,1,0.16657689295356978,FL_examples (288),FL_examples#28
B_blocchi,logistic_regression,3,210,1,0.8170664317825835,FL_examples (289),FL_examples#28
B_blocchi,logistic_regression,3,212,1,0.7193615862596177,FL_examples (290),FL_examples#28
B_blocchi,logistic_regression,3,258,1,0.9301965678860081,FL_examples (61),FL_examples#6
B_blocchi,logistic_regression,3,259,1,0.9890026276967583,FL_examples (62),FL_examples#6
B_blocchi,logistic_regression,3,260,1,0.9959838213810445,FL_examples (63),FL_examples#6
B_blocchi,logistic_regression,3,261,1,0.9317658941385888,FL_examples (64),FL_examples#6
B_blocchi,logistic_regression,3,262,1,0.9992803678802386,FL_examples (65),FL_examples#6
B_blocchi,logistic_regression,3,263,1,0.9999168325252443,FL_examples (66),FL_examples#6
B_blocchi,logistic_regression,3,264,1,0.9998599502602672,FL_examples (67),FL_examples#6
B_blocchi,logistic_regression,3,265,1,0.9999961142323044,FL_examples (68),FL_examples#6
B_blocchi,logistic_regression,3,266,1,0.9999444741405463,FL_examples (69),FL_examples#6
B_blocchi,logistic_regression,3,268,1,0.9999693174126745,FL_examples (70),FL_examples#6
B_blocchi,logistic_regression,3,312,0,0.01672051168917001,REACTIVE_examples (11),REACTIVE_examples#1
B_blocchi,logistic_regression,3,323,0,0.15647050357776082,REACTIVE_examples (12),REACTIVE_examples#1
B_blocchi,logistic_regression,3,334,0,0.16329099265746294,REACTIVE_examples (13),REACTIVE_examples#1
B_blocchi,logistic_regression,3,345,0,0.018982809544990095,REACTIVE_examples (14),REACTIVE_examples#1
B_blocchi,logistic_regression,3,347,0,0.0011444719138894077,REACTIVE_examples (141),REACTIVE_examples#14
B_blocchi,logistic_regression,3,348,0,0.002055656005298226,REACTIVE_examples (142),REACTIVE_examples#14
B_blocchi,logistic_regression,3,349,0,0.03119782917995511,REACTIVE_examples (143),REACTIVE_examples#14
B_blocchi,logistic_regression,3,350,0,0.08425493473553639,REACTIVE_examples (144),REACTIVE_examples#14
B_blocchi,logistic_regression,3,351,0,0.008693216675405355,REACTIVE_examples (145),REACTIVE_examples#14
B_blocchi,logistic_regression,3,352,0,0.00402679081531022,REACTIVE_examples (146),REACTIVE_examples#14
B_blocchi,logistic_regression,3,353,0,0.003631570896250443,REACTIVE_examples (147),REACTIVE_examples#14
B_blocchi,logistic_regression,3,354,0,0.004423150164904934,REACTIVE_examples (148),REACTIVE_examples#14
B_blocchi,logistic_regression,3,355,0,0.015608467838330557,REACTIVE_examples (149),REACTIVE_examples#14
B_blocchi,logistic_regression,3,356,0,0.029966357658579915,REACTIVE_examples (15),REACTIVE_examples#1
B_blocchi,logistic_regression,3,357,0,0.0022898369719096183,REACTIVE_examples (150),REACTIVE_examples#14
B_blocchi,logistic_regression,3,367,0,0.011409659632363144,REACTIVE_examples (16),REACTIVE_examples#1
B_blocchi,logistic_regression,3,378,0,0.2133806728684162,REACTIVE_examples (17),REACTIVE_examples#1
B_blocchi,logistic_regression,3,389,0,0.01722391641556945,REACTIVE_examples (18),REACTIVE_examples#1
B_blocchi,logistic_regression,3,400,0,0.2535364855737229,REACTIVE_examples (19),REACTIVE_examples#1
B_blocchi,logistic_regression,3,402,0,0.2279793081417216,REACTIVE_examples (191),REACTIVE_examples#19
B_blocchi,logistic_regression,3,403,0,0.00977021024944013,REACTIVE_examples (192),REACTIVE_examples#19
B_blocchi,logistic_regression,3,404,0,0.0007757064110459742,REACTIVE_examples (193),REACTIVE_examples#19
B_blocchi,logistic_regression,3,405,0,0.4160279313271627,REACTIVE_examples (194),REACTIVE_examples#19
B_blocchi,logistic_regression,3,406,0,0.4117464109662935,REACTIVE_examples (195),REACTIVE_examples#19
B_blocchi,logistic_regression,3,407,0,0.020932361392465605,REACTIVE_examples (196),REACTIVE_examples#19
B_blocchi,logistic_regression,3,408,0,0.03196685150086997,REACTIVE_examples (197),REACTIVE_examples#19
B_blocchi,logistic_regression,3,409,0,0.3321292828007013,REACTIVE_examples (198),REACTIVE_examples#19
B_blocchi,logistic_regression,3,410,0,0.04336136654807454,REACTIVE_examples (199),REACTIVE_examples#19
B_blocchi,logistic_regression,3,412,0,0.04637825539846123,REACTIVE_examples (20),REACTIVE_examples#1
B_blocchi,logistic_regression,3,413,0,0.01089966259425617,REACTIVE_examples (200),REACTIVE_examples#19
B_blocchi,logistic_regression,3,447,0,0.11880517379862712,REACTIVE_examples (231),REACTIVE_examples#23
B_blocchi,logistic_regression,3,448,0,0.9066750565209678,REACTIVE_examples (232),REACTIVE_examples#23
B_blocchi,logistic_regression,3,449,0,0.017192499035887793,REACTIVE_examples (233),REACTIVE_examples#23
B_blocchi,logistic_regression,3,450,0,0.007776159928752761,REACTIVE_examples (234),REACTIVE_examples#23
B_blocchi,logistic_regression,3,451,0,0.001747973377299641,REACTIVE_examples (235),REACTIVE_examples#23
B_blocchi,logistic_regression,3,452,0,0.0036134934301652213,REACTIVE_examples (236),REACTIVE_examples#23
B_blocchi,logistic_regression,3,453,0,0.0025559070875781245,REACTIVE_examples (237),REACTIVE_examples#23
B_blocchi,logistic_regression,3,454,0,0.022011096964519257,REACTIVE_examples (238),REACTIVE_examples#23
B_blocchi,logistic_regression,3,455,0,0.017668483796122913,REACTIVE_examples (239),REACTIVE_examples#23
B_blocchi,logistic_regression,3,457,0,0.11848237860733256,REACTIVE_examples (240),REACTIVE_examples#23
B_blocchi,logistic_regression,3,502,0,0.32897417765013875,REACTIVE_examples (281),REACTIVE_examples#28
B_blocchi,logistic_regression,3,503,0,0.24233203367959227,REACTIVE_examples (282),REACTIVE_examples#28
B_blocchi,logistic_regression,3,504,0,0.30340784396856385,REACTIVE_examples (283),REACTIVE_examples#28
B_blocchi,logistic_regression,3,505,0,0.1633366854558784,REACTIVE_examples (284),REACTIVE_examples#28
B_blocchi,logistic_regression,3,506,0,0.20736837164797417,REACTIVE_examples (285),REACTIVE_examples#28
B_blocchi,logistic_regression,3,507,0,0.05332249263949391,REACTIVE_examples (286),REACTIVE_examples#28
B_blocchi,logistic_regression,3,508,0,0.12185745982903733,REACTIVE_examples (287),REACTIVE_examples#28
B_blocchi,logistic_regression,3,509,0,0.001575518546773117,REACTIVE_examples (288),REACTIVE_examples#28
B_blocchi,logistic_regression,3,510,0,0.005036355141123706,REACTIVE_examples (289),REACTIVE_examples#28
B_blocchi,logistic_regression,3,512,0,9.327119276543164e-05,REACTIVE_examples (290),REACTIVE_examples#28
B_blocchi,logistic_regression,3,558,0,0.8269830036068987,REACTIVE_examples (61),REACTIVE_examples#6
B_blocchi,logistic_regression,3,559,0,0.8650123720453188,REACTIVE_examples (62),REACTIVE_examples#6
B_blocchi,logistic_regression,3,560,0,0.41290169669512816,REACTIVE_examples (63),REACTIVE_examples#6
B_blocchi,logistic_regression,3,561,0,0.0854178187984526,REACTIVE_examples (64),REACTIVE_examples#6
B_blocchi,logistic_regression,3,562,0,0.3975456251014393,REACTIVE_examples (65),REACTIVE_examples#6
B_blocchi,logistic_regression,3,563,0,0.8911068502273177,REACTIVE_examples (66),REACTIVE_examples#6
B_blocchi,logistic_regression,3,564,0,0.43914520250826317,REACTIVE_examples (67),REACTIVE_examples#6
B_blocchi,logistic_regression,3,565,0,0.7251702392013324,REACTIVE_examples (68),REACTIVE_examples#6
B_blocchi,logistic_regression,3,566,0,0.7041824784064794,REACTIVE_examples (69),REACTIVE_examples#6
B_blocchi,logistic_regression,3,568,0,0.18188176537257197,REACTIVE_examples (70),REACTIVE_examples#6
B_blocchi,random_forest,3,12,1,0.27666666666666667,FL_examples (11),FL_examples#1
B_blocchi,random_forest,3,23,1,0.42333333333333334,FL_examples (12),FL_examples#1
B_blocchi,random_forest,3,34,1,0.3233333333333333,FL_examples (13),FL_examples#1
B_blocchi,random_forest,3,45,1,0.16,FL_examples (14),FL_examples#1
B_blocchi,random_forest,3,47,1,0.9533333333333334,FL_examples (141),FL_examples#14
B_blocchi,random_forest,3,48,1,0.9166666666666666,FL_examples (142),FL_examples#14
B_blocchi,random_forest,3,49,1,0.9733333333333334,FL_examples (143),FL_examples#14
B_blocchi,random_forest,3,50,1,0.8866666666666667,FL_examples (144),FL_examples#14
B_blocchi,random_forest,3,51,1,0.93,FL_examples (145),FL_examples#14
B_blocchi,random_forest,3,52,1,0.9433333333333334,FL_examples (146),FL_examples#14
B_blocchi,random_forest,3,53,1,0.95,FL_examples (147),FL_examples#14
B_blocchi,random_forest,3,54,1,0.93,FL_examples (148),FL_examples#14
B_blocchi,random_forest,3,55,1,0.9633333333333334,FL_examples (149),FL_examples#14
B_blocchi,random_forest,3,56,1,0.3566666666666667,FL_examples (15),FL_examples#1
B_blocchi,random_forest,3,57,1,0.8766666666666667,FL_examples (150),FL_examples#14
B_blocchi,random_forest,3,67,1,0.24666666666666667,FL_examples (16),FL_examples#1
B_blocchi,random_forest,3,78,1,0.27,FL_examples (17),FL_examples#1
B_blocchi,random_forest,3,89,1,0.5,FL_examples (18),FL_examples#1
B_blocchi,random_forest,3,100,1,0.4266666666666667,FL_examples (19),FL_examples#1
B_blocchi,random_forest,3,102,1,0.30333333333333334,FL_examples (191),FL_examples#19
B_blocchi,random_forest,3,103,1,0.8766666666666667,FL_examples (192),FL_examples#19
B_blocchi,random_forest,3,104,1,0.9133333333333333,FL_examples (193),FL_examples#19
B_blocchi,random_forest,3,105,1,0.8666666666666667,FL_examples (194),FL_examples#19
B_blocchi,random_forest,3,106,1,0.92,FL_examples (195),FL_examples#19
B_blocchi,random_forest,3,107,1,0.89,FL_examples (196),FL_examples#19
B_blocchi,random_forest,3,108,1,0.8966666666666666,FL_examples (197),FL_examples#19
B_blocchi,random_forest,3,109,1,0.93,FL_examples (198),FL_examples#19
B_blocchi,random_forest,3,110,1,0.8966666666666666,FL_examples (199),FL_examples#19
B_blocchi,random_forest,3,112,1,0.42333333333333334,FL_examples (20),FL_examples#1
B_blocchi,random_forest,3,113,1,0.95,FL_examples (200),FL_examples#19
B_blocchi,random_forest,3,147,1,0.8433333333333334,FL_examples (231),FL_examples#23
B_blocchi,random_forest,3,148,1,0.9,FL_examples (232),FL_examples#23
B_blocchi,random_forest,3,149,1,0.82,FL_examples (233),FL_examples#23
B_blocchi,random_forest,3,150,1,0.49666666666666665,FL_examples (234),FL_examples#23
B_blocchi,random_forest,3,151,1,0.4033333333333333,FL_examples (235),FL_examples#23
B_blocchi,random_forest,3,152,1,0.5433333333333333,FL_examples (236),FL_examples#23
B_blocchi,random_forest,3,153,1,0.7266666666666667,FL_examples (237),FL_examples#23
B_blocchi,random_forest,3,154,1,0.7533333333333333,FL_examples (238),FL_examples#23
B_blocchi,random_forest,3,155,1,0.75,FL_examples (239),FL_examples#23
B_blocchi,random_forest,3,157,1,0.7733333333333333,FL_examples (240),FL_examples#23
B_blocchi,random_forest,3,202,1,0.35333333333333333,FL_examples (281),FL_examples#28
B_blocchi,random_forest,3,203,1,0.5833333333333334,FL_examples (282),FL_examples#28
B_blocchi,random_forest,3,204,1,0.4633333333333333,FL_examples (283),FL_examples#28
B_blocchi,random_forest,3,205,1,0.29333333333333333,FL_examples (284),FL_examples#28
B_blocchi,random_forest,3,206,1,0.31666666666666665,FL_examples (285),FL_examples#28
B_blocchi,random_forest,3,207,1,0.29,FL_examples (286),FL_examples#28
B_blocchi,random_forest,3,208,1,0.2966666666666667,FL_examples (287),FL_examples#28
B_blocchi,random_forest,3,209,1,0.21,FL_examples (288),FL_examples#28
B_blocchi,random_forest,3,210,1,0.5333333333333333,FL_examples (289),FL_examples#28
B_blocchi,random_forest,3,212,1,0.53,FL_examples (290),FL_examples#28
B_blocchi,random_forest,3,258,1,0.7166666666666667,FL_examples (61),FL_examples#6
B_blocchi,random_forest,3,259,1,0.8733333333333333,FL_examples (62),FL_examples#6
B_blocchi,random_forest,3,260,1,0.8266666666666667,FL_examples (63),FL_examples#6
B_blocchi,random_forest,3,261,1,0.74,FL_examples (64),FL_examples#6
B_blocchi,random_forest,3,262,1,0.73,FL_examples (65),FL_examples#6
B_blocchi,random_forest,3,263,1,0.9666666666666667,FL_examples (66),FL_examples#6
B_blocchi,random_forest,3,264,1,0.97,FL_examples (67),FL_examples#6
B_blocchi,random_forest,3,265,1,0.9533333333333334,FL_examples (68),FL_examples#6
B_blocchi,random_forest,3,266,1,0.9833333333333333,FL_examples (69),FL_examples#6
B_blocchi,random_forest,3,268,1,0.9766666666666667,FL_examples (70),FL_examples#6
B_blocchi,random_forest,3,312,0,0.05,REACTIVE_examples (11),REACTIVE_examples#1
B_blocchi,random_forest,3,323,0,0.043333333333333335,REACTIVE_examples (12),REACTIVE_examples#1
B_blocchi,random_forest,3,334,0,0.33666666666666667,REACTIVE_examples (13),REACTIVE_examples#1
B_blocchi,random_forest,3,345,0,0.05,REACTIVE_examples (14),REACTIVE_examples#1
B_blocchi,random_forest,3,347,0,0.10666666666666667,REACTIVE_examples (141),REACTIVE_examples#14
B_blocchi,random_forest,3,348,0,0.06333333333333334,REACTIVE_examples (142),REACTIVE_examples#14
B_blocchi,random_forest,3,349,0,0.18,REACTIVE_examples (143),REACTIVE_examples#14
B_blocchi,random_forest,3,350,0,0.4266666666666667,REACTIVE_examples (144),REACTIVE_examples#14
B_blocchi,random_forest,3,351,0,0.12,REACTIVE_examples (145),REACTIVE_examples#14
B_blocchi,random_forest,3,352,0,0.13666666666666666,REACTIVE_examples (146),REACTIVE_examples#14
B_blocchi,random_forest,3,353,0,0.31666666666666665,REACTIVE_examples (147),REACTIVE_examples#14
B_blocchi,random_forest,3,354,0,0.21333333333333335,REACTIVE_examples (148),REACTIVE_examples#14
B_blocchi,random_forest,3,355,0,0.25,REACTIVE_examples (149),REACTIVE_examples#14
B_blocchi,random_forest,3,356,0,0.13333333333333333,REACTIVE_examples (15),REACTIVE_examples#1
B_blocchi,random_forest,3,357,0,0.10333333333333333,REACTIVE_examples (150),REACTIVE_examples#14
B_blocchi,random_forest,3,367,0,0.15,REACTIVE_examples (16),REACTIVE_examples#1
B_blocchi,random_forest,3,378,0,0.3466666666666667,REACTIVE_examples (17),REACTIVE_examples#1
B_blocchi,random_forest,3,389,0,0.10333333333333333,REACTIVE_examples (18),REACTIVE_examples#1
B_blocchi,random_forest,3,400,0,0.08666666666666667,REACTIVE_examples (19),REACTIVE_examples#1
B_blocchi,random_forest,3,402,0,0.3,REACTIVE_examples (191),REACTIVE_examples#19
B_blocchi,random_forest,3,403,0,0.19333333333333333,REACTIVE_examples (192),REACTIVE_examples#19
B_blocchi,random_forest,3,404,0,0.14666666666666667,REACTIVE_examples (193),REACTIVE_examples#19
B_blocchi,random_forest,3,405,0,0.44,REACTIVE_examples (194),REACTIVE_examples#19
B_blocchi,random_forest,3,406,0,0.49333333333333335,REACTIVE_examples (195),REACTIVE_examples#19
B_blocchi,random_forest,3,407,0,0.24,REACTIVE_examples (196),REACTIVE_examples#19
B_blocchi,random_forest,3,408,0,0.15,REACTIVE_examples (197),REACTIVE_examples#19
B_blocchi,random_forest,3,409,0,0.23666666666666666,REACTIVE_examples (198),REACTIVE_examples#19
B_blocchi,random_forest,3,410,0,0.19,REACTIVE_examples (199),REACTIVE_examples#19
B_blocchi,random_forest,3,412,0,0.06,REACTIVE_examples (20),REACTIVE_examples#1
B_blocchi,random_forest,3,413,0,0.19333333333333333,REACTIVE_examples (200),REACTIVE_examples#19
B_blocchi,random_forest,3,447,0,0.4166666666666667,REACTIVE_examples (231),REACTIVE_examples#23
B_blocchi,random_forest,3,448,0,0.8133333333333334,REACTIVE_examples (232),REACTIVE_examples#23
B_blocchi,random_forest,3,449,0,0.25333333333333335,REACTIVE_examples (233),REACTIVE_examples#23
B_blocchi,random_forest,3,450,0,0.02666666666666667,REACTIVE_examples (234),REACTIVE_examples#23
B_blocchi,random_forest,3,451,0,0.02666666666666667,REACTIVE_examples (235),REACTIVE_examples#23
B_blocchi,random_forest,3,452,0,0.013333333333333334,REACTIVE_examples (236),REACTIVE_examples#23
B_blocchi,random_forest,3,453,0,0.04,REACTIVE_examples (237),REACTIVE_examples#23
B_blocchi,random_forest,3,454,0,0.03666666666666667,REACTIVE_examples (238),REACTIVE_examples#23
B_blocchi,random_forest,3,455,0,0.06,REACTIVE_examples (239),REACTIVE_examples#23
B_blocchi,random_forest,3,457,0,0.19333333333333333,REACTIVE_examples (240),REACTIVE_examples#23
B_blocchi,random_forest,3,502,0,0.08,REACTIVE_examples (281),REACTIVE_examples#28
B_blocchi,random_forest,3,503,0,0.05,REACTIVE_examples (282),REACTIVE_examples#28
B_blocchi,random_forest,3,504,0,0.26666666666666666,REACTIVE_examples (283),REACTIVE_examples#28
B_blocchi,random_forest,3,505,0,0.06666666666666667,REACTIVE_examples (284),REACTIVE_examples#28
B_blocchi,random_forest,3,506,0,0.09,REACTIVE_examples (285),REACTIVE_examples#28
B_blocchi,random_forest,3,507,0,0.11,REACTIVE_examples (286),REACTIVE_examples#28
B_blocchi,random_forest,3,508,0,0.05333333333333334,REACTIVE_examples (287),REACTIVE_examples#28
B_blocchi,random_forest,3,509,0,0.11333333333333333,REACTIVE_examples (288),REACTIVE_examples#28
B_blocchi,random_forest,3,510,0,0.12333333333333334,REACTIVE_examples (289),REACTIVE_examples#28
B_blocchi,random_forest,3,512,0,0.08,REACTIVE_examples (290),REACTIVE_examples#28
B_blocchi,random_forest,3,558,0,0.58,REACTIVE_examples (61),REACTIVE_examples#6
B_blocchi,random_forest,3,559,0,0.7,REACTIVE_examples (62),REACTIVE_examples#6
B_blocchi,random_forest,3,560,0,0.5433333333333333,REACTIVE_examples (63),REACTIVE_examples#6
B_blocchi,random_forest,3,561,0,0.13666666666666666,REACTIVE_examples (64),REACTIVE_examples#6
B_blocchi,random_forest,3,562,0,0.14666666666666667,REACTIVE_examples (65),REACTIVE_examples#6
B_blocchi,random_forest,3,563,0,0.25333333333333335,REACTIVE_examples (66),REACTIVE_examples#6
B_blocchi,random_forest,3,564,0,0.13333333333333333,REACTIVE_examples (67),REACTIVE_examples#6
B_blocchi,random_forest,3,565,0,0.5633333333333334,REACTIVE_examples (68),REACTIVE_examples#6
B_blocchi,random_forest,3,566,0,0.43666666666666665,REACTIVE_examples (69),REACTIVE_examples#6
B_blocchi,random_forest,3,568,0,0.5433333333333333,REACTIVE_examples (70),REACTIVE_examples#6
B_blocchi,xgboost,3,12,1,0.07480692863464355,FL_examples (11),FL_examples#1
B_blocchi,xgboost,3,23,1,0.062276702374219894,FL_examples (12),FL_examples#1
B_blocchi,xgboost,3,34,1,0.017631756141781807,FL_examples (13),FL_examples#1
B_blocchi,xgboost,3,45,1,0.0036014514043927193,FL_examples (14),FL_examples#1
B_blocchi,xgboost,3,47,1,0.9985241293907166,FL_examples (141),FL_examples#14
B_blocchi,xgboost,3,48,1,0.994411051273346,FL_examples (142),FL_examples#14
B_blocchi,xgboost,3,49,1,0.9980249404907227,FL_examples (143),FL_examples#14
B_blocchi,xgboost,3,50,1,0.9985587000846863,FL_examples (144),FL_examples#14
B_blocchi,xgboost,3,51,1,0.9988616704940796,FL_examples (145),FL_examples#14
B_blocchi,xgboost,3,52,1,0.9989012479782104,FL_examples (146),FL_examples#14
B_blocchi,xgboost,3,53,1,0.9990646243095398,FL_examples (147),FL_examples#14
B_blocchi,xgboost,3,54,1,0.9994353652000427,FL_examples (148),FL_examples#14
B_blocchi,xgboost,3,55,1,0.9990617632865906,FL_examples (149),FL_examples#14
B_blocchi,xgboost,3,56,1,0.07644731551408768,FL_examples (15),FL_examples#1
B_blocchi,xgboost,3,57,1,0.9938232898712158,FL_examples (150),FL_examples#14
B_blocchi,xgboost,3,67,1,0.0032442761585116386,FL_examples (16),FL_examples#1
B_blocchi,xgboost,3,78,1,0.019636191427707672,FL_examples (17),FL_examples#1
B_blocchi,xgboost,3,89,1,0.6284066438674927,FL_examples (18),FL_examples#1
B_blocchi,xgboost,3,100,1,0.18500585854053497,FL_examples (19),FL_examples#1
B_blocchi,xgboost,3,102,1,0.12259930372238159,FL_examples (191),FL_examples#19
B_blocchi,xgboost,3,103,1,0.9311462640762329,FL_examples (192),FL_examples#19
B_blocchi,xgboost,3,104,1,0.9920720458030701,FL_examples (193),FL_examples#19
B_blocchi,xgboost,3,105,1,0.9947301149368286,FL_examples (194),FL_examples#19
B_blocchi,xgboost,3,106,1,0.9978724718093872,FL_examples (195),FL_examples#19
B_blocchi,xgboost,3,107,1,0.9983470439910889,FL_examples (196),FL_examples#19
B_blocchi,xgboost,3,108,1,0.9988092184066772,FL_examples (197),FL_examples#19
B_blocchi,xgboost,3,109,1,0.9985108971595764,FL_examples (198),FL_examples#19
B_blocchi,xgboost,3,110,1,0.9971768856048584,FL_examples (199),FL_examples#19
B_blocchi,xgboost,3,112,1,0.10191356390714645,FL_examples (20),FL_examples#1
B_blocchi,xgboost,3,113,1,0.9987545013427734,FL_examples (200),FL_examples#19
B_blocchi,xgboost,3,147,1,0.996894359588623,FL_examples (231),FL_examples#23
B_blocchi,xgboost,3,148,1,0.9988641738891602,FL_examples (232),FL_examples#23
B_blocchi,xgboost,3,149,1,0.9980496168136597,FL_examples (233),FL_examples#23
B_blocchi,xgboost,3,150,1,0.83354651927948,FL_examples (234),FL_examples#23
B_blocchi,xgboost,3,151,1,0.4335905909538269,FL_examples (235),FL_examples#23
B_blocchi,xgboost,3,152,1,0.42711514234542847,FL_examples (236),FL_examples#23
B_blocchi,xgboost,3,153,1,0.9786888360977173,FL_examples (237),FL_examples#23
B_blocchi,xgboost,3,154,1,0.9928737878799438,FL_examples (238),FL_examples#23
B_blocchi,xgboost,3,155,1,0.9917289614677429,FL_examples (239),FL_examples#23
B_blocchi,xgboost,3,157,1,0.9862177968025208,FL_examples (240),FL_examples#23
B_blocchi,xgboost,3,202,1,0.5735136866569519,FL_examples (281),FL_examples#28
B_blocchi,xgboost,3,203,1,0.5732368230819702,FL_examples (282),FL_examples#28
B_blocchi,xgboost,3,204,1,0.2735534608364105,FL_examples (283),FL_examples#28
B_blocchi,xgboost,3,205,1,0.005709511693567038,FL_examples (284),FL_examples#28
B_blocchi,xgboost,3,206,1,0.01335163600742817,FL_examples (285),FL_examples#28
B_blocchi,xgboost,3,207,1,0.020399771630764008,FL_examples (286),FL_examples#28
B_blocchi,xgboost,3,208,1,0.04596337676048279,FL_examples (287),FL_examples#28
B_blocchi,xgboost,3,209,1,0.1316230595111847,FL_examples (288),FL_examples#28
B_blocchi,xgboost,3,210,1,0.8144139647483826,FL_examples (289),FL_examples#28
B_blocchi,xgboost,3,212,1,0.5237883925437927,FL_examples (290),FL_examples#28
B_blocchi,xgboost,3,258,1,0.7798060178756714,FL_examples (61),FL_examples#6
B_blocchi,xgboost,3,259,1,0.9966657757759094,FL_examples (62),FL_examples#6
B_blocchi,xgboost,3,260,1,0.984904944896698,FL_examples (63),FL_examples#6
B_blocchi,xgboost,3,261,1,0.7937004566192627,FL_examples (64),FL_examples#6
B_blocchi,xgboost,3,262,1,0.9133020639419556,FL_examples (65),FL_examples#6
B_blocchi,xgboost,3,263,1,0.989945113658905,FL_examples (66),FL_examples#6
B_blocchi,xgboost,3,264,1,0.9842315912246704,FL_examples (67),FL_examples#6
B_blocchi,xgboost,3,265,1,0.988329291343689,FL_examples (68),FL_examples#6
B_blocchi,xgboost,3,266,1,0.9929201006889343,FL_examples (69),FL_examples#6
B_blocchi,xgboost,3,268,1,0.9906694889068604,FL_examples (70),FL_examples#6
B_blocchi,xgboost,3,312,0,0.007495053578168154,REACTIVE_examples (11),REACTIVE_examples#1
B_blocchi,xgboost,3,323,0,0.005311058834195137,REACTIVE_examples (12),REACTIVE_examples#1
B_blocchi,xgboost,3,334,0,0.005413065664470196,REACTIVE_examples (13),REACTIVE_examples#1
B_blocchi,xgboost,3,345,0,0.001665301388129592,REACTIVE_examples (14),REACTIVE_examples#1
B_blocchi,xgboost,3,347,0,0.008379533886909485,REACTIVE_examples (141),REACTIVE_examples#14
B_blocchi,xgboost,3,348,0,0.004488523118197918,REACTIVE_examples (142),REACTIVE_examples#14
B_blocchi,xgboost,3,349,0,0.022297877818346024,REACTIVE_examples (143),REACTIVE_examples#14
B_blocchi,xgboost,3,350,0,0.23452024161815643,REACTIVE_examples (144),REACTIVE_examples#14
B_blocchi,xgboost,3,351,0,0.005828863941133022,REACTIVE_examples (145),REACTIVE_examples#14
B_blocchi,xgboost,3,352,0,0.0013625225983560085,REACTIVE_examples (146),REACTIVE_examples#14
B_blocchi,xgboost,3,353,0,0.05173417180776596,REACTIVE_examples (147),REACTIVE_examples#14
B_blocchi,xgboost,3,354,0,0.006401749327778816,REACTIVE_examples (148),REACTIVE_examples#14
B_blocchi,xgboost,3,355,0,0.017757544293999672,REACTIVE_examples (149),REACTIVE_examples#14
B_blocchi,xgboost,3,356,0,0.0025046125520020723,REACTIVE_examples (15),REACTIVE_examples#1
B_blocchi,xgboost,3,357,0,0.001419380190782249,REACTIVE_examples (150),REACTIVE_examples#14
B_blocchi,xgboost,3,367,0,0.007331716362386942,REACTIVE_examples (16),REACTIVE_examples#1
B_blocchi,xgboost,3,378,0,0.01992158032953739,REACTIVE_examples (17),REACTIVE_examples#1
B_blocchi,xgboost,3,389,0,0.0012150383554399014,REACTIVE_examples (18),REACTIVE_examples#1
B_blocchi,xgboost,3,400,0,0.004536146763712168,REACTIVE_examples (19),REACTIVE_examples#1
B_blocchi,xgboost,3,402,0,0.24300676584243774,REACTIVE_examples (191),REACTIVE_examples#19
B_blocchi,xgboost,3,403,0,0.009624462574720383,REACTIVE_examples (192),REACTIVE_examples#19
B_blocchi,xgboost,3,404,0,0.02517825737595558,REACTIVE_examples (193),REACTIVE_examples#19
B_blocchi,xgboost,3,405,0,0.1374097317457199,REACTIVE_examples (194),REACTIVE_examples#19
B_blocchi,xgboost,3,406,0,0.5571743845939636,REACTIVE_examples (195),REACTIVE_examples#19
B_blocchi,xgboost,3,407,0,0.067587710916996,REACTIVE_examples (196),REACTIVE_examples#19
B_blocchi,xgboost,3,408,0,0.013213890604674816,REACTIVE_examples (197),REACTIVE_examples#19
B_blocchi,xgboost,3,409,0,0.013550014235079288,REACTIVE_examples (198),REACTIVE_examples#19
B_blocchi,xgboost,3,410,0,0.011747600510716438,REACTIVE_examples (199),REACTIVE_examples#19
B_blocchi,xgboost,3,412,0,0.0020077091176062822,REACTIVE_examples (20),REACTIVE_examples#1
B_blocchi,xgboost,3,413,0,0.019833452999591827,REACTIVE_examples (200),REACTIVE_examples#19
B_blocchi,xgboost,3,447,0,0.04363962635397911,REACTIVE_examples (231),REACTIVE_examples#23
B_blocchi,xgboost,3,448,0,0.9913909435272217,REACTIVE_examples (232),REACTIVE_examples#23
B_blocchi,xgboost,3,449,0,0.06574366241693497,REACTIVE_examples (233),REACTIVE_examples#23
B_blocchi,xgboost,3,450,0,0.0009866359177976847,REACTIVE_examples (234),REACTIVE_examples#23
B_blocchi,xgboost,3,451,0,0.0009069311781786382,REACTIVE_examples (235),REACTIVE_examples#23
B_blocchi,xgboost,3,452,0,0.0009913301328197122,REACTIVE_examples (236),REACTIVE_examples#23
B_blocchi,xgboost,3,453,0,0.0018118919106200337,REACTIVE_examples (237),REACTIVE_examples#23
B_blocchi,xgboost,3,454,0,0.0009599000331945717,REACTIVE_examples (238),REACTIVE_examples#23
B_blocchi,xgboost,3,455,0,0.0016443829517811537,REACTIVE_examples (239),REACTIVE_examples#23
B_blocchi,xgboost,3,457,0,0.28137126564979553,REACTIVE_examples (240),REACTIVE_examples#23
B_blocchi,xgboost,3,502,0,0.007738613057881594,REACTIVE_examples (281),REACTIVE_examples#28
B_blocchi,xgboost,3,503,0,0.015194070525467396,REACTIVE_examples (282),REACTIVE_examples#28
B_blocchi,xgboost,3,504,0,0.005097273737192154,REACTIVE_examples (283),REACTIVE_examples#28
B_blocchi,xgboost,3,505,0,0.004543059039860964,REACTIVE_examples (284),REACTIVE_examples#28
B_blocchi,xgboost,3,506,0,0.00688012083992362,REACTIVE_examples (285),REACTIVE_examples#28
B_blocchi,xgboost,3,507,0,0.006607535295188427,REACTIVE_examples (286),REACTIVE_examples#28
B_blocchi,xgboost,3,508,0,0.01615970954298973,REACTIVE_examples (287),REACTIVE_examples#28
B_blocchi,xgboost,3,509,0,0.015656093135476112,REACTIVE_examples (288),REACTIVE_examples#28
B_blocchi,xgboost,3,510,0,0.016415230929851532,REACTIVE_examples (289),REACTIVE_examples#28
B_blocchi,xgboost,3,512,0,0.0023585676681250334,REACTIVE_examples (290),REACTIVE_examples#28
B_blocchi,xgboost,3,558,0,0.927927553653717,REACTIVE_examples (61),REACTIVE_examples#6
B_blocchi,xgboost,3,559,0,0.9635692238807678,REACTIVE_examples (62),REACTIVE_examples#6
B_blocchi,xgboost,3,560,0,0.3300493657588959,REACTIVE_examples (63),REACTIVE_examples#6
B_blocchi,xgboost,3,561,0,0.016714073717594147,REACTIVE_examples (64),REACTIVE_examples#6
B_blocchi,xgboost,3,562,0,0.008961656130850315,REACTIVE_examples (65),REACTIVE_examples#6
B_blocchi,xgboost,3,563,0,0.03199567645788193,REACTIVE_examples (66),REACTIVE_examples#6
B_blocchi,xgboost,3,564,0,0.036855727434158325,REACTIVE_examples (67),REACTIVE_examples#6
B_blocchi,xgboost,3,565,0,0.3369336724281311,REACTIVE_examples (68),REACTIVE_examples#6
B_blocchi,xgboost,3,566,0,0.3200649321079254,REACTIVE_examples (69),REACTIVE_examples#6
B_blocchi,xgboost,3,568,0,0.21336586773395538,REACTIVE_examples (70),REACTIVE_examples#6
B_blocchi,logistic_regression,4,0,1,0.3301710990688781,FL_examples (1),FL_examples#0
B_blocchi,logistic_regression,4,1,1,0.07446789286454208,FL_examples (10),FL_examples#0
B_blocchi,logistic_regression,4,36,1,0.9601650723896659,FL_examples (131),FL_examples#13
B_blocchi,logistic_regression,4,37,1,0.9690473216103304,FL_examples (132),FL_examples#13
B_blocchi,logistic_regression,4,38,1,0.8750963442748343,FL_examples (133),FL_examples#13
B_blocchi,logistic_regression,4,39,1,0.9610283984231065,FL_examples (134),FL_examples#13
B_blocchi,logistic_regression,4,40,1,0.9296268065879797,FL_examples (135),FL_examples#13
B_blocchi,logistic_regression,4,41,1,0.7759901701828537,FL_examples (136),FL_examples#13
B_blocchi,logistic_regression,4,42,1,0.9027803693123339,FL_examples (137),FL_examples#13
B_blocchi,logistic_regression,4,43,1,0.9359626812170617,FL_examples (138),FL_examples#13
B_blocchi,logistic_regression,4,44,1,0.8136052237842608,FL_examples (139),FL_examples#13
B_blocchi,logistic_regression,4,46,1,0.9504333039796108,FL_examples (140),FL_examples#13
B_blocchi,logistic_regression,4,91,1,0.5837907270863342,FL_examples (181),FL_examples#18
B_blocchi,logistic_regression,4,92,1,0.8221273342058092,FL_examples (182),FL_examples#18
B_blocchi,logistic_regression,4,93,1,0.6794163799038772,FL_examples (183),FL_examples#18
B_blocchi,logistic_regression,4,94,1,0.7998191726522692,FL_examples (184),FL_examples#18
B_blocchi,logistic_regression,4,95,1,0.6683010952149371,FL_examples (185),FL_examples#18
B_blocchi,logistic_regression,4,96,1,0.6959835907003822,FL_examples (186),FL_examples#18
B_blocchi,logistic_regression,4,97,1,0.6179335907598397,FL_examples (187),FL_examples#18
B_blocchi,logistic_regression,4,98,1,0.25272823356712126,FL_examples (188),FL_examples#18
B_blocchi,logistic_regression,4,99,1,0.6237360702141727,FL_examples (189),FL_examples#18
B_blocchi,logistic_regression,4,101,1,0.4915503445224199,FL_examples (190),FL_examples#18
B_blocchi,logistic_regression,4,111,1,0.2765053210101834,FL_examples (2),FL_examples#0
B_blocchi,logistic_regression,4,136,1,0.9631932540170338,FL_examples (221),FL_examples#22
B_blocchi,logistic_regression,4,137,1,0.9636983798690196,FL_examples (222),FL_examples#22
B_blocchi,logistic_regression,4,138,1,0.8966482698683653,FL_examples (223),FL_examples#22
B_blocchi,logistic_regression,4,139,1,0.9703407640479711,FL_examples (224),FL_examples#22
B_blocchi,logistic_regression,4,140,1,0.9173763422808909,FL_examples (225),FL_examples#22
B_blocchi,logistic_regression,4,141,1,0.913556652608957,FL_examples (226),FL_examples#22
B_blocchi,logistic_regression,4,142,1,0.9615560386746509,FL_examples (227),FL_examples#22
B_blocchi,logistic_regression,4,143,1,0.9272331835163681,FL_examples (228),FL_examples#22
B_blocchi,logistic_regression,4,144,1,0.9774331355734507,FL_examples (229),FL_examples#22
B_blocchi,logistic_regression,4,146,1,0.9523821252580266,FL_examples (230),FL_examples#22
B_blocchi,logistic_regression,4,191,1,0.5395584697110148,FL_examples (271),FL_examples#27
B_blocchi,logistic_regression,4,192,1,0.35779500781800466,FL_examples (272),FL_examples#27
B_blocchi,logistic_regression,4,193,1,0.8794892971827147,FL_examples (273),FL_examples#27
B_blocchi,logistic_regression,4,194,1,0.9406934871317666,FL_examples (274),FL_examples#27
B_blocchi,logistic_regression,4,195,1,0.9240534784024648,FL_examples (275),FL_examples#27
B_blocchi,logistic_regression,4,196,1,0.2298454773117093,FL_examples (276),FL_examples#27
B_blocchi,logistic_regression,4,197,1,0.08505353589927946,FL_examples (277),FL_examples#27
B_blocchi,logistic_regression,4,198,1,0.16885324592210205,FL_examples (278),FL_examples#27
B_blocchi,logistic_regression,4,199,1,0.2602823051405841,FL_examples (279),FL_examples#27
B_blocchi,logistic_regression,4,201,1,0.10092889965479317,FL_examples (280),FL_examples#27
B_blocchi,logistic_regression,4,222,1,0.3145907164710589,FL_examples (3),FL_examples#0
B_blocchi,logistic_regression,4,234,1,0.5369054734130418,FL_examples (4),FL_examples#0
B_blocchi,logistic_regression,4,245,1,0.3609428093727392,FL_examples (5),FL_examples#0
B_blocchi,logistic_regression,4,247,1,0.8342697816715239,FL_examples (51),FL_examples#5
B_blocchi,logistic_regression,4,248,1,0.7452290869572263,FL_examples (52),FL_examples#5
B_blocchi,logistic_regression,4,249,1,0.40864113720562933,FL_examples (53),FL_examples#5
B_blocchi,logistic_regression,4,250,1,0.44867265453794075,FL_examples (54),FL_examples#5
B_blocchi,logistic_regression,4,251,1,0.4386145205708409,FL_examples (55),FL_examples#5
B_blocchi,logistic_regression,4,252,1,0.5335718977325751,FL_examples (56),FL_examples#5
B_blocchi,logistic_regression,4,253,1,0.22349325746530888,FL_examples (57),FL_examples#5
B_blocchi,logistic_regression,4,254,1,0.6408130320389456,FL_examples (58),FL_examples#5
B_blocchi,logistic_regression,4,255,1,0.32849699903627055,FL_examples (59),FL_examples#5
B_blocchi,logistic_regression,4,256,1,0.1412480117683054,FL_examples (6),FL_examples#0
B_blocchi,logistic_regression,4,257,1,0.29671177142040195,FL_examples (60),FL_examples#5
B_blocchi,logistic_regression,4,267,1,0.21993724967044437,FL_examples (7),FL_examples#0
B_blocchi,logistic_regression,4,278,1,0.04405246915774895,FL_examples (8),FL_examples#0
B_blocchi,logistic_regression,4,289,1,0.44010475038177627,FL_examples (9),FL_examples#0
B_blocchi,logistic_regression,4,300,0,0.42643243908765904,REACTIVE_examples (1),REACTIVE_examples#0
B_blocchi,logistic_regression,4,301,0,0.032073092575095996,REACTIVE_examples (10),REACTIVE_examples#0
B_blocchi,logistic_regression,4,336,0,0.2959617401012224,REACTIVE_examples (131),REACTIVE_examples#13
B_blocchi,logistic_regression,4,337,0,0.17688631554521733,REACTIVE_examples (132),REACTIVE_examples#13
B_blocchi,logistic_regression,4,338,0,0.41471672470953186,REACTIVE_examples (133),REACTIVE_examples#13
B_blocchi,logistic_regression,4,339,0,0.5819671170038019,REACTIVE_examples (134),REACTIVE_examples#13
B_blocchi,logistic_regression,4,340,0,0.27167932359675107,REACTIVE_examples (135),REACTIVE_examples#13
B_blocchi,logistic_regression,4,341,0,0.35339337227308737,REACTIVE_examples (136),REACTIVE_examples#13
B_blocchi,logistic_regression,4,342,0,0.23042422555095007,REACTIVE_examples (137),REACTIVE_examples#13
B_blocchi,logistic_regression,4,343,0,0.12399867936862762,REACTIVE_examples (138),REACTIVE_examples#13
B_blocchi,logistic_regression,4,344,0,0.026736710781279552,REACTIVE_examples (139),REACTIVE_examples#13
B_blocchi,logistic_regression,4,346,0,0.060024954331471994,REACTIVE_examples (140),REACTIVE_examples#13
B_blocchi,logistic_regression,4,391,0,0.08748363164087619,REACTIVE_examples (181),REACTIVE_examples#18
B_blocchi,logistic_regression,4,392,0,0.5017285138385115,REACTIVE_examples (182),REACTIVE_examples#18
B_blocchi,logistic_regression,4,393,0,0.8479172360786851,REACTIVE_examples (183),REACTIVE_examples#18
B_blocchi,logistic_regression,4,394,0,0.4735641773066369,REACTIVE_examples (184),REACTIVE_examples#18
B_blocchi,logistic_regression,4,395,0,0.24155035840940442,REACTIVE_examples (185),REACTIVE_examples#18
B_blocchi,logistic_regression,4,396,0,0.12479330347933648,REACTIVE_examples (186),REACTIVE_examples#18
B_blocchi,logistic_regression,4,397,0,0.1300933158180139,REACTIVE_examples (187),REACTIVE_examples#18
B_blocchi,logistic_regression,4,398,0,0.2184090151960462,REACTIVE_examples (188),REACTIVE_examples#18
B_blocchi,logistic_regression,4,399,0,0.17244814670019606,REACTIVE_examples (189),REACTIVE_examples#18
B_blocchi,logistic_regression,4,401,0,0.07487354520098274,REACTIVE_examples (190),REACTIVE_examples#18
B_blocchi,logistic_regression,4,411,0,0.046602355300659586,REACTIVE_examples (2),REACTIVE_examples#0
B_blocchi,logistic_regression,4,436,0,0.06066351226566755,REACTIVE_examples (221),REACTIVE_examples#22
B_blocchi,logistic_regression,4,437,0,0.11018938279398865,REACTIVE_examples (222),REACTIVE_examples#22
B_blocchi,logistic_regression,4,438,0,0.4079910088065933,REACTIVE_examples (223),REACTIVE_examples#22
B_blocchi,logistic_regression,4,439,0,0.23334254065980245,REACTIVE_examples (224),REACTIVE_examples#22
B_blocchi,logistic_regression,4,440,0,0.1407002787612283,REACTIVE_examples (225),REACTIVE_examples#22
B_blocchi,logistic_regression,4,441,0,0.054657979099752486,REACTIVE_examples (226),REACTIVE_examples#22
B_blocchi,logistic_regression,4,442,0,0.15747188576057905,REACTIVE_examples (227),REACTIVE_examples#22
B_blocchi,logistic_regression,4,443,0,0.07717267727702426,REACTIVE_examples (228),REACTIVE_examples#22
B_blocchi,logistic_regression,4,444,0,0.5562284864735201,REACTIVE_examples (229),REACTIVE_examples#22
B_blocchi,logistic_regression,4,446,0,0.09729365984622108,REACTIVE_examples (230),REACTIVE_examples#22
B_blocchi,logistic_regression,4,491,0,0.4262761494867344,REACTIVE_examples (271),REACTIVE_examples#27
B_blocchi,logistic_regression,4,492,0,0.14738408257089364,REACTIVE_examples (272),REACTIVE_examples#27
B_blocchi,logistic_regression,4,493,0,0.23886322981750138,REACTIVE_examples (273),REACTIVE_examples#27
B_blocchi,logistic_regression,4,494,0,0.140355768810046,REACTIVE_examples (274),REACTIVE_examples#27
B_blocchi,logistic_regression,4,495,0,0.38893096126090393,REACTIVE_examples (275),REACTIVE_examples#27
B_blocchi,logistic_regression,4,496,0,0.2746169668400825,REACTIVE_examples (276),REACTIVE_examples#27
B_blocchi,logistic_regression,4,497,0,0.13786904346493353,REACTIVE_examples (277),REACTIVE_examples#27
B_blocchi,logistic_regression,4,498,0,0.17602997039585377,REACTIVE_examples (278),REACTIVE_examples#27
B_blocchi,logistic_regression,4,499,0,0.16522643742842041,REACTIVE_examples (279),REACTIVE_examples#27
B_blocchi,logistic_regression,4,501,0,0.2088916959243054,REACTIVE_examples (280),REACTIVE_examples#27
B_blocchi,logistic_regression,4,522,0,0.02247949429291445,REACTIVE_examples (3),REACTIVE_examples#0
B_blocchi,logistic_regression,4,534,0,0.13000601652422572,REACTIVE_examples (4),REACTIVE_examples#0
B_blocchi,logistic_regression,4,545,0,0.03383747891402499,REACTIVE_examples (5),REACTIVE_examples#0
B_blocchi,logistic_regression,4,547,0,0.6797871019432637,REACTIVE_examples (51),REACTIVE_examples#5
B_blocchi,logistic_regression,4,548,0,0.8995038590287023,REACTIVE_examples (52),REACTIVE_examples#5
B_blocchi,logistic_regression,4,549,0,0.36403245985325017,REACTIVE_examples (53),REACTIVE_examples#5
B_blocchi,logistic_regression,4,550,0,0.6047533201574465,REACTIVE_examples (54),REACTIVE_examples#5
B_blocchi,logistic_regression,4,551,0,0.30973004034056245,REACTIVE_examples (55),REACTIVE_examples#5
B_blocchi,logistic_regression,4,552,0,0.3996496824052295,REACTIVE_examples (56),REACTIVE_examples#5
B_blocchi,logistic_regression,4,553,0,0.18760179074349387,REACTIVE_examples (57),REACTIVE_examples#5
B_blocchi,logistic_regression,4,554,0,0.4905029301457783,REACTIVE_examples (58),REACTIVE_examples#5
B_blocchi,logistic_regression,4,555,0,0.7380946355788913,REACTIVE_examples (59),REACTIVE_examples#5
B_blocchi,logistic_regression,4,556,0,0.1447979925768697,REACTIVE_examples (6),REACTIVE_examples#0
B_blocchi,logistic_regression,4,557,0,0.8132533526724677,REACTIVE_examples (60),REACTIVE_examples#5
B_blocchi,logistic_regression,4,567,0,0.05145531063056052,REACTIVE_examples (7),REACTIVE_examples#0
B_blocchi,logistic_regression,4,578,0,0.13102862172371008,REACTIVE_examples (8),REACTIVE_examples#0
B_blocchi,logistic_regression,4,589,0,0.07297677396046924,REACTIVE_examples (9),REACTIVE_examples#0
B_blocchi,random_forest,4,0,1,0.43666666666666665,FL_examples (1),FL_examples#0
B_blocchi,random_forest,4,1,1,0.31666666666666665,FL_examples (10),FL_examples#0
B_blocchi,random_forest,4,36,1,0.9166666666666666,FL_examples (131),FL_examples#13
B_blocchi,random_forest,4,37,1,0.99,FL_examples (132),FL_examples#13
B_blocchi,random_forest,4,38,1,0.88,FL_examples (133),FL_examples#13
B_blocchi,random_forest,4,39,1,0.9733333333333334,FL_examples (134),FL_examples#13
B_blocchi,random_forest,4,40,1,0.91,FL_examples (135),FL_examples#13
B_blocchi,random_forest,4,41,1,0.96,FL_examples (136),FL_examples#13
B_blocchi,random_forest,4,42,1,0.9733333333333334,FL_examples (137),FL_examples#13
B_blocchi,random_forest,4,43,1,0.8,FL_examples (138),FL_examples#13
B_blocchi,random_forest,4,44,1,0.7433333333333333,FL_examples (139),FL_examples#13
B_blocchi,random_forest,4,46,1,0.9933333333333333,FL_examples (140),FL_examples#13
B_blocchi,random_forest,4,91,1,0.8333333333333334,FL_examples (181),FL_examples#18
B_blocchi,random_forest,4,92,1,0.9,FL_examples (182),FL_examples#18
B_blocchi,random_forest,4,93,1,0.71,FL_examples (183),FL_examples#18
B_blocchi,random_forest,4,94,1,0.85,FL_examples (184),FL_examples#18
B_blocchi,random_forest,4,95,1,0.82,FL_examples (185),FL_examples#18
B_blocchi,random_forest,4,96,1,0.8666666666666667,FL_examples (186),FL_examples#18
B_blocchi,random_forest,4,97,1,0.72,FL_examples (187),FL_examples#18
B_blocchi,random_forest,4,98,1,0.11333333333333333,FL_examples (188),FL_examples#18
B_blocchi,random_forest,4,99,1,0.5366666666666666,FL_examples (189),FL_examples#18
B_blocchi,random_forest,4,101,1,0.4033333333333333,FL_examples (190),FL_examples#18
B_blocchi,random_forest,4,111,1,0.16333333333333333,FL_examples (2),FL_examples#0
B_blocchi,random_forest,4,136,1,0.88,FL_examples (221),FL_examples#22
B_blocchi,random_forest,4,137,1,0.94,FL_examples (222),FL_examples#22
B_blocchi,random_forest,4,138,1,0.89,FL_examples (223),FL_examples#22
B_blocchi,random_forest,4,139,1,0.9233333333333333,FL_examples (224),FL_examples#22
B_blocchi,random_forest,4,140,1,0.9333333333333333,FL_examples (225),FL_examples#22
B_blocchi,random_forest,4,141,1,0.86,FL_examples (226),FL_examples#22
B_blocchi,random_forest,4,142,1,0.8666666666666667,FL_examples (227),FL_examples#22
B_blocchi,random_forest,4,143,1,0.9033333333333333,FL_examples (228),FL_examples#22
B_blocchi,random_forest,4,144,1,0.8133333333333334,FL_examples (229),FL_examples#22
B_blocchi,random_forest,4,146,1,0.8966666666666666,FL_examples (230),FL_examples#22
B_blocchi,random_forest,4,191,1,0.26666666666666666,FL_examples (271),FL_examples#27
B_blocchi,random_forest,4,192,1,0.37,FL_examples (272),FL_examples#27
B_blocchi,random_forest,4,193,1,0.83,FL_examples (273),FL_examples#27
B_blocchi,random_forest,4,194,1,0.72,FL_examples (274),FL_examples#27
B_blocchi,random_forest,4,195,1,0.7766666666666666,FL_examples (275),FL_examples#27
B_blocchi,random_forest,4,196,1,0.42333333333333334,FL_examples (276),FL_examples#27
B_blocchi,random_forest,4,197,1,0.12333333333333334,FL_examples (277),FL_examples#27
B_blocchi,random_forest,4,198,1,0.4533333333333333,FL_examples (278),FL_examples#27
B_blocchi,random_forest,4,199,1,0.22,FL_examples (279),FL_examples#27
B_blocchi,random_forest,4,201,1,0.37,FL_examples (280),FL_examples#27
B_blocchi,random_forest,4,222,1,0.19666666666666666,FL_examples (3),FL_examples#0
B_blocchi,random_forest,4,234,1,0.36333333333333334,FL_examples (4),FL_examples#0
B_blocchi,random_forest,4,245,1,0.64,FL_examples (5),FL_examples#0
B_blocchi,random_forest,4,247,1,0.7766666666666666,FL_examples (51),FL_examples#5
B_blocchi,random_forest,4,248,1,0.7933333333333333,FL_examples (52),FL_examples#5
B_blocchi,random_forest,4,249,1,0.52,FL_examples (53),FL_examples#5
B_blocchi,random_forest,4,250,1,0.35,FL_examples (54),FL_examples#5
B_blocchi,random_forest,4,251,1,0.49,FL_examples (55),FL_examples#5
B_blocchi,random_forest,4,252,1,0.4666666666666667,FL_examples (56),FL_examples#5
B_blocchi,random_forest,4,253,1,0.5066666666666667,FL_examples (57),FL_examples#5
B_blocchi,random_forest,4,254,1,0.6066666666666667,FL_examples (58),FL_examples#5
B_blocchi,random_forest,4,255,1,0.4766666666666667,FL_examples (59),FL_examples#5
B_blocchi,random_forest,4,256,1,0.3433333333333333,FL_examples (6),FL_examples#0
B_blocchi,random_forest,4,257,1,0.6133333333333333,FL_examples (60),FL_examples#5
B_blocchi,random_forest,4,267,1,0.5233333333333333,FL_examples (7),FL_examples#0
B_blocchi,random_forest,4,278,1,0.13666666666666666,FL_examples (8),FL_examples#0
B_blocchi,random_forest,4,289,1,0.26,FL_examples (9),FL_examples#0
B_blocchi,random_forest,4,300,0,0.31666666666666665,REACTIVE_examples (1),REACTIVE_examples#0
B_blocchi,random_forest,4,301,0,0.05,REACTIVE_examples (10),REACTIVE_examples#0
B_blocchi,random_forest,4,336,0,0.26,REACTIVE_examples (131),REACTIVE_examples#13
B_blocchi,random_forest,4,337,0,0.15666666666666668,REACTIVE_examples (132),REACTIVE_examples#13
B_blocchi,random_forest,4,338,0,0.65,REACTIVE_examples (133),REACTIVE_examples#13
B_blocchi,random_forest,4,339,0,0.7633333333333333,REACTIVE_examples (134),REACTIVE_examples#13
B_blocchi,random_forest,4,340,0,0.4633333333333333,REACTIVE_examples (135),REACTIVE_examples#13
B_blocchi,random_forest,4,341,0,0.25,REACTIVE_examples (136),REACTIVE_examples#13
B_blocchi,random_forest,4,342,0,0.31,REACTIVE_examples (137),REACTIVE_examples#13
B_blocchi,random_forest,4,343,0,0.1,REACTIVE_examples (138),REACTIVE_examples#13
B_blocchi,random_forest,4,344,0,0.04666666666666667,REACTIVE_examples (139),REACTIVE_examples#13
B_blocchi,random_forest,4,346,0,0.15666666666666668,REACTIVE_examples (140),REACTIVE_examples#13
B_blocchi,random_forest,4,391,0,0.18,REACTIVE_examples (181),REACTIVE_examples#18
B_blocchi,random_forest,4,392,0,0.4666666666666667,REACTIVE_examples (182),REACTIVE_examples#18
B_blocchi,random_forest,4,393,0,0.6866666666666666,REACTIVE_examples (183),REACTIVE_examples#18
B_blocchi,random_forest,4,394,0,0.48333333333333334,REACTIVE_examples (184),REACTIVE_examples#18
B_blocchi,random_forest,4,395,0,0.33,REACTIVE_examples (185),REACTIVE_examples#18
B_blocchi,random_forest,4,396,0,0.31333333333333335,REACTIVE_examples (186),REACTIVE_examples#18
B_blocchi,random_forest,4,397,0,0.1,REACTIVE_examples (187),REACTIVE_examples#18
B_blocchi,random_forest,4,398,0,0.16333333333333333,REACTIVE_examples (188),REACTIVE_examples#18
B_blocchi,random_forest,4,399,0,0.25,REACTIVE_examples (189),REACTIVE_examples#18
B_blocchi,random_forest,4,401,0,0.15,REACTIVE_examples (190),REACTIVE_examples#18
B_blocchi,random_forest,4,411,0,0.2833333333333333,REACTIVE_examples (2),REACTIVE_examples#0
B_blocchi,random_forest,4,436,0,0.06666666666666667,REACTIVE_examples (221),REACTIVE_examples#22
B_blocchi,random_forest,4,437,0,0.14,REACTIVE_examples (222),REACTIVE_examples#22
B_blocchi,random_forest,4,438,0,0.4066666666666667,REACTIVE_examples (223),REACTIVE_examples#22
B_blocchi,random_forest,4,439,0,0.21,REACTIVE_examples (224),REACTIVE_examples#22
B_blocchi,random_forest,4,440,0,0.20333333333333334,REACTIVE_examples (225),REACTIVE_examples#22
B_blocchi,random_forest,4,441,0,0.11,REACTIVE_examples (226),REACTIVE_examples#22
B_blocchi,random_forest,4,442,0,0.23333333333333334,REACTIVE_examples (227),REACTIVE_examples#22
B_blocchi,random_forest,4,443,0,0.32666666666666666,REACTIVE_examples (228),REACTIVE_examples#22
B_blocchi,random_forest,4,444,0,0.43666666666666665,REACTIVE_examples (229),REACTIVE_examples#22
B_blocchi,random_forest,4,446,0,0.20333333333333334,REACTIVE_examples (230),REACTIVE_examples#22
B_blocchi,random_forest,4,491,0,0.49,REACTIVE_examples (271),REACTIVE_examples#27
B_blocchi,random_forest,4,492,0,0.12666666666666668,REACTIVE_examples (272),REACTIVE_examples#27
B_blocchi,random_forest,4,493,0,0.16,REACTIVE_examples (273),REACTIVE_examples#27
B_blocchi,random_forest,4,494,0,0.23666666666666666,REACTIVE_examples (274),REACTIVE_examples#27
B_blocchi,random_forest,4,495,0,0.22333333333333333,REACTIVE_examples (275),REACTIVE_examples#27
B_blocchi,random_forest,4,496,0,0.11333333333333333,REACTIVE_examples (276),REACTIVE_examples#27
B_blocchi,random_forest,4,497,0,0.06,REACTIVE_examples (277),REACTIVE_examples#27
B_blocchi,random_forest,4,498,0,0.12,REACTIVE_examples (278),REACTIVE_examples#27
B_blocchi,random_forest,4,499,0,0.09333333333333334,REACTIVE_examples (279),REACTIVE_examples#27
B_blocchi,random_forest,4,501,0,0.14,REACTIVE_examples (280),REACTIVE_examples#27
B_blocchi,random_forest,4,522,0,0.08333333333333333,REACTIVE_examples (3),REACTIVE_examples#0
B_blocchi,random_forest,4,534,0,0.31,REACTIVE_examples (4),REACTIVE_examples#0
B_blocchi,random_forest,4,545,0,0.12,REACTIVE_examples (5),REACTIVE_examples#0
B_blocchi,random_forest,4,547,0,0.6733333333333333,REACTIVE_examples (51),REACTIVE_examples#5
B_blocchi,random_forest,4,548,0,0.8366666666666667,REACTIVE_examples (52),REACTIVE_examples#5
B_blocchi,random_forest,4,549,0,0.28,REACTIVE_examples (53),REACTIVE_examples#5
B_blocchi,random_forest,4,550,0,0.42333333333333334,REACTIVE_examples (54),REACTIVE_examples#5
B_blocchi,random_forest,4,551,0,0.22,REACTIVE_examples (55),REACTIVE_examples#5
B_blocchi,random_forest,4,552,0,0.17666666666666667,REACTIVE_examples (56),REACTIVE_examples#5
B_blocchi,random_forest,4,553,0,0.24666666666666667,REACTIVE_examples (57),REACTIVE_examples#5
B_blocchi,random_forest,4,554,0,0.18,REACTIVE_examples (58),REACTIVE_examples#5
B_blocchi,random_forest,4,555,0,0.54,REACTIVE_examples (59),REACTIVE_examples#5
B_blocchi,random_forest,4,556,0,0.15,REACTIVE_examples (6),REACTIVE_examples#0
B_blocchi,random_forest,4,557,0,0.57,REACTIVE_examples (60),REACTIVE_examples#5
B_blocchi,random_forest,4,567,0,0.08,REACTIVE_examples (7),REACTIVE_examples#0
B_blocchi,random_forest,4,578,0,0.23333333333333334,REACTIVE_examples (8),REACTIVE_examples#0
B_blocchi,random_forest,4,589,0,0.14333333333333334,REACTIVE_examples (9),REACTIVE_examples#0
B_blocchi,xgboost,4,0,1,0.4441485106945038,FL_examples (1),FL_examples#0
B_blocchi,xgboost,4,1,1,0.17593474686145782,FL_examples (10),FL_examples#0
B_blocchi,xgboost,4,36,1,0.99625563621521,FL_examples (131),FL_examples#13
B_blocchi,xgboost,4,37,1,0.9985612034797668,FL_examples (132),FL_examples#13
B_blocchi,xgboost,4,38,1,0.9938973784446716,FL_examples (133),FL_examples#13
B_blocchi,xgboost,4,39,1,0.9986304044723511,FL_examples (134),FL_examples#13
B_blocchi,xgboost,4,40,1,0.9990679621696472,FL_examples (135),FL_examples#13
B_blocchi,xgboost,4,41,1,0.9980072379112244,FL_examples (136),FL_examples#13
B_blocchi,xgboost,4,42,1,0.998878538608551,FL_examples (137),FL_examples#13
B_blocchi,xgboost,4,43,1,0.987073540687561,FL_examples (138),FL_examples#13
B_blocchi,xgboost,4,44,1,0.9246541857719421,FL_examples (139),FL_examples#13
B_blocchi,xgboost,4,46,1,0.9986346364021301,FL_examples (140),FL_examples#13
B_blocchi,xgboost,4,91,1,0.9808102250099182,FL_examples (181),FL_examples#18
B_blocchi,xgboost,4,92,1,0.9985502362251282,FL_examples (182),FL_examples#18
B_blocchi,xgboost,4,93,1,0.9949764013290405,FL_examples (183),FL_examples#18
B_blocchi,xgboost,4,94,1,0.994188666343689,FL_examples (184),FL_examples#18
B_blocchi,xgboost,4,95,1,0.9914454221725464,FL_examples (185),FL_examples#18
B_blocchi,xgboost,4,96,1,0.9944332242012024,FL_examples (186),FL_examples#18
B_blocchi,xgboost,4,97,1,0.9923345446586609,FL_examples (187),FL_examples#18
B_blocchi,xgboost,4,98,1,0.007796204183250666,FL_examples (188),FL_examples#18
B_blocchi,xgboost,4,99,1,0.10952696204185486,FL_examples (189),FL_examples#18
B_blocchi,xgboost,4,101,1,0.16539615392684937,FL_examples (190),FL_examples#18
B_blocchi,xgboost,4,111,1,0.04271207004785538,FL_examples (2),FL_examples#0
B_blocchi,xgboost,4,136,1,0.9960953593254089,FL_examples (221),FL_examples#22
B_blocchi,xgboost,4,137,1,0.9976834058761597,FL_examples (222),FL_examples#22
B_blocchi,xgboost,4,138,1,0.995701253414154,FL_examples (223),FL_examples#22
B_blocchi,xgboost,4,139,1,0.9987938404083252,FL_examples (224),FL_examples#22
B_blocchi,xgboost,4,140,1,0.9983647465705872,FL_examples (225),FL_examples#22
B_blocchi,xgboost,4,141,1,0.9841070175170898,FL_examples (226),FL_examples#22
B_blocchi,xgboost,4,142,1,0.997636079788208,FL_examples (227),FL_examples#22
B_blocchi,xgboost,4,143,1,0.9983118772506714,FL_examples (228),FL_examples#22
B_blocchi,xgboost,4,144,1,0.9983323216438293,FL_examples (229),FL_examples#22
B_blocchi,xgboost,4,146,1,0.9987154006958008,FL_examples (230),FL_examples#22
B_blocchi,xgboost,4,191,1,0.1370387226343155,FL_examples (271),FL_examples#27
B_blocchi,xgboost,4,192,1,0.8066185116767883,FL_examples (272),FL_examples#27
B_blocchi,xgboost,4,193,1,0.9992089867591858,FL_examples (273),FL_examples#27
B_blocchi,xgboost,4,194,1,0.9477498531341553,FL_examples (274),FL_examples#27
B_blocchi,xgboost,4,195,1,0.8517982363700867,FL_examples (275),FL_examples#27
B_blocchi,xgboost,4,196,1,0.5384817123413086,FL_examples (276),FL_examples#27
B_blocchi,xgboost,4,197,1,0.012035327963531017,FL_examples (277),FL_examples#27
B_blocchi,xgboost,4,198,1,0.9061742424964905,FL_examples (278),FL_examples#27
B_blocchi,xgboost,4,199,1,0.09668611735105515,FL_examples (279),FL_examples#27
B_blocchi,xgboost,4,201,1,0.25242313742637634,FL_examples (280),FL_examples#27
B_blocchi,xgboost,4,222,1,0.035276759415864944,FL_examples (3),FL_examples#0
B_blocchi,xgboost,4,234,1,0.32088616490364075,FL_examples (4),FL_examples#0
B_blocchi,xgboost,4,245,1,0.9727504849433899,FL_examples (5),FL_examples#0
B_blocchi,xgboost,4,247,1,0.8280022144317627,FL_examples (51),FL_examples#5
B_blocchi,xgboost,4,248,1,0.9738271236419678,FL_examples (52),FL_examples#5
B_blocchi,xgboost,4,249,1,0.5742223262786865,FL_examples (53),FL_examples#5
B_blocchi,xgboost,4,250,1,0.5039979219436646,FL_examples (54),FL_examples#5
B_blocchi,xgboost,4,251,1,0.6001614928245544,FL_examples (55),FL_examples#5
B_blocchi,xgboost,4,252,1,0.08493376523256302,FL_examples (56),FL_examples#5
B_blocchi,xgboost,4,253,1,0.07508295029401779,FL_examples (57),FL_examples#5
B_blocchi,xgboost,4,254,1,0.9588435888290405,FL_examples (58),FL_examples#5
B_blocchi,xgboost,4,255,1,0.2261783629655838,FL_examples (59),FL_examples#5
B_blocchi,xgboost,4,256,1,0.3968403935432434,FL_examples (6),FL_examples#0
B_blocchi,xgboost,4,257,1,0.18403807282447815,FL_examples (60),FL_examples#5
B_blocchi,xgboost,4,267,1,0.760350227355957,FL_examples (7),FL_examples#0
B_blocchi,xgboost,4,278,1,0.006823001429438591,FL_examples (8),FL_examples#0
B_blocchi,xgboost,4,289,1,0.15647843480110168,FL_examples (9),FL_examples#0
B_blocchi,xgboost,4,300,0,0.05467679724097252,REACTIVE_examples (1),REACTIVE_examples#0
B_blocchi,xgboost,4,301,0,0.0036014600191265345,REACTIVE_examples (10),REACTIVE_examples#0
B_blocchi,xgboost,4,336,0,0.005349892191588879,REACTIVE_examples (131),REACTIVE_examples#13
B_blocchi,xgboost,4,337,0,0.004976694006472826,REACTIVE_examples (132),REACTIVE_examples#13
B_blocchi,xgboost,4,338,0,0.6669459342956543,REACTIVE_examples (133),REACTIVE_examples#13
B_blocchi,xgboost,4,339,0,0.9205020666122437,REACTIVE_examples (134),REACTIVE_examples#13
B_blocchi,xgboost,4,340,0,0.30439335107803345,REACTIVE_examples (135),REACTIVE_examples#13
B_blocchi,xgboost,4,341,0,0.029919061809778214,REACTIVE_examples (136),REACTIVE_examples#13
B_blocchi,xgboost,4,342,0,0.367203027009964,REACTIVE_examples (137),REACTIVE_examples#13
B_blocchi,xgboost,4,343,0,0.003277113661170006,REACTIVE_examples (138),REACTIVE_examples#13
B_blocchi,xgboost,4,344,0,0.0014584221644327044,REACTIVE_examples (139),REACTIVE_examples#13
B_blocchi,xgboost,4,346,0,0.007339021191000938,REACTIVE_examples (140),REACTIVE_examples#13
B_blocchi,xgboost,4,391,0,0.027680907398462296,REACTIVE_examples (181),REACTIVE_examples#18
B_blocchi,xgboost,4,392,0,0.27633538842201233,REACTIVE_examples (182),REACTIVE_examples#18
B_blocchi,xgboost,4,393,0,0.5928028225898743,REACTIVE_examples (183),REACTIVE_examples#18
B_blocchi,xgboost,4,394,0,0.11345259845256805,REACTIVE_examples (184),REACTIVE_examples#18
B_blocchi,xgboost,4,395,0,0.03921842202544212,REACTIVE_examples (185),REACTIVE_examples#18
B_blocchi,xgboost,4,396,0,0.10588358342647552,REACTIVE_examples (186),REACTIVE_examples#18
B_blocchi,xgboost,4,397,0,0.0018929068464785814,REACTIVE_examples (187),REACTIVE_examples#18
B_blocchi,xgboost,4,398,0,0.0037136655300855637,REACTIVE_examples (188),REACTIVE_examples#18
B_blocchi,xgboost,4,399,0,0.003290898632258177,REACTIVE_examples (189),REACTIVE_examples#18
B_blocchi,xgboost,4,401,0,0.006948354188352823,REACTIVE_examples (190),REACTIVE_examples#18
B_blocchi,xgboost,4,411,0,0.07036153227090836,REACTIVE_examples (2),REACTIVE_examples#0
B_blocchi,xgboost,4,436,0,0.0072385938838124275,REACTIVE_examples (221),REACTIVE_examples#22
B_blocchi,xgboost,4,437,0,0.005943900439888239,REACTIVE_examples (222),REACTIVE_examples#22
B_blocchi,xgboost,4,438,0,0.07502631098031998,REACTIVE_examples (223),REACTIVE_examples#22
B_blocchi,xgboost,4,439,0,0.013222492299973965,REACTIVE_examples (224),REACTIVE_examples#22
B_blocchi,xgboost,4,440,0,0.015893587842583656,REACTIVE_examples (225),REACTIVE_examples#22
B_blocchi,xgboost,4,441,0,0.0026013324968516827,REACTIVE_examples (226),REACTIVE_examples#22
B_blocchi,xgboost,4,442,0,0.004674377851188183,REACTIVE_examples (227),REACTIVE_examples#22
B_blocchi,xgboost,4,443,0,0.01358585525304079,REACTIVE_examples (228),REACTIVE_examples#22
B_blocchi,xgboost,4,444,0,0.24517180025577545,REACTIVE_examples (229),REACTIVE_examples#22
B_blocchi,xgboost,4,446,0,0.018868133425712585,REACTIVE_examples (230),REACTIVE_examples#22
B_blocchi,xgboost,4,491,0,0.44484180212020874,REACTIVE_examples (271),REACTIVE_examples#27
B_blocchi,xgboost,4,492,0,0.0026715267449617386,REACTIVE_examples (272),REACTIVE_examples#27
B_blocchi,xgboost,4,493,0,0.034987591207027435,REACTIVE_examples (273),REACTIVE_examples#27
B_blocchi,xgboost,4,494,0,0.014363962225615978,REACTIVE_examples (274),REACTIVE_examples#27
B_blocchi,xgboost,4,495,0,0.032104507088661194,REACTIVE_examples (275),REACTIVE_examples#27
B_blocchi,xgboost,4,496,0,0.0033289222046732903,REACTIVE_examples (276),REACTIVE_examples#27
B_blocchi,xgboost,4,497,0,0.006207128055393696,REACTIVE_examples (277),REACTIVE_examples#27
B_blocchi,xgboost,4,498,0,0.009033690206706524,REACTIVE_examples (278),REACTIVE_examples#27
B_blocchi,xgboost,4,499,0,0.016311846673488617,REACTIVE_examples (279),REACTIVE_examples#27
B_blocchi,xgboost,4,501,0,0.00815010629594326,REACTIVE_examples (280),REACTIVE_examples#27
B_blocchi,xgboost,4,522,0,0.007788421586155891,REACTIVE_examples (3),REACTIVE_examples#0
B_blocchi,xgboost,4,534,0,0.0569608137011528,REACTIVE_examples (4),REACTIVE_examples#0
B_blocchi,xgboost,4,545,0,0.002676562638953328,REACTIVE_examples (5),REACTIVE_examples#0
B_blocchi,xgboost,4,547,0,0.820615291595459,REACTIVE_examples (51),REACTIVE_examples#5
B_blocchi,xgboost,4,548,0,0.9984877109527588,REACTIVE_examples (52),REACTIVE_examples#5
B_blocchi,xgboost,4,549,0,0.004362121224403381,REACTIVE_examples (53),REACTIVE_examples#5
B_blocchi,xgboost,4,550,0,0.09036406874656677,REACTIVE_examples (54),REACTIVE_examples#5
B_blocchi,xgboost,4,551,0,0.011149637401103973,REACTIVE_examples (55),REACTIVE_examples#5
B_blocchi,xgboost,4,552,0,0.05205068364739418,REACTIVE_examples (56),REACTIVE_examples#5
B_blocchi,xgboost,4,553,0,0.0034578554332256317,REACTIVE_examples (57),REACTIVE_examples#5
B_blocchi,xgboost,4,554,0,0.00650279363617301,REACTIVE_examples (58),REACTIVE_examples#5
B_blocchi,xgboost,4,555,0,0.06372319906949997,REACTIVE_examples (59),REACTIVE_examples#5
B_blocchi,xgboost,4,556,0,0.007150940131396055,REACTIVE_examples (6),REACTIVE_examples#0
B_blocchi,xgboost,4,557,0,0.2254263311624527,REACTIVE_examples (60),REACTIVE_examples#5
B_blocchi,xgboost,4,567,0,0.004492660518735647,REACTIVE_examples (7),REACTIVE_examples#0
B_blocchi,xgboost,4,578,0,0.03843265399336815,REACTIVE_examples (8),REACTIVE_examples#0
B_blocchi,xgboost,4,589,0,0.007174045313149691,REACTIVE_examples (9),REACTIVE_examples#0
