image_name,category,sigma,target,n_nuclei,nuclear_density_per_1000um2,nuclear_area_fraction,area_top10_mean_um2,area_top10_short_axis_um,area_um2_mean,area_um2_std,area_um2_skew,area_um2_cv,perimeter_um_mean,perimeter_um_std,perimeter_um_skew,perimeter_um_cv,circularity_mean,circularity_std,circularity_skew,circularity_cv,eccentricity_mean,eccentricity_std,eccentricity_skew,eccentricity_cv,solidity_mean,solidity_std,solidity_skew,solidity_cv,major_axis_um_mean,major_axis_um_std,major_axis_um_skew,major_axis_um_cv,minor_axis_um_mean,minor_axis_um_std,minor_axis_um_skew,minor_axis_um_cv,aspect_ratio_mean,aspect_ratio_std,aspect_ratio_skew,aspect_ratio_cv,knn1_dist_mean_um,knn1_dist_std_um,knn3_dist_mean_um,knn3_dist_std_um,glcm_contrast,glcm_homogeneity,glcm_energy,lbp_entropy,hchannel_mean,hchannel_std,probability
FL_examples (78),follicular_lymphoma,0.0,1,181,17.048,0.4919,57.577,7.237,28.8536,13.4999,1.1998,0.4679,22.4422,8.2484,1.2728,0.3675,0.757,0.1819,-0.6521,0.2403,0.7182,0.145,-0.8843,0.2019,0.8724,0.0716,-1.1581,0.0821,7.8671,2.5849,1.0176,0.3286,4.987,1.2087,0.7401,0.2424,1.593,0.4217,1.4548,0.2647,6.0484,1.001,7.1299,1.1117,36.2867,0.275,0.0483,2.5189,188.5622,36.1327,0.9982513785362244
FL_examples (78),follicular_lymphoma,0.1,1,187,17.613,0.4914,56.932,7.064,27.8995,13.3342,1.3812,0.4779,22.029,8.151,1.3136,0.37,0.7593,0.1809,-0.6906,0.2383,0.7094,0.1503,-0.7693,0.2119,0.8721,0.0721,-1.3229,0.0827,7.6937,2.5649,1.1006,0.3334,4.9257,1.2016,0.7584,0.2439,1.578,0.424,1.4362,0.2687,5.897,1.0325,7.0065,1.127,37.5405,0.2723,0.0475,2.5455,187.436,36.5164,0.9966712594032288
FL_examples (78),follicular_lymphoma,0.2,1,171,16.106,0.4895,66.219,7.55,30.395,16.2531,1.5553,0.5347,22.6243,8.805,1.1981,0.3892,0.7749,0.1781,-0.7351,0.2298,0.7099,0.157,-0.8286,0.2212,0.8825,0.0641,-1.0081,0.0727,8.0284,2.9297,0.9041,0.3649,5.0566,1.3223,1.2819,0.2615,1.5933,0.4476,1.4613,0.2809,6.1587,1.1305,7.3294,1.1885,32.5378,0.2682,0.0487,2.2943,189.0511,35.7965,0.9965558052062988
FL_examples (78),follicular_lymphoma,0.3,1,192,18.084,0.303,31.306,5.581,16.7528,7.3341,0.5925,0.4378,18.4253,7.1422,1.1416,0.3876,0.672,0.2047,-0.013,0.3046,0.7372,0.1503,-0.9352,0.2039,0.8161,0.0911,-0.6933,0.1116,6.3535,2.0888,1.1612,0.3288,3.8798,1.0287,0.3331,0.2651,1.6749,0.4814,1.3348,0.2874,5.4339,1.0883,6.5752,1.0617,54.2773,0.2161,0.04,2.7804,143.8743,36.6671,0.9997637867927551
FL_examples (69),follicular_lymphoma,0.0,1,158,14.881,0.483,72.566,8.585,32.4565,18.0193,1.3288,0.5552,23.6564,9.2927,1.0284,0.3928,0.7494,0.1767,-0.3875,0.2358,0.7034,0.155,-1.0557,0.2203,0.8715,0.0671,-0.851,0.077,8.1163,2.767,0.7141,0.3409,5.3025,1.6414,1.273,0.3096,1.553,0.3904,1.5167,0.2514,6.3042,1.29,7.36,1.2552,33.171,0.2822,0.0487,2.4416,186.3182,36.9478,0.9959248304367065
FL_examples (69),follicular_lymphoma,0.1,1,157,14.787,0.4851,72.949,8.665,32.8061,18.1065,1.3216,0.5519,23.9115,9.2652,0.9999,0.3875,0.7408,0.1762,-0.3166,0.2378,0.6995,0.1549,-0.9026,0.2214,0.8693,0.0671,-0.7077,0.0772,8.1521,2.7415,0.6972,0.3363,5.3557,1.6528,1.2341,0.3086,1.5495,0.4062,1.6102,0.2621,6.3996,1.257,7.4274,1.2031,32.9302,0.2836,0.049,2.4547,187.4188,36.6534,0.9973435997962952
FL_examples (69),follicular_lymphoma,0.2,1,167,15.729,0.3776,57.493,7.613,24.0046,14.8814,1.8285,0.6199,21.2131,9.8867,1.7367,0.4661,0.7086,0.1987,-0.3283,0.2804,0.7074,0.1658,-1.1341,0.2344,0.8428,0.0795,-0.6491,0.0943,7.0952,2.5977,1.2648,0.3661,4.5669,1.5059,1.0163,0.3297,1.5869,0.4198,1.1143,0.2645,5.9636,1.2107,6.9998,1.2434,49.3052,0.2388,0.0406,2.7676,163.7647,39.5393,0.9986905455589294
FL_examples (69),follicular_lymphoma,0.3,1,154,14.505,0.4849,78.318,9.02,33.4286,20.5064,1.8395,0.6134,23.7681,10.2498,1.4882,0.4312,0.7648,0.1783,-0.5445,0.2331,0.6991,0.1436,-0.8112,0.2054,0.8773,0.065,-0.8233,0.0741,8.1131,2.8783,0.866,0.3548,5.3853,1.7756,1.5253,0.3297,1.524,0.3617,1.6926,0.2373,6.4122,1.3578,7.4602,1.2642,30.1564,0.2816,0.0498,2.3289,187.9994,36.2893,0.9975101947784424
FL_examples (208),follicular_lymphoma,0.0,1,171,16.106,0.2961,38.346,6.026,18.3857,9.6723,1.3003,0.5261,17.6332,7.5109,1.2324,0.426,0.7814,0.21,-0.6885,0.2688,0.7029,0.1649,-0.4387,0.2346,0.8569,0.094,-1.3154,0.1097,6.323,2.3154,0.8641,0.3662,3.9946,1.2441,0.561,0.3114,1.6722,0.8115,4.7457,0.4853,5.6897,1.224,6.9396,1.2569,47.7515,0.2602,0.0435,2.8986,158.5011,38.3151,0.9695907235145569
FL_examples (208),follicular_lymphoma,0.1,1,167,15.729,0.2891,38.138,5.872,18.3826,9.3354,1.3437,0.5078,17.7111,7.369,1.4192,0.4161,0.7779,0.2113,-0.6758,0.2716,0.6986,0.1679,-0.4852,0.2403,0.8585,0.0939,-1.446,0.1093,6.3259,2.2728,0.9274,0.3593,4.0074,1.1662,0.4208,0.291,1.6599,0.8068,4.8914,0.4861,5.7302,1.2768,7.0074,1.321,48.5381,0.2563,0.0433,2.9019,156.9509,38.178,0.9458476305007935
FL_examples (208),follicular_lymphoma,0.2,1,168,15.823,0.2871,39.096,6.091,18.1422,9.7987,1.6597,0.5401,17.5593,7.6177,1.6063,0.4338,0.7787,0.2096,-0.6857,0.2692,0.6971,0.1702,-0.531,0.2442,0.8575,0.0926,-1.2794,0.108,6.2478,2.2688,1.134,0.3631,3.9845,1.2304,0.5332,0.3088,1.6559,0.8014,4.9459,0.484,5.7241,1.2834,7.0169,1.3715,49.6897,0.2543,0.0429,2.9049,156.3059,38.6789,0.9248883724212646
FL_examples (208),follicular_lymphoma,0.3,1,165,15.541,0.2851,38.1,5.815,18.3476,9.3765,1.3889,0.511,17.5554,7.171,1.3495,0.4085,0.7837,0.2067,-0.6832,0.2637,0.6972,0.174,-0.5672,0.2495,0.8596,0.0908,-1.4903,0.1056,6.3047,2.2464,0.9059,0.3563,3.9958,1.181,0.474,0.2956,1.6646,0.8245,5.3481,0.4953,5.7467,1.2458,7.0666,1.3002,44.8641,0.2674,0.0446,2.8887,156.916,37.9268,0.9964609742164612
FL_examples (119),follicular_lymphoma,0.0,1,140,13.186,0.1859,26.994,4.678,14.1016,6.4627,0.6747,0.4583,14.9123,5.4151,1.1003,0.3631,0.8164,0.1958,-0.8325,0.2398,0.7239,0.1639,-0.7995,0.2264,0.866,0.0931,-1.3218,0.1075,5.5658,1.74,0.9077,0.3126,3.4593,0.934,-0.157,0.27,1.6748,0.5438,1.5798,0.3247,5.8778,1.3052,7.4382,1.4491,49.7271,0.2497,0.0425,2.6987,150.3674,38.7693,0.9996744394302368
FL_examples (119),follicular_lymphoma,0.1,1,135,12.715,0.1672,23.457,4.226,13.1458,5.7198,0.3308,0.4351,14.1558,4.8997,0.7889,0.3461,0.8308,0.1939,-0.8842,0.2334,0.7263,0.1604,-0.6631,0.2208,0.8733,0.0926,-1.4381,0.106,5.3886,1.6643,1.2209,0.3089,3.3325,0.883,-0.5744,0.265,1.7031,0.6178,1.8481,0.3627,5.9534,1.3945,7.5327,1.5587,52.773,0.2417,0.0414,2.7101,145.7421,39.2865,0.9993990659713745
FL_examples (119),follicular_lymphoma,0.2,1,145,13.657,0.2092,33.01,5.206,15.3213,8.3371,1.8818,0.5442,15.7104,6.5498,1.8466,0.4169,0.8039,0.2019,-0.8434,0.2512,0.7148,0.1657,-0.7007,0.2318,0.8664,0.089,-1.0741,0.1027,5.7627,2.0852,1.642,0.3618,3.5934,1.056,0.3604,0.2939,1.6832,0.6788,2.9126,0.4033,5.9581,1.4606,7.4525,1.6521,46.6338,0.26,0.0427,2.6927,148.7163,39.1553,0.9958303570747375
FL_examples (119),follicular_lymphoma,0.3,1,119,11.208,0.1264,19.626,4.233,11.2753,4.8273,0.2023,0.4281,12.7763,3.8377,0.5498,0.3004,0.8505,0.1656,-1.0269,0.1947,0.727,0.1498,-0.4275,0.2061,0.8722,0.0843,-0.8343,0.0966,4.9371,1.2914,0.4888,0.2616,3.1015,0.8739,-0.0958,0.2818,1.6962,0.6439,2.3784,0.3796,6.0665,1.7872,7.9206,2.0398,56.9598,0.2257,0.0408,2.7133,138.774,39.0967,0.9984076619148254
FL_examples (39),follicular_lymphoma,0.0,1,125,11.773,0.2697,54.756,6.476,22.9104,13.9821,1.3717,0.6103,20.801,9.4806,1.1592,0.4558,0.7126,0.2146,-0.5202,0.3011,0.7397,0.1413,-1.4358,0.191,0.845,0.0964,-1.4761,0.1141,7.154,2.8581,1.3393,0.3995,4.3622,1.2776,0.3222,0.2929,1.6489,0.4426,1.6898,0.2684,6.3682,1.5505,7.877,1.7476,37.1784,0.2756,0.0466,2.9695,155.1508,35.6913,0.9624904990196228
FL_examples (39),follicular_lymphoma,0.1,1,126,11.867,0.2681,54.023,6.261,22.5926,13.8018,1.3846,0.6109,20.2143,9.1746,1.2071,0.4539,0.7368,0.2101,-0.6333,0.2851,0.7279,0.1452,-1.2417,0.1994,0.8521,0.0927,-1.4622,0.1088,7.0207,2.8733,1.4325,0.4093,4.3394,1.2417,0.3293,0.2861,1.6232,0.4504,1.7532,0.2775,6.2339,1.5345,7.8244,1.6936,36.2955,0.2795,0.047,2.9461,154.8292,35.6977,0.8827712535858154
FL_examples (39),follicular_lymphoma,0.2,1,122,11.491,0.2507,48.733,6.131,21.8173,12.7306,1.2639,0.5835,20.4295,8.7679,1.0496,0.4292,0.6968,0.2143,-0.3222,0.3075,0.7401,0.1296,-0.8415,0.1751,0.8376,0.0878,-0.9667,0.1048,6.9158,2.4894,1.3036,0.36,4.2889,1.2655,0.2175,0.2951,1.6418,0.4414,1.7954,0.2689,6.4295,1.5042,7.9343,1.6117,37.961,0.2683,0.0462,2.9823,155.5818,35.1273,0.9851039052009583
FL_examples (39),follicular_lymphoma,0.3,1,125,11.773,0.2552,50.719,6.084,21.6729,13.1481,1.4263,0.6067,19.5195,8.3531,1.0298,0.4279,0.7435,0.2065,-0.5709,0.2777,0.7255,0.1383,-1.0639,0.1906,0.859,0.0844,-1.2721,0.0983,6.7646,2.606,1.4282,0.3852,4.265,1.2438,0.265,0.2916,1.6002,0.4211,1.8777,0.2632,6.2737,1.5822,7.7902,1.7427,35.1785,0.2808,0.0472,2.9407,151.8471,35.7208,0.9297347664833069
FL_examples (88),follicular_lymphoma,0.0,1,148,13.94,0.4779,84.852,9.068,34.2849,21.7038,1.7883,0.633,25.3914,11.8399,1.3475,0.4663,0.7097,0.1991,-0.3142,0.2806,0.7211,0.1509,-0.843,0.2092,0.8591,0.0757,-1.0642,0.0881,8.5093,3.2087,1.0412,0.3771,5.3794,1.8563,1.1559,0.3451,1.6121,0.4268,1.1919,0.2647,6.3393,1.3109,7.738,1.169,34.8594,0.2818,0.0479,2.5127,185.7598,37.4135,0.995554506778717
FL_examples (88),follicular_lymphoma,0.1,1,146,13.751,0.4761,83.808,9.08,34.6212,21.4695,1.8038,0.6201,25.4294,11.5477,1.3937,0.4541,0.7098,0.1942,-0.2668,0.2736,0.7157,0.1619,-1.0458,0.2263,0.86,0.0702,-0.8529,0.0816,8.5443,3.1082,0.8743,0.3638,5.4218,1.8632,1.1775,0.3436,1.6134,0.4436,1.2472,0.275,6.4193,1.2927,7.8121,1.1802,33.6779,0.283,0.0487,2.4989,186.9729,36.7974,0.9928377270698547
FL_examples (88),follicular_lymphoma,0.2,1,148,13.94,0.4127,69.899,8.436,29.6097,18.0762,2.0032,0.6105,24.0695,10.8389,1.5228,0.4503,0.687,0.2027,-0.2167,0.2951,0.7333,0.1425,-0.8745,0.1943,0.8457,0.0813,-0.94,0.0962,8.0243,2.7878,0.7821,0.3474,5.0348,1.7143,1.2581,0.3405,1.6305,0.4045,0.9046,0.2481,6.3125,1.2558,7.6654,1.2694,46.9647,0.2558,0.0421,2.7221,172.6797,40.3772,0.9992252588272095
FL_examples (88),follicular_lymphoma,0.3,1,149,14.034,0.4654,79.279,8.661,33.1644,19.8676,1.3601,0.5991,25.1002,11.6188,1.3727,0.4629,0.7092,0.2035,-0.2842,0.2869,0.7231,0.1528,-0.7732,0.2113,0.8588,0.0751,-0.8212,0.0875,8.4425,3.2199,1.1486,0.3814,5.2787,1.7419,1.1229,0.33,1.6252,0.4394,1.1779,0.2703,6.2771,1.3369,7.6626,1.2449,38.3275,0.2761,0.0462,2.5701,182.8287,38.7002,0.9975365400314331
FL_examples (259),follicular_lymphoma,0.0,1,185,17.424,0.3418,34.29,5.328,19.6171,7.3842,0.8758,0.3764,17.5098,5.7416,2.4469,0.3279,0.8302,0.1751,-1.1106,0.2109,0.67,0.1738,-0.5656,0.2594,0.8839,0.0788,-1.7868,0.0892,6.3117,2.0294,2.5022,0.3215,4.2269,0.8384,-0.1683,0.1984,1.517,0.436,1.536,0.2874,5.7374,0.9772,6.8191,1.0716,43.9444,0.2884,0.0462,2.8042,165.7633,38.1948,0.9968122839927673
FL_examples (259),follicular_lymphoma,0.1,1,185,17.424,0.339,34.034,5.313,19.4581,7.3709,0.9107,0.3788,17.3646,5.8728,2.6767,0.3382,0.8369,0.1745,-1.2411,0.2086,0.6664,0.1769,-0.5927,0.2655,0.8872,0.0765,-1.8496,0.0863,6.2557,2.02,2.5754,0.3229,4.2079,0.8521,-0.285,0.2025,1.5141,0.4425,1.5357,0.2923,5.7232,0.982,6.81,1.0738,43.411,0.2884,0.0463,2.7907,165.7295,38.0983,0.9923810362815857
FL_examples (259),follicular_lymphoma,0.2,1,184,17.33,0.3369,34.379,5.263,19.4407,7.4647,1.0912,0.384,17.4528,5.9126,2.4954,0.3388,0.8336,0.18,-1.2431,0.2159,0.6684,0.1768,-0.5785,0.2645,0.8831,0.0827,-2.0828,0.0936,6.2816,2.055,2.6127,0.3271,4.2118,0.8698,-0.4421,0.2065,1.5247,0.4612,1.5939,0.3025,5.7474,1.0093,6.8441,1.0862,46.4417,0.2814,0.0452,2.8197,164.7751,38.5567,0.9975838661193848
FL_examples (259),follicular_lymphoma,0.3,1,185,17.424,0.3434,34.535,5.52,19.7051,7.4233,0.8754,0.3767,17.6684,5.9939,2.5481,0.3392,0.8242,0.1797,-1.105,0.218,0.6676,0.1728,-0.532,0.2589,0.8785,0.0854,-1.7415,0.0972,6.3259,2.0437,2.5442,0.3231,4.256,0.8626,-0.143,0.2027,1.5126,0.4516,1.9607,0.2985,5.7107,1.0273,6.8156,1.0813,46.2296,0.281,0.0448,2.8079,161.9507,39.0399,0.9986531734466553
FL_examples (284),follicular_lymphoma,0.0,1,141,13.28,0.2804,39.992,5.495,21.112,8.7151,1.287,0.4128,18.1341,5.8627,1.4681,0.3233,0.8308,0.1728,-0.9229,0.208,0.6882,0.1488,-0.4977,0.2162,0.8966,0.061,-1.2985,0.068,6.5206,2.1123,1.4775,0.3239,4.2947,0.7874,0.1894,0.1833,1.5221,0.4095,1.6906,0.2691,6.1187,1.3621,7.4535,1.4122,48.5622,0.2517,0.0419,3.0428,169.4018,39.9997,0.9859289526939392
FL_examples (284),follicular_lymphoma,0.1,1,142,13.374,0.2837,38.681,5.414,21.2151,8.4643,1.1138,0.399,18.2197,5.7341,1.3127,0.3147,0.8279,0.1747,-0.8488,0.211,0.6889,0.1493,-0.5315,0.2167,0.8977,0.0605,-1.3306,0.0674,6.5265,2.0225,1.1841,0.3099,4.3039,0.7744,0.1754,0.1799,1.5197,0.3919,1.4993,0.2578,6.1291,1.3052,7.436,1.4094,49.8447,0.2505,0.0415,3.0395,169.0307,40.4426,0.9497294425964355
FL_examples (284),follicular_lymphoma,0.2,1,141,13.28,0.2815,39.132,5.57,21.1975,8.5573,1.1257,0.4037,18.2013,5.821,1.2939,0.3198,0.8301,0.176,-0.8798,0.212,0.688,0.1549,-0.7329,0.2252,0.8972,0.0609,-1.3345,0.0679,6.5354,2.062,1.1819,0.3155,4.2955,0.771,0.1181,0.1795,1.524,0.399,1.4753,0.2618,6.1655,1.3381,7.4609,1.4151,47.9673,0.2522,0.0418,3.0397,168.5595,40.3136,0.9931898713111877
FL_examples (284),follicular_lymphoma,0.3,1,136,12.809,0.2834,44.814,5.765,22.1262,10.2372,1.6785,0.4627,18.3898,6.4279,1.5897,0.3495,0.8445,0.1702,-1.026,0.2016,0.6933,0.1502,-0.744,0.2166,0.8997,0.059,-1.3501,0.0656,6.6894,2.3505,1.4868,0.3514,4.337,0.8091,0.3395,0.1866,1.5345,0.4091,1.5306,0.2666,6.2733,1.3495,7.6058,1.4153,45.57,0.2586,0.0424,2.9921,168.6905,40.6564,0.37580931186676025
FL_examples (170),follicular_lymphoma,0.0,1,139,13.092,0.2283,30.002,5.024,17.4395,6.917,0.1442,0.3966,16.1486,5.1513,0.7675,0.319,0.8487,0.1685,-1.06,0.1985,0.68,0.1675,-0.6391,0.2463,0.8918,0.068,-1.4219,0.0762,5.8875,1.8378,1.0644,0.3122,3.9265,0.9116,-0.2607,0.2322,1.524,0.4123,1.4054,0.2705,6.1239,1.2792,7.6563,1.4246,46.1535,0.269,0.045,2.7559,154.6636,37.1283,0.9990251064300537
FL_examples (170),follicular_lymphoma,0.1,1,141,13.28,0.2239,28.185,5.033,16.856,6.5257,-0.0555,0.3871,15.8504,4.8677,0.4455,0.3071,0.8479,0.1713,-0.984,0.2021,0.675,0.1731,-0.8834,0.2564,0.8906,0.0688,-1.2646,0.0772,5.7558,1.6885,0.8077,0.2934,3.8791,0.9214,-0.3106,0.2375,1.5177,0.4246,1.7036,0.2797,6.0224,1.3328,7.5762,1.4157,47.9602,0.2625,0.0442,2.7667,154.2394,37.2384,0.9994145631790161
FL_examples (170),follicular_lymphoma,0.2,1,147,13.845,0.2445,30.865,5.059,17.6621,7.3803,0.1208,0.4179,16.2435,5.2355,0.6083,0.3223,0.8421,0.1651,-0.9728,0.196,0.6855,0.1634,-0.6353,0.2383,0.889,0.0725,-1.4346,0.0816,5.8941,1.7453,0.7496,0.2961,3.9579,1.01,-0.4357,0.2552,1.5292,0.3976,1.1544,0.26,6.0846,1.2837,7.5084,1.4388,45.9724,0.2721,0.0443,2.7477,154.0972,38.4335,0.9992662072181702
FL_examples (170),follicular_lymphoma,0.3,1,139,13.092,0.2131,27.402,5.073,16.2749,6.2149,-0.0262,0.3819,15.6707,4.6731,0.3979,0.2982,0.8397,0.1761,-0.9252,0.2097,0.6777,0.1654,-0.723,0.2441,0.8892,0.0694,-0.9998,0.0781,5.6712,1.6371,0.9242,0.2887,3.8225,0.9106,-0.3871,0.2382,1.5258,0.4476,1.7456,0.2933,6.0382,1.374,7.6157,1.4611,47.8202,0.2595,0.044,2.7689,147.637,37.2496,0.9994838237762451
FL_examples (218),follicular_lymphoma,0.0,1,141,13.28,0.2237,38.681,5.637,16.8455,9.882,1.7156,0.5866,16.7533,7.5609,1.4027,0.4513,0.7968,0.2211,-0.8058,0.2775,0.7453,0.1526,-0.6336,0.2048,0.8627,0.1031,-1.5588,0.1196,6.305,2.6072,1.1367,0.4135,3.6373,1.1204,1.1726,0.308,1.7836,0.701,2.1271,0.393,6.0285,1.608,7.5695,1.7564,53.0521,0.256,0.0418,2.8527,153.3865,40.331,0.9952915906906128
FL_examples (218),follicular_lymphoma,0.1,1,141,13.28,0.22,38.455,5.667,16.5648,9.8752,1.7523,0.5962,16.4932,7.4469,1.4466,0.4515,0.801,0.2141,-0.8003,0.2672,0.7447,0.1556,-0.736,0.209,0.8655,0.0941,-1.4729,0.1087,6.2033,2.5389,1.2347,0.4093,3.5894,1.1376,1.1861,0.3169,1.7939,0.7441,2.3721,0.4148,6.0755,1.6103,7.6073,1.726,53.0308,0.2569,0.0418,2.8536,153.8724,40.3289,0.9952627420425415
FL_examples (218),follicular_lymphoma,0.2,1,139,13.092,0.2193,38.98,5.733,16.7544,9.8043,1.7446,0.5852,16.6221,7.4474,1.4472,0.448,0.8004,0.2163,-0.7591,0.2703,0.7452,0.1547,-0.6542,0.2076,0.8659,0.097,-1.3902,0.112,6.2702,2.5693,1.232,0.4098,3.6175,1.1411,1.1211,0.3154,1.8032,0.7579,2.282,0.4203,6.0991,1.6381,7.6608,1.726,53.4798,0.2543,0.0418,2.8502,153.3722,40.2516,0.9949997663497925
FL_examples (218),follicular_lymphoma,0.3,1,137,12.904,0.2163,39.04,5.742,16.7627,9.8306,1.7133,0.5865,16.4515,7.6349,1.649,0.4641,0.8152,0.2098,-0.9273,0.2573,0.7261,0.174,-0.8893,0.2396,0.8772,0.0876,-1.3132,0.0998,6.1787,2.6877,1.6678,0.435,3.6311,1.1673,1.5211,0.3215,1.7598,0.7426,2.2928,0.422,6.1018,1.6162,7.6612,1.7411,49.8257,0.2634,0.0426,2.8204,154.7976,40.079,0.9921199083328247
FL_examples (193),follicular_lymphoma,0.0,1,120,11.302,0.1714,36.783,5.875,15.1647,9.4804,1.6101,0.6252,15.7319,6.9355,1.3643,0.4409,0.7806,0.1992,-0.619,0.2552,0.772,0.1706,-1.128,0.2209,0.8445,0.097,-0.9447,0.1148,6.0836,2.0747,1.0156,0.341,3.3796,1.3608,0.9614,0.4026,2.0314,1.0393,2.3963,0.5116,6.0444,1.6595,7.8871,1.7407,68.5696,0.2386,0.0392,2.8501,158.3444,42.4055,0.996182382106781
FL_examples (193),follicular_lymphoma,0.1,1,121,11.397,0.1702,35.94,5.793,14.9379,9.5159,1.6005,0.637,15.5055,7.0306,1.3563,0.4534,0.7876,0.1986,-0.6677,0.2522,0.7697,0.1727,-1.1013,0.2244,0.8454,0.0973,-0.9925,0.115,6.0185,2.0881,1.0178,0.3469,3.3523,1.3631,0.9778,0.4066,2.0245,1.0307,2.3047,0.5091,5.9874,1.6981,7.817,1.754,68.9424,0.2355,0.039,2.8509,158.0595,42.392,0.996182382106781
FL_examples (193),follicular_lymphoma,0.2,1,121,11.397,0.1726,36.232,5.819,15.1478,9.5985,1.5636,0.6337,15.6798,7.0052,1.2677,0.4468,0.7815,0.2017,-0.5799,0.2581,0.7708,0.1719,-1.1825,0.223,0.8446,0.0989,-0.9239,0.1171,6.0583,2.0823,0.987,0.3437,3.3846,1.3796,0.9194,0.4076,2.0196,1.0213,2.355,0.5057,5.9814,1.4962,7.8357,1.5494,67.8917,0.2366,0.0392,2.8456,158.925,42.3502,0.996182382106781
FL_examples (193),follicular_lymphoma,0.3,1,122,11.491,0.1682,35.874,5.779,14.6351,9.4404,1.6859,0.645,15.2722,6.6846,1.4716,0.4377,0.784,0.1901,-0.5039,0.2425,0.7694,0.1798,-1.1284,0.2337,0.8402,0.1017,-1.1096,0.1211,6.0181,2.0923,0.9694,0.3477,3.2914,1.3378,1.0335,0.4065,2.0879,1.1457,2.2378,0.5488,5.8926,1.7055,7.8061,1.6887,68.2458,0.2372,0.039,2.8536,158.2747,42.3484,0.9965507984161377
FL_examples (281),follicular_lymphoma,0.0,1,163,15.352,0.3523,42.694,6.262,22.9489,9.5418,1.0091,0.4158,19.6004,6.5907,1.227,0.3363,0.786,0.1938,-0.6841,0.2466,0.6927,0.1647,-0.807,0.2378,0.8814,0.0722,-1.218,0.0819,6.8522,1.9592,0.6684,0.2859,4.4982,1.0397,0.6229,0.2311,1.5666,0.5502,4.8153,0.3512,5.9749,1.0918,7.1195,1.2489,49.2317,0.2482,0.0421,3.0344,179.7249,39.6328,0.49901074171066284
FL_examples (281),follicular_lymphoma,0.1,1,162,15.258,0.352,43.166,6.347,23.0683,9.6057,1.1067,0.4164,19.6971,6.5308,1.1571,0.3316,0.7831,0.1954,-0.6485,0.2495,0.6973,0.1641,-0.7936,0.2353,0.8809,0.0743,-1.2686,0.0843,6.921,2.028,0.7501,0.293,4.492,1.0316,0.7056,0.2297,1.586,0.6045,5.5825,0.3812,5.9864,1.105,7.1386,1.2605,48.9078,0.2456,0.0419,3.039,179.2476,39.4436,0.5109713077545166
FL_examples (281),follicular_lymphoma,0.2,1,158,14.881,0.3508,46.711,6.56,23.5746,10.4801,1.157,0.4446,19.5571,7.2319,1.6702,0.3698,0.8124,0.1906,-0.8441,0.2346,0.6919,0.1619,-0.5213,0.234,0.8933,0.0662,-1.2527,0.0741,6.9204,2.1894,0.9173,0.3164,4.5208,1.1258,0.758,0.249,1.5813,0.6483,6.0619,0.41,6.0105,1.1645,7.2384,1.3059,45.3338,0.2566,0.0429,3.0001,178.9556,39.597,0.2153567522764206
FL_examples (281),follicular_lymphoma,0.3,1,160,15.07,0.3522,44.674,6.462,23.3739,9.875,1.0646,0.4225,19.8814,6.6932,1.0974,0.3367,0.7803,0.199,-0.5919,0.255,0.6971,0.1674,-0.7917,0.2402,0.8795,0.0751,-1.2279,0.0853,6.9851,2.0995,0.7825,0.3006,4.5133,1.0434,0.609,0.2312,1.594,0.6188,5.4988,0.3882,6.0101,1.0988,7.1907,1.2487,49.4012,0.2461,0.0419,3.0353,179.2039,39.4199,0.2568033039569855
FL_examples (199),follicular_lymphoma,0.0,1,164,15.447,0.2472,31.864,5.332,16.0068,7.4696,1.4109,0.4667,15.7374,5.8483,2.0295,0.3716,0.8308,0.1742,-1.0888,0.2097,0.7368,0.1399,-0.7003,0.1899,0.8888,0.0686,-1.2306,0.0771,5.863,1.7727,0.8138,0.3024,3.6286,0.9871,1.1307,0.272,1.6658,0.5563,4.1883,0.334,5.5655,1.0741,6.7715,1.1911,61.4236,0.2491,0.0414,2.7224,164.3499,40.4632,0.9966171383857727
FL_examples (199),follicular_lymphoma,0.1,1,165,15.541,0.2471,31.777,5.28,15.902,7.4368,1.4213,0.4677,15.6199,5.8726,2.1187,0.376,0.8382,0.1722,-1.1884,0.2054,0.7322,0.1415,-0.7855,0.1932,0.8908,0.0672,-1.3231,0.0754,5.804,1.7702,0.8633,0.305,3.6312,0.9729,1.2272,0.2679,1.6281,0.4076,0.9139,0.2504,5.4999,1.0119,6.7519,1.1776,62.4788,0.2472,0.041,2.7237,163.0057,40.8463,0.9958416819572449
FL_examples (199),follicular_lymphoma,0.2,1,166,15.635,0.2337,28.442,4.873,14.9484,6.5664,1.0843,0.4393,14.9759,5.0644,1.0506,0.3382,0.8478,0.1727,-1.2392,0.2037,0.7333,0.1414,-0.783,0.1928,0.8918,0.0697,-1.3266,0.0781,5.6602,1.7502,0.7875,0.3092,3.5092,0.8631,0.7464,0.246,1.6355,0.4214,0.9914,0.2577,5.4281,1.0865,6.6858,1.2379,65.6023,0.2393,0.0401,2.7414,160.8904,41.5667,0.9988452196121216
FL_examples (199),follicular_lymphoma,0.3,1,156,14.693,0.2106,27.455,4.62,14.3332,6.2348,1.0357,0.435,14.7206,4.9543,1.0816,0.3366,0.8435,0.1773,-1.1291,0.2102,0.7279,0.1569,-0.7064,0.2156,0.8874,0.0751,-1.3341,0.0847,5.6131,1.8016,1.1333,0.321,3.4346,0.8025,0.4607,0.2337,1.6668,0.5058,1.5,0.3035,5.5558,1.0476,6.8387,1.1473,68.8882,0.23,0.0394,2.7729,157.0468,41.5902,0.9991862177848816
FL_examples (117),follicular_lymphoma,0.0,1,133,12.527,0.1993,28.702,5.263,15.913,6.2027,1.2096,0.3898,14.745,4.1824,1.4599,0.2836,0.9071,0.1535,-1.8233,0.1692,0.5959,0.1842,-0.2241,0.3091,0.9108,0.063,-1.3497,0.0692,5.2672,1.3771,1.5417,0.2614,3.9402,0.8581,-0.1149,0.2178,1.3683,0.3464,1.8749,0.2532,6.094,1.3409,7.6071,1.5502,42.3733,0.3123,0.0479,2.5748,149.1841,38.7085,0.9983848333358765
FL_examples (117),follicular_lymphoma,0.1,1,133,12.527,0.2007,29.896,5.264,16.0227,6.5858,1.4589,0.411,14.7785,4.3364,1.5098,0.2934,0.9076,0.1527,-1.8345,0.1683,0.5968,0.1797,-0.1499,0.3011,0.9099,0.0647,-1.4506,0.0712,5.2852,1.4529,1.666,0.2749,3.9503,0.8565,-0.1041,0.2168,1.3641,0.3372,1.8777,0.2472,6.1118,1.3083,7.6316,1.5249,42.3657,0.3161,0.0482,2.5904,149.3669,38.7589,0.9958621263504028
FL_examples (117),follicular_lymphoma,0.2,1,132,12.433,0.198,29.549,5.22,15.9293,6.4991,1.4527,0.408,14.7343,4.2496,1.5024,0.2884,0.9069,0.1538,-1.8129,0.1695,0.602,0.1833,-0.1618,0.3044,0.9102,0.0625,-1.3415,0.0687,5.2993,1.4464,1.6658,0.2729,3.9209,0.8525,-0.0913,0.2174,1.3833,0.3644,1.7659,0.2635,6.1073,1.3127,7.6423,1.542,40.5086,0.3165,0.0486,2.5711,147.9936,38.2392,0.997381865978241
FL_examples (117),follicular_lymphoma,0.3,1,134,12.621,0.2018,29.246,5.261,15.9884,6.3087,1.2557,0.3946,14.816,4.2596,1.4098,0.2875,0.9045,0.1538,-1.7347,0.1701,0.5995,0.1763,-0.0815,0.294,0.9094,0.0638,-1.4028,0.0701,5.2884,1.4098,1.5406,0.2666,3.9488,0.8485,-0.0697,0.2149,1.3666,0.3358,1.7248,0.2457,6.0823,1.3211,7.5851,1.5346,45.2794,0.3134,0.0471,2.5845,149.191,39.8542,0.9968276619911194
FL_examples (288),follicular_lymphoma,0.0,1,171,16.106,0.3538,45.353,6.335,21.9681,10.3684,1.2797,0.472,19.4641,7.675,1.3066,0.3943,0.7829,0.2203,-0.7001,0.2813,0.663,0.1712,-0.3045,0.2583,0.8761,0.0802,-1.0487,0.0916,6.6719,2.3724,1.3219,0.3556,4.4832,1.096,0.612,0.2445,1.5099,0.4729,2.3364,0.3132,5.9019,1.1017,7.1114,1.2644,47.1217,0.2529,0.0423,3.0431,176.9792,40.3986,0.8639404773712158
FL_examples (288),follicular_lymphoma,0.1,1,174,16.388,0.3585,45.47,6.378,21.8726,10.3765,1.3493,0.4744,19.2751,7.5724,1.3988,0.3929,0.7916,0.2159,-0.769,0.2727,0.6597,0.1735,-0.3565,0.2631,0.8816,0.0764,-1.1145,0.0866,6.6197,2.3071,1.4003,0.3485,4.4738,1.1143,0.9687,0.2491,1.5052,0.4767,2.3918,0.3167,5.8286,1.118,7.05,1.2497,48.433,0.2513,0.0421,3.0441,177.2102,40.4398,0.6314908266067505
FL_examples (288),follicular_lymphoma,0.2,1,165,15.541,0.3357,44.013,6.106,21.5986,10.0791,1.1496,0.4667,19.3788,7.7959,1.3706,0.4023,0.7822,0.2267,-0.7422,0.2898,0.6805,0.162,-0.3332,0.238,0.8736,0.0858,-1.1799,0.0982,6.6879,2.3238,1.2807,0.3475,4.4042,1.0502,0.0519,0.2385,1.5554,0.5554,3.1403,0.3571,5.9973,1.0773,7.2302,1.2966,53.8381,0.2376,0.0401,3.0604,172.6044,41.349,0.049921318888664246
FL_examples (288),follicular_lymphoma,0.3,1,164,15.447,0.327,44.61,6.086,21.1716,10.242,1.3722,0.4838,18.9739,7.7546,1.6026,0.4087,0.7936,0.2208,-0.8226,0.2783,0.6734,0.1653,-0.4167,0.2455,0.8771,0.0833,-1.3239,0.095,6.5511,2.2991,1.5641,0.3509,4.3733,1.0576,0.165,0.2418,1.5307,0.503,2.5632,0.3286,5.9851,1.1044,7.2254,1.2982,54.9445,0.2356,0.0398,3.0653,171.0457,41.5009,0.1593821793794632
FL_examples (222),follicular_lymphoma,0.0,1,161,15.164,0.2453,30.47,5.117,16.1775,6.9942,0.6602,0.4323,15.6002,5.374,0.8632,0.3445,0.8511,0.1816,-1.2117,0.2134,0.7027,0.1651,-0.9922,0.2349,0.893,0.0741,-1.5102,0.083,5.7783,1.8548,1.0284,0.321,3.7284,0.9278,0.249,0.2489,1.5823,0.4637,2.0769,0.2931,5.5382,1.3334,6.8306,1.3363,53.0636,0.2805,0.0453,2.7082,157.4958,39.6542,0.9996862411499023
FL_examples (222),follicular_lymphoma,0.1,1,160,15.07,0.2468,31.092,5.123,16.3739,7.0395,0.6864,0.4299,15.7404,5.401,0.8689,0.3431,0.8472,0.1834,-1.1353,0.2165,0.713,0.1503,-0.8611,0.2107,0.8927,0.0746,-1.4232,0.0836,5.8329,1.8405,1.0248,0.3155,3.7418,0.9216,0.2907,0.2463,1.5884,0.4468,2.0549,0.2813,5.5681,1.3127,6.8644,1.33,54.5794,0.2787,0.0449,2.6984,158.1388,40.0065,0.9997841715812683
FL_examples (222),follicular_lymphoma,0.2,1,160,15.07,0.2372,29.545,5.036,15.7404,6.7419,0.6793,0.4283,15.2422,5.0561,0.8776,0.3317,0.8585,0.1738,-1.2686,0.2025,0.7062,0.1574,-0.8746,0.2229,0.8942,0.0754,-1.5647,0.0843,5.6796,1.7128,0.936,0.3016,3.6826,0.9294,0.282,0.2524,1.5816,0.4676,2.5207,0.2957,5.5196,1.3636,6.8349,1.3044,54.3148,0.2791,0.0453,2.7249,156.5636,39.8581,0.9995632767677307
FL_examples (222),follicular_lymphoma,0.3,1,160,15.07,0.2473,31.356,5.146,16.4096,7.0713,0.6996,0.4309,15.6962,5.2871,0.8909,0.3368,0.8495,0.1783,-1.1199,0.2098,0.7086,0.1514,-0.8262,0.2137,0.8934,0.0734,-1.3966,0.0821,5.8041,1.7906,0.9785,0.3085,3.7535,0.9233,0.3188,0.246,1.5772,0.4423,2.1244,0.2804,5.5496,1.3393,6.8512,1.3114,54.7176,0.2809,0.0447,2.6957,158.912,40.1037,0.9995933175086975
FL_examples (220),follicular_lymphoma,0.0,1,109,10.266,0.2156,52.804,6.083,21.0008,15.023,1.7916,0.7154,20.8615,10.498,1.2979,0.5032,0.6389,0.2048,0.1866,0.3205,0.8716,0.1163,-2.3553,0.1334,0.8224,0.0757,-0.0018,0.092,8.3204,3.5189,0.866,0.4229,3.4325,1.5045,1.6877,0.4383,2.625,1.1597,1.5039,0.4418,6.6198,1.5333,8.469,1.6533,68.2024,0.2094,0.0393,2.8402,163.2705,38.8103,0.9953842759132385
FL_examples (220),follicular_lymphoma,0.1,1,113,10.643,0.2162,49.691,5.179,20.3155,13.9078,1.261,0.6846,20.3316,9.7799,0.7739,0.481,0.6465,0.2023,0.1632,0.3129,0.8711,0.1253,-2.9885,0.1438,0.8196,0.077,-0.0856,0.094,8.2236,3.5588,0.9658,0.4328,3.3575,1.3458,0.8048,0.4008,2.6265,1.1468,1.5201,0.4366,6.6093,1.4774,8.3523,1.5677,69.302,0.2077,0.039,2.8423,160.5635,39.0208,0.9949997663497925
FL_examples (220),follicular_lymphoma,0.2,1,113,10.643,0.2166,49.655,5.747,20.3548,13.727,1.1634,0.6744,20.4044,9.7942,0.8373,0.48,0.6444,0.2026,0.1781,0.3144,0.87,0.1279,-3.0091,0.147,0.8222,0.0773,-0.1944,0.0941,8.1948,3.4367,0.8901,0.4194,3.3895,1.4622,1.4583,0.4314,2.6147,1.1471,1.6325,0.4387,6.5722,1.4431,8.3465,1.5784,67.9504,0.2099,0.0393,2.84,161.098,38.8548,0.9977508187294006
FL_examples (220),follicular_lymphoma,0.3,1,109,10.266,0.2017,52.881,6.041,19.6497,14.136,1.4366,0.7194,19.9222,10.5294,1.3035,0.5285,0.663,0.2088,-0.0648,0.3149,0.8656,0.12,-2.0207,0.1386,0.8294,0.0811,-0.6269,0.0978,7.9826,3.6827,1.2282,0.4613,3.3447,1.4302,1.5964,0.4276,2.532,1.0228,1.2301,0.404,6.5744,1.6053,8.3353,1.8155,74.448,0.1976,0.0374,2.8658,156.6224,40.1276,0.9916794896125793
FL_examples (299),follicular_lymphoma,0.0,1,174,16.388,0.3674,42.484,6.093,22.4186,9.1298,1.6829,0.4072,18.9367,6.4629,2.0645,0.3413,0.8213,0.1855,-0.8686,0.2259,0.6576,0.1649,-0.4432,0.2508,0.8953,0.0609,-1.0353,0.068,6.5789,1.9394,1.0766,0.2948,4.5221,0.909,1.0867,0.201,1.4697,0.3948,1.678,0.2686,5.9752,1.1081,7.0936,1.0513,45.6819,0.2702,0.0449,2.9598,182.6095,39.7463,0.7862259745597839
FL_examples (299),follicular_lymphoma,0.1,1,172,16.2,0.3637,42.649,6.258,22.4481,9.2543,1.5644,0.4123,19.0518,6.7602,1.9836,0.3548,0.8188,0.1945,-0.8805,0.2376,0.6524,0.1633,-0.279,0.2503,0.8927,0.0656,-1.1578,0.0735,6.5787,2.0091,1.0687,0.3054,4.5476,0.9677,1.0882,0.2128,1.4629,0.4096,1.9057,0.28,6.031,1.0401,7.1315,1.0296,46.4116,0.267,0.0445,2.963,181.6459,39.7883,0.9685792326927185
FL_examples (299),follicular_lymphoma,0.2,1,172,16.2,0.363,42.626,6.107,22.4099,9.194,1.6979,0.4103,18.9537,6.6541,2.0653,0.3511,0.8245,0.1919,-0.918,0.2328,0.6561,0.1635,-0.2973,0.2492,0.8952,0.0633,-1.122,0.0707,6.585,1.9841,1.1935,0.3013,4.5303,0.9432,1.0942,0.2082,1.4721,0.4149,1.8453,0.2818,6.0183,1.092,7.1232,1.0377,44.9241,0.2698,0.0449,2.9544,182.4645,39.6341,0.9353755712509155
FL_examples (299),follicular_lymphoma,0.3,1,179,16.859,0.3764,43.307,6.164,22.3232,9.217,1.6061,0.4129,18.6337,6.1027,1.9886,0.3275,0.8336,0.1801,-0.9402,0.216,0.6632,0.156,-0.4399,0.2352,0.8989,0.0627,-1.243,0.0698,6.5388,1.8832,1.1622,0.288,4.5035,0.9022,0.9676,0.2003,1.4649,0.3664,1.5062,0.2501,5.8469,1.1311,6.9332,1.0573,45.4523,0.2681,0.0448,2.9511,181.8229,39.5988,0.3716762661933899
FL_examples (146),follicular_lymphoma,0.0,1,76,7.158,0.1061,29.597,4.737,14.8287,7.7978,0.5435,0.5259,16.2528,6.2246,0.5721,0.383,0.7247,0.1904,-0.1392,0.2628,0.8081,0.1455,-1.0537,0.18,0.8379,0.0784,-1.0449,0.0935,6.3759,2.2345,0.8768,0.3505,3.2234,1.1404,0.3903,0.3538,2.1526,0.8915,1.1358,0.4141,6.4682,2.1137,9.0635,2.1376,52.5157,0.2344,0.0422,2.7113,135.6701,38.5535,0.9991928935050964
FL_examples (146),follicular_lymphoma,0.1,1,73,6.876,0.0943,27.27,4.302,13.7192,7.112,0.5977,0.5184,15.496,5.7043,0.5843,0.3681,0.7294,0.1838,-0.0709,0.252,0.8086,0.1588,-1.3416,0.1963,0.8375,0.0757,-0.8045,0.0904,6.1883,2.2309,0.9313,0.3605,3.0606,1.0431,0.4512,0.3408,2.1765,0.8717,0.9972,0.4005,6.2319,2.1108,9.1363,2.3917,55.8979,0.2274,0.042,2.7045,130.0133,38.7376,0.9991112351417542
FL_examples (146),follicular_lymphoma,0.2,1,70,6.593,0.0856,27.266,4.499,12.9892,7.1539,0.603,0.5508,14.6117,5.8749,0.9166,0.4021,0.7705,0.1792,-0.4517,0.2326,0.8162,0.1381,-1.0166,0.1692,0.8597,0.0696,-0.7491,0.0809,5.8792,2.0889,0.8188,0.3553,2.9433,1.0864,0.5302,0.3691,2.164,0.8431,0.9905,0.3896,6.5308,2.0901,9.4374,2.6184,59.5228,0.2205,0.041,2.6998,130.0696,39.6153,0.9973875880241394
FL_examples (146),follicular_lymphoma,0.3,1,70,6.593,0.0858,27.055,4.526,13.0074,7.1079,0.5818,0.5465,14.6579,5.9219,0.8923,0.404,0.7716,0.1827,-0.4932,0.2368,0.813,0.1454,-1.2015,0.1788,0.8525,0.0692,-0.7325,0.0811,5.8953,2.1116,0.7987,0.3582,2.9516,1.0973,0.5064,0.3718,2.1712,0.8594,0.918,0.3958,6.6441,2.4428,9.3082,2.8583,60.2706,0.224,0.0412,2.6915,130.5336,39.4702,0.9965384006500244
FL_examples (31),follicular_lymphoma,0.0,1,123,11.585,0.2352,42.483,6.497,20.3033,11.7109,0.477,0.5768,19.5816,9.0673,0.6859,0.4631,0.7096,0.2228,-0.3841,0.314,0.7128,0.1574,-0.7377,0.2209,0.8349,0.0901,-0.9066,0.1079,6.5412,2.2805,0.2336,0.3486,4.2001,1.4706,0.0499,0.3501,1.6422,0.6123,2.9402,0.3728,6.4259,1.6164,8.1278,1.5598,36.8981,0.2709,0.0465,2.9417,145.1217,35.6264,0.9967129230499268
FL_examples (31),follicular_lymphoma,0.1,1,121,11.397,0.2269,42.141,6.397,19.9132,11.3766,0.5508,0.5713,19.6611,9.1536,0.8518,0.4656,0.6972,0.2285,-0.3313,0.3278,0.7197,0.1559,-0.5833,0.2166,0.826,0.0984,-0.9455,0.1192,6.5982,2.2662,0.2313,0.3435,4.1666,1.445,0.0526,0.3468,1.6811,0.6487,2.4832,0.3859,6.4375,1.5158,8.1839,1.3487,40.2325,0.2635,0.0448,2.9528,141.5407,36.7875,0.9970681071281433
FL_examples (31),follicular_lymphoma,0.2,1,123,11.585,0.2398,43.329,6.608,20.7007,12.0215,0.4574,0.5807,19.4306,8.9091,0.6528,0.4585,0.7254,0.2193,-0.469,0.3023,0.7111,0.1569,-0.7307,0.2207,0.8429,0.0883,-1.1441,0.1047,6.5456,2.2815,0.227,0.3486,4.2279,1.4919,0.0277,0.3529,1.6358,0.6189,3.1851,0.3783,6.4008,1.5439,8.1317,1.4909,37.3506,0.2719,0.0461,2.9488,146.6916,36.1519,0.9973592162132263
FL_examples (31),follicular_lymphoma,0.3,1,122,11.491,0.241,43.997,6.896,20.9762,12.2457,0.4647,0.5838,19.6252,9.4716,1.0888,0.4826,0.7279,0.219,-0.5161,0.3009,0.7065,0.1492,-0.6601,0.2112,0.844,0.0868,-1.1135,0.1028,6.5144,2.2715,0.2311,0.3487,4.2797,1.5349,0.2248,0.3586,1.6004,0.574,3.3768,0.3587,6.476,1.5275,8.1699,1.5383,37.9687,0.2716,0.0457,2.9461,145.7978,36.4651,0.9969239830970764
FL_examples (240),follicular_lymphoma,0.0,1,173,16.294,0.3573,43.754,6.453,21.9281,9.65,1.3195,0.4401,18.7718,7.2518,2.0645,0.3863,0.8227,0.186,-1.1877,0.226,0.6677,0.1635,-0.6992,0.2448,0.8837,0.0751,-1.4158,0.085,6.5515,2.0957,1.4045,0.3199,4.4754,1.0874,1.3613,0.243,1.4801,0.3685,1.3418,0.249,5.7874,1.0191,6.9099,1.0895,42.1552,0.2921,0.0463,2.8415,167.4177,38.4681,0.9987444877624512
FL_examples (240),follicular_lymphoma,0.1,1,176,16.577,0.358,43.754,6.484,21.5953,9.7355,1.3342,0.4508,18.5162,7.1094,2.109,0.384,0.8254,0.1815,-1.1641,0.2199,0.6651,0.1656,-0.6758,0.249,0.8853,0.0745,-1.3479,0.0841,6.4693,2.0603,1.5065,0.3185,4.4455,1.1108,1.3074,0.2499,1.4743,0.3581,1.1993,0.2429,5.7214,1.0601,6.8288,1.0737,42.9991,0.2906,0.046,2.8481,168.9253,38.6912,0.9975197911262512
FL_examples (240),follicular_lymphoma,0.2,1,172,16.2,0.3566,43.978,6.446,22.0138,9.6493,1.3179,0.4383,18.82,7.2052,2.0201,0.3828,0.8207,0.1855,-1.1177,0.226,0.6689,0.1649,-0.6514,0.2466,0.8854,0.0748,-1.3619,0.0844,6.5743,2.0856,1.3342,0.3172,4.4777,1.0909,1.363,0.2436,1.4862,0.3723,1.2553,0.2505,5.8194,0.9941,6.9343,1.0828,41.7358,0.2938,0.0465,2.8448,167.2695,38.4462,0.9988893866539001
FL_examples (240),follicular_lymphoma,0.3,1,174,16.388,0.3556,43.684,6.485,21.6963,9.624,1.3573,0.4436,18.7803,7.3719,2.0991,0.3925,0.8174,0.1911,-1.1369,0.2337,0.6651,0.1632,-0.6522,0.2454,0.8823,0.0768,-1.378,0.0871,6.5099,2.0853,1.4726,0.3203,4.4704,1.0981,1.4246,0.2456,1.4717,0.3568,1.2455,0.2424,5.766,1.0303,6.8731,1.1122,43.8734,0.2864,0.0456,2.8583,167.2015,38.7958,0.9982491731643677
FL_examples (34),follicular_lymphoma,0.0,1,122,11.491,0.2538,45.462,6.615,22.0879,12.2747,0.5629,0.5557,19.8121,7.8896,0.6424,0.3982,0.7121,0.1866,-0.1108,0.2621,0.7491,0.1373,-0.4489,0.1833,0.84,0.0888,-0.9287,0.1057,6.9746,2.3546,0.9319,0.3376,4.2443,1.4609,0.1758,0.3442,1.7484,0.6355,2.0489,0.3635,6.3299,1.3277,8.0926,1.4412,45.8767,0.2626,0.0434,2.9855,171.997,38.5795,0.7470592260360718
FL_examples (34),follicular_lymphoma,0.1,1,122,11.491,0.2423,43.72,6.37,21.0855,12.1544,0.4976,0.5764,19.2141,7.8275,0.3951,0.4074,0.7172,0.1874,-0.1662,0.2613,0.7515,0.1443,-0.5604,0.192,0.8304,0.0992,-1.059,0.1195,6.8437,2.3026,0.8259,0.3365,4.134,1.5082,0.1083,0.3648,1.7983,0.7236,2.024,0.4024,6.4208,1.3821,8.0836,1.4387,47.6123,0.254,0.0426,3.0068,170.6344,38.57,0.9359555244445801
FL_examples (34),follicular_lymphoma,0.2,1,118,11.114,0.2706,51.948,6.87,24.3519,14.058,0.5976,0.5773,20.6208,8.363,0.7043,0.4056,0.7152,0.1747,-0.1644,0.2442,0.7644,0.1343,-0.5185,0.1757,0.8444,0.0772,-1.0475,0.0915,7.3473,2.492,0.8817,0.3392,4.3642,1.5732,0.0671,0.3605,1.8287,0.7461,2.5758,0.408,6.5611,1.6523,8.2283,1.6226,41.3024,0.2831,0.0451,2.9372,171.4292,38.8586,0.9264984726905823
FL_examples (34),follicular_lymphoma,0.3,1,119,11.208,0.2894,57.238,6.864,25.8241,15.3058,0.6974,0.5927,21.382,9.395,1.1064,0.4394,0.7163,0.1818,-0.3086,0.2537,0.7553,0.1415,-0.6552,0.1874,0.8375,0.0866,-1.2609,0.1034,7.562,2.6877,1.039,0.3554,4.5372,1.6071,0.1778,0.3542,1.79,0.7329,3.1749,0.4095,6.6888,1.5289,8.2742,1.4991,40.0737,0.2909,0.0457,2.9095,171.2329,39.474,0.9696098566055298
FL_examples (142),follicular_lymphoma,0.0,1,127,11.962,0.1738,28.322,4.537,14.5271,7.2456,0.5545,0.4988,15.9871,6.1331,0.7152,0.3836,0.7437,0.2058,-0.426,0.2767,0.7489,0.1672,-0.8745,0.2233,0.833,0.095,-0.9885,0.1141,5.8917,1.942,1.2418,0.3296,3.4723,1.0678,-0.1145,0.3075,1.8057,0.6561,1.7165,0.3633,6.0587,1.9246,7.6671,1.8847,58.9633,0.2129,0.0388,2.8638,147.3718,38.7569,0.9992144107818604
FL_examples (142),follicular_lymphoma,0.1,1,125,11.773,0.1782,28.908,4.594,15.1387,7.2437,0.5278,0.4785,16.4385,5.9205,0.6287,0.3602,0.7317,0.2063,-0.309,0.2819,0.7541,0.1566,-0.7532,0.2076,0.8358,0.0956,-1.0137,0.1144,6.0393,1.9794,1.1034,0.3278,3.522,1.0204,-0.2276,0.2897,1.8176,0.6802,1.7771,0.3742,6.1231,1.9757,7.7726,1.9788,57.7757,0.2131,0.0391,2.8744,146.5618,38.5143,0.9988687634468079
FL_examples (142),follicular_lymphoma,0.2,1,126,11.867,0.1714,28.289,4.471,14.4426,7.2415,0.5949,0.5014,15.9537,6.0857,0.7167,0.3815,0.7424,0.208,-0.3724,0.2802,0.7549,0.159,-0.9104,0.2107,0.8335,0.0968,-1.0632,0.1162,5.8931,1.9439,1.2301,0.3299,3.4523,1.0597,-0.0862,0.307,1.8184,0.6924,2.2919,0.3808,6.0738,1.9146,7.7041,1.8838,60.2856,0.2104,0.0385,2.8681,144.6821,39.1126,0.9982836246490479
FL_examples (142),follicular_lymphoma,0.3,1,127,11.962,0.18,29.103,4.636,15.0503,7.2673,0.5955,0.4829,16.3665,5.9626,0.7583,0.3643,0.7347,0.206,-0.3583,0.2804,0.7538,0.1601,-0.9035,0.2125,0.8361,0.0958,-1.1258,0.1145,6.0159,1.9569,1.198,0.3253,3.5127,1.0249,-0.2009,0.2918,1.8208,0.7025,2.2158,0.3858,6.044,1.9665,7.6525,1.9501,59.0246,0.2126,0.0386,2.8748,144.3217,38.9181,0.9984323382377625
FL_examples (260),follicular_lymphoma,0.0,1,181,17.048,0.336,36.362,5.902,19.7116,7.8756,1.1491,0.3995,17.5834,5.7555,2.06,0.3273,0.8235,0.1736,-1.0305,0.2108,0.6491,0.1748,-0.5835,0.2693,0.8849,0.0752,-1.3328,0.085,6.1549,1.7415,1.5322,0.283,4.3022,0.9734,0.7924,0.2263,1.4642,0.4069,1.8049,0.2779,5.8043,1.0556,6.8768,1.0917,44.2712,0.2897,0.045,2.835,162.7876,39.922,0.9991029500961304
FL_examples (260),follicular_lymphoma,0.1,1,181,17.048,0.3336,36.005,5.791,19.5713,7.8341,1.1682,0.4003,17.453,5.6168,2.1188,0.3218,0.8257,0.171,-1.0182,0.207,0.6457,0.18,-0.55,0.2788,0.8839,0.0776,-1.3048,0.0878,6.1273,1.7251,1.5112,0.2815,4.2888,0.9696,0.7952,0.2261,1.4633,0.4092,1.8197,0.2797,5.8096,1.0403,6.8912,1.0934,45.0401,0.2874,0.0447,2.8416,161.9894,39.875,0.9988256096839905
FL_examples (260),follicular_lymphoma,0.2,1,181,17.048,0.334,35.961,5.832,19.5935,7.7397,1.2059,0.395,17.4752,5.5647,2.0125,0.3184,0.8264,0.1752,-1.0133,0.212,0.6467,0.1734,-0.5665,0.2681,0.8853,0.0783,-1.404,0.0884,6.1251,1.7108,1.4937,0.2793,4.3036,0.9634,0.8569,0.2239,1.4534,0.3884,1.7233,0.2672,5.8006,1.076,6.8945,1.1181,43.9428,0.2904,0.0452,2.8307,162.873,39.8845,0.9989916682243347
FL_examples (260),follicular_lymphoma,0.3,1,177,16.671,0.3327,36.666,5.975,19.9598,7.7255,1.2671,0.3871,17.7176,5.595,2.0297,0.3158,0.8247,0.1772,-1.0326,0.2149,0.6475,0.1719,-0.5269,0.2655,0.8871,0.0741,-1.5085,0.0835,6.1927,1.7255,1.4248,0.2786,4.3415,0.9465,1.0822,0.218,1.4524,0.3838,1.712,0.2642,5.9452,1.0803,6.9822,1.1664,42.3615,0.2934,0.0455,2.8124,161.7638,39.8202,0.9990643858909607
FL_examples (85),follicular_lymphoma,0.0,1,160,15.07,0.4796,74.893,8.587,31.8273,19.3414,2.0049,0.6077,23.2119,10.0454,1.698,0.4328,0.7635,0.1821,-0.4475,0.2385,0.6951,0.1639,-0.6587,0.2358,0.8803,0.0618,-0.8746,0.0702,7.978,2.8539,0.8673,0.3577,5.2015,1.6459,1.1718,0.3164,1.5662,0.4621,2.0643,0.2951,6.1846,1.231,7.3345,1.3198,33.3005,0.2862,0.0477,2.446,183.6808,37.5369,0.9970306158065796
FL_examples (85),follicular_lymphoma,0.1,1,158,14.881,0.4633,70.635,8.728,31.1306,18.4775,1.8741,0.5935,23.467,10.4215,1.7486,0.4441,0.7407,0.1899,-0.2732,0.2564,0.7027,0.1667,-0.7187,0.2371,0.8672,0.0685,-0.8767,0.079,8.0303,2.9193,0.6987,0.3635,5.135,1.6828,1.2242,0.3277,1.5945,0.4714,1.7397,0.2957,6.1772,1.2787,7.3936,1.3015,39.5186,0.276,0.0452,2.5371,180.0087,39.4656,0.9965316653251648
FL_examples (85),follicular_lymphoma,0.2,1,154,14.505,0.4783,75.912,8.734,32.9725,19.6981,1.8131,0.5974,23.7557,10.3732,1.618,0.4367,0.7604,0.1838,-0.4527,0.2418,0.697,0.166,-0.7482,0.2382,0.8803,0.0603,-0.8565,0.0685,8.1431,2.9191,0.7617,0.3585,5.2794,1.6534,1.138,0.3132,1.5712,0.457,1.993,0.2909,6.3267,1.2088,7.4666,1.3326,31.8342,0.2882,0.0484,2.4245,184.6691,36.9423,0.9811041355133057
FL_examples (85),follicular_lymphoma,0.3,1,153,14.411,0.4799,75.978,8.712,33.3028,19.7522,1.8362,0.5931,23.987,10.1667,1.4627,0.4238,0.7528,0.1878,-0.3236,0.2495,0.6991,0.1678,-0.8196,0.24,0.878,0.0624,-0.7579,0.0711,8.2569,2.9855,0.6758,0.3616,5.3004,1.6284,1.2101,0.3072,1.5774,0.4547,1.9266,0.2883,6.2435,1.2633,7.5046,1.2916,33.999,0.2842,0.0471,2.4644,182.6156,38.0131,0.9811041355133057
FL_examples (97),follicular_lymphoma,0.0,1,157,14.787,0.4832,76.864,7.953,32.6794,19.0805,1.7998,0.5839,23.9736,10.3641,1.4657,0.4323,0.7516,0.189,-0.5723,0.2515,0.7296,0.1393,-0.8367,0.1909,0.8741,0.0691,-1.1469,0.0791,8.3921,3.202,1.2433,0.3815,5.1898,1.4723,1.2611,0.2837,1.6205,0.4278,1.4658,0.264,6.3272,1.1119,7.5957,1.1965,32.5979,0.281,0.0491,2.4248,187.9264,36.4642,0.9992331266403198
FL_examples (97),follicular_lymphoma,0.1,1,161,15.164,0.4707,68.658,7.758,31.0395,16.813,1.3698,0.5417,24.1399,10.7342,1.6221,0.4447,0.7202,0.1972,-0.46,0.2739,0.7441,0.1371,-0.916,0.1843,0.8612,0.0743,-1.1591,0.0863,8.3958,3.2782,1.4474,0.3905,5.0376,1.4676,1.3707,0.2913,1.6828,0.521,2.5556,0.3096,6.2631,1.0472,7.4829,1.0988,39.3965,0.2708,0.0458,2.5751,182.9162,38.7843,0.9994993209838867
FL_examples (97),follicular_lymphoma,0.2,1,161,15.164,0.4857,70.064,7.707,32.0265,17.432,1.6943,0.5443,23.8363,9.9141,1.3619,0.4159,0.7492,0.1908,-0.5663,0.2547,0.7396,0.1328,-0.9222,0.1796,0.8747,0.0685,-1.0277,0.0783,8.3814,3.0973,1.2794,0.3695,5.127,1.3855,1.1159,0.2702,1.6382,0.418,1.4483,0.2552,6.2322,1.0402,7.4902,1.1532,35.309,0.2796,0.0483,2.4811,186.9119,37.4652,0.9987334609031677
FL_examples (97),follicular_lymphoma,0.3,1,160,15.07,0.4837,76.136,8.131,32.0984,18.8789,1.7731,0.5882,23.8035,10.6771,1.6474,0.4486,0.7538,0.1909,-0.6804,0.2532,0.7206,0.1405,-0.8616,0.195,0.8757,0.0723,-1.3197,0.0826,8.2441,3.2214,1.5682,0.3908,5.1958,1.5036,1.3062,0.2894,1.5879,0.3993,1.3764,0.2515,6.2622,1.139,7.491,1.1853,33.3665,0.2825,0.049,2.4541,187.5994,36.488,0.999269425868988
FL_examples (2),follicular_lymphoma,0.0,1,168,15.823,0.3886,50.187,6.68,24.5607,11.5456,1.2748,0.4701,20.7336,7.9456,1.1995,0.3832,0.7686,0.215,-0.6488,0.2797,0.6862,0.1605,-0.5591,0.234,0.877,0.0793,-1.2917,0.0904,7.0734,2.3134,1.3808,0.3271,4.6925,1.1727,0.4755,0.2499,1.5338,0.4283,1.7999,0.2792,6.0083,1.1777,7.2106,0.9844,43.9891,0.2669,0.044,2.9558,178.7256,39.9444,0.8670040965080261
FL_examples (2),follicular_lymphoma,0.1,1,167,15.729,0.3877,50.66,6.597,24.647,11.666,1.2905,0.4733,20.7061,8.0609,1.2847,0.3893,0.7722,0.2153,-0.7027,0.2788,0.688,0.1603,-0.6457,0.233,0.8779,0.0773,-1.1889,0.088,7.0914,2.341,1.3251,0.3301,4.685,1.1425,0.3442,0.2439,1.5336,0.4181,1.7774,0.2726,6.0479,1.1568,7.2565,0.9976,43.2388,0.2687,0.0441,2.9537,178.7324,39.991,0.9741480350494385
FL_examples (2),follicular_lymphoma,0.2,1,168,15.823,0.3924,50.56,6.512,24.8,11.6635,1.2589,0.4703,20.6324,7.7485,1.1397,0.3755,0.7748,0.2059,-0.652,0.2658,0.691,0.1538,-0.5786,0.2226,0.8811,0.0722,-1.0544,0.0819,7.101,2.3572,1.3052,0.332,4.6808,1.1181,0.3519,0.2389,1.5327,0.4128,1.8204,0.2693,6.0063,1.1465,7.2377,0.9917,41.722,0.2698,0.0447,2.949,179.9427,39.4226,0.8228238821029663
FL_examples (2),follicular_lymphoma,0.3,1,169,15.918,0.3904,50.0,6.646,24.5281,11.5695,1.2505,0.4717,20.7292,7.9936,1.1393,0.3856,0.7673,0.2153,-0.6435,0.2806,0.6885,0.161,-0.6138,0.2338,0.8767,0.0789,-1.2693,0.09,7.0833,2.3426,1.3302,0.3307,4.6773,1.1815,0.4547,0.2526,1.5394,0.4311,1.8675,0.2801,6.0119,1.1384,7.2113,0.9762,43.8238,0.268,0.0442,2.9618,179.2731,39.7896,0.8888652324676514
FL_examples (122),follicular_lymphoma,0.0,1,155,14.599,0.2225,29.571,5.198,15.2434,7.5821,0.4787,0.4974,15.9802,6.5168,1.04,0.4078,0.7825,0.2074,-0.6696,0.2651,0.7526,0.1398,-0.8338,0.1857,0.851,0.091,-0.8865,0.1069,5.8408,1.7959,0.6212,0.3075,3.5513,1.1025,0.1121,0.3105,1.7206,0.5115,1.5371,0.2973,5.7689,1.428,7.1513,1.4141,49.3299,0.2416,0.0418,2.7536,146.9008,37.9163,0.9998317956924438
FL_examples (122),follicular_lymphoma,0.1,1,150,14.128,0.245,34.039,5.521,17.3442,8.1772,0.6175,0.4715,17.381,7.153,1.452,0.4115,0.7698,0.2107,-0.7313,0.2737,0.7441,0.1508,-0.8539,0.2027,0.8552,0.0919,-1.288,0.1075,6.2963,2.1175,1.1861,0.3363,3.7777,1.0824,0.3155,0.2865,1.7356,0.6045,1.9492,0.3483,5.8744,1.3552,7.3722,1.308,47.025,0.2509,0.0423,2.7579,147.0741,38.8766,0.9998636245727539
FL_examples (122),follicular_lymphoma,0.2,1,165,15.541,0.324,43.851,6.364,20.8509,10.6316,0.9497,0.5099,19.7316,8.0978,1.3053,0.4104,0.715,0.2071,-0.2621,0.2897,0.7499,0.1518,-1.2069,0.2024,0.8342,0.1029,-1.1696,0.1234,7.0255,2.4858,1.3438,0.3538,4.1742,1.1933,0.3952,0.2859,1.7321,0.5706,2.7581,0.3294,5.8972,1.161,7.2526,1.2417,40.7677,0.2757,0.0444,2.7557,154.0483,39.3533,0.9996650218963623
FL_examples (122),follicular_lymphoma,0.3,1,144,13.563,0.195,26.097,4.602,14.38,6.4576,0.3252,0.4491,15.5631,5.6815,0.8124,0.3651,0.7761,0.2051,-0.6277,0.2643,0.7478,0.1387,-0.6838,0.1855,0.8539,0.0867,-0.8893,0.1016,5.697,1.6667,0.7065,0.2926,3.4752,0.9608,-0.0572,0.2765,1.7055,0.5195,1.9012,0.3046,5.8409,1.5833,7.3058,1.7503,56.1402,0.2257,0.0401,2.752,140.033,38.6341,0.9998078942298889
FL_examples (297),follicular_lymphoma,0.0,1,150,14.128,0.3401,45.184,6.019,24.0703,9.855,0.8954,0.4094,19.8223,6.6073,1.0945,0.3333,0.8015,0.185,-0.7351,0.2308,0.6799,0.1692,-0.5857,0.2489,0.8912,0.0606,-1.0239,0.0681,6.9656,2.1569,0.9089,0.3097,4.5952,0.9428,-0.2666,0.2052,1.5364,0.4429,1.4629,0.2883,6.1256,1.1275,7.4123,1.2643,44.6176,0.2636,0.0434,2.9784,172.6648,39.7513,0.9276572465896606
FL_examples (297),follicular_lymphoma,0.1,1,155,14.599,0.344,43.497,6.008,23.5627,9.5119,0.8727,0.4037,19.2652,5.9803,0.8545,0.3104,0.8165,0.1708,-0.7634,0.2092,0.678,0.1667,-0.595,0.246,0.8956,0.0587,-1.2293,0.0656,6.8475,2.0773,0.8069,0.3034,4.5485,0.9336,-0.2991,0.2053,1.5264,0.4359,1.5413,0.2856,6.0635,1.2491,7.296,1.346,43.1595,0.2675,0.0439,2.968,174.3441,39.8376,0.9767695069313049
FL_examples (297),follicular_lymphoma,0.2,1,147,13.845,0.3246,42.56,6.139,23.4459,8.8256,1.0543,0.3764,19.7375,6.4748,1.484,0.328,0.7969,0.1935,-0.7961,0.2428,0.6846,0.162,-0.5676,0.2366,0.8924,0.0636,-1.0224,0.0713,6.8849,1.9425,1.0868,0.2821,4.5667,0.9054,-0.0445,0.1983,1.5371,0.4379,1.5481,0.2849,6.005,1.1335,7.3616,1.2727,48.5775,0.2524,0.042,2.9885,169.4183,40.0488,0.5803873538970947
FL_examples (297),follicular_lymphoma,0.3,1,153,14.411,0.3653,46.79,6.294,25.3491,10.3675,0.9308,0.409,20.0413,6.0342,0.7476,0.3011,0.8122,0.1715,-0.6852,0.2111,0.6917,0.1554,-0.5285,0.2247,0.8946,0.0594,-1.0698,0.0664,7.1593,2.0923,0.7579,0.2923,4.7129,1.0035,0.065,0.2129,1.5437,0.4281,1.5203,0.2773,6.1663,1.2126,7.3864,1.2962,39.2484,0.2809,0.0456,2.901,178.0061,39.5751,0.9335460066795349
FL_examples (57),follicular_lymphoma,0.0,1,133,12.527,0.2795,46.491,6.735,22.315,12.3929,0.7276,0.5554,23.5417,11.2663,0.8613,0.4786,0.5815,0.2428,0.284,0.4175,0.7464,0.1696,-1.1406,0.2272,0.7741,0.1125,-0.2435,0.1453,7.4762,2.5994,0.8436,0.3477,4.4466,1.5156,0.1122,0.3409,1.7925,0.6722,2.0631,0.375,6.0617,1.8803,7.898,1.7364,53.4237,0.2172,0.0409,3.0723,156.0062,36.0511,0.9656643867492676
FL_examples (57),follicular_lymphoma,0.1,1,133,12.527,0.2809,47.58,6.781,22.4248,12.6725,0.7494,0.5651,23.6474,11.3927,0.8976,0.4818,0.5762,0.2359,0.2647,0.4095,0.7548,0.1558,-0.919,0.2064,0.769,0.1087,-0.2536,0.1414,7.5127,2.6171,0.9126,0.3483,4.4379,1.5304,0.0541,0.3448,1.8176,0.7062,2.0558,0.3885,6.0675,1.8784,7.9056,1.7233,54.5587,0.2144,0.0403,3.0698,153.6802,36.4801,0.95014488697052
FL_examples (57),follicular_lymphoma,0.2,1,136,12.809,0.2768,44.965,6.905,21.6097,12.2008,0.5822,0.5646,23.2604,11.419,0.7881,0.4909,0.582,0.246,0.2908,0.4226,0.7491,0.1615,-0.9448,0.2156,0.7713,0.1105,-0.2652,0.1432,7.3238,2.5501,0.7993,0.3482,4.3826,1.5794,0.0614,0.3604,1.8035,0.6982,2.0434,0.3872,5.9602,1.8099,7.8015,1.6825,51.5759,0.2181,0.0413,3.0716,158.9271,35.4619,0.9786615371704102
FL_examples (57),follicular_lymphoma,0.3,1,137,12.904,0.2637,41.957,6.885,20.4372,10.9524,0.6015,0.5359,22.9299,10.7035,0.8206,0.4668,0.5655,0.2421,0.418,0.4282,0.7537,0.1561,-0.9517,0.2071,0.7638,0.112,-0.2399,0.1467,7.1717,2.048,0.3606,0.2856,4.3395,1.5411,0.1561,0.3551,1.8041,0.6945,2.3685,0.385,5.9408,1.8547,7.6569,1.8461,63.2563,0.1982,0.0379,3.0656,147.7543,37.7553,0.6325597763061523
FL_examples (264),follicular_lymphoma,0.0,1,170,16.012,0.3354,41.996,5.989,20.9496,9.4225,1.1489,0.4498,18.3321,6.3597,1.1458,0.3469,0.8081,0.1864,-0.7362,0.2307,0.6699,0.1691,-0.3082,0.2525,0.8765,0.0725,-0.9166,0.0828,6.4785,2.1369,1.033,0.3298,4.3273,0.9744,0.119,0.2252,1.5183,0.4409,1.4487,0.2904,5.8262,1.0101,7.1312,1.2257,43.6798,0.271,0.0442,2.8803,161.7719,38.4289,0.9972143769264221
FL_examples (264),follicular_lymphoma,0.1,1,168,15.823,0.3316,41.71,6.072,20.9585,9.299,1.1922,0.4437,18.4255,6.2585,1.1835,0.3397,0.8013,0.1869,-0.6357,0.2332,0.6697,0.1689,-0.2526,0.2522,0.8731,0.0735,-0.9031,0.0842,6.4968,2.1197,1.0593,0.3263,4.3334,0.9512,0.2469,0.2195,1.5204,0.4467,1.4387,0.2938,5.8286,0.9908,7.1622,1.2184,43.1415,0.2713,0.0445,2.8784,161.765,38.2354,0.9977905750274658
FL_examples (264),follicular_lymphoma,0.2,1,170,16.012,0.3298,40.353,5.997,20.5961,9.0194,1.1992,0.4379,18.2347,6.1206,1.2531,0.3357,0.8031,0.1854,-0.6494,0.2309,0.6659,0.1666,-0.256,0.2501,0.874,0.0749,-1.0621,0.0857,6.4076,2.0621,1.1148,0.3218,4.3173,0.9461,0.2401,0.2191,1.5058,0.446,1.9023,0.2962,5.7986,0.9093,7.0907,1.1538,45.4764,0.2641,0.0435,2.8966,158.6937,38.7861,0.9786058068275452
FL_examples (264),follicular_lymphoma,0.3,1,169,15.918,0.3392,44.162,6.359,21.3128,10.4245,2.2465,0.4891,18.5544,6.8545,2.215,0.3694,0.8037,0.1832,-0.7297,0.228,0.661,0.1699,-0.3982,0.2571,0.8742,0.0753,-0.9102,0.0861,6.4916,2.1994,1.4754,0.3388,4.4036,1.0326,1.0723,0.2345,1.4879,0.4098,1.5574,0.2754,5.7979,1.0283,7.107,1.2548,45.3557,0.2681,0.0435,2.8635,164.0882,39.2322,0.9684869647026062
FL_examples (248),follicular_lymphoma,0.0,1,101,9.513,0.1496,41.166,6.405,15.7276,12.2887,1.9063,0.7813,18.2812,11.2811,2.0598,0.6171,0.6484,0.2304,-0.0439,0.3554,0.8088,0.1488,-1.4417,0.1839,0.7523,0.124,-0.3429,0.1648,6.854,3.5839,3.2037,0.5229,3.5109,1.6381,0.9119,0.4666,2.0913,0.7451,0.7276,0.3563,6.0398,1.9313,8.066,2.7042,49.4847,0.2337,0.0417,2.7785,150.3292,37.6747,0.9991443157196045
FL_examples (248),follicular_lymphoma,0.1,1,93,8.759,0.1384,40.669,6.557,15.8017,12.1112,1.8485,0.7664,18.4378,11.2953,2.0777,0.6126,0.6445,0.2272,-0.0456,0.3525,0.8149,0.1553,-1.45,0.1905,0.7578,0.1291,-0.4514,0.1704,6.9988,3.6404,3.0899,0.5201,3.4899,1.7168,1.3455,0.4919,2.1688,0.7907,0.6524,0.3646,6.1768,1.93,8.392,2.8853,52.3518,0.2313,0.0411,2.7708,149.6655,38.1175,0.9993289709091187
FL_examples (248),follicular_lymphoma,0.2,1,92,8.665,0.1277,38.49,5.774,14.7361,11.3067,1.8455,0.7673,17.4383,10.3636,2.1734,0.5943,0.657,0.2204,-0.0106,0.3354,0.8384,0.1311,-1.6724,0.1564,0.7653,0.1194,-0.1932,0.156,6.8284,3.4253,3.0791,0.5016,3.2365,1.4728,0.9594,0.4551,2.2696,0.8311,0.8536,0.3662,6.0711,1.9817,8.365,3.0929,57.1966,0.2231,0.04,2.7662,147.4071,38.9272,0.9977636337280273
FL_examples (248),follicular_lymphoma,0.3,1,94,8.854,0.1386,39.95,5.828,15.6494,11.8896,1.8926,0.7597,18.274,10.921,2.1119,0.5976,0.644,0.2243,0.0068,0.3483,0.8242,0.1396,-1.5755,0.1694,0.7587,0.1257,-0.4301,0.1657,6.9951,3.6364,3.0555,0.5199,3.4272,1.5322,0.8387,0.4471,2.1724,0.7728,0.7222,0.3557,6.1026,1.9581,8.3206,2.8735,54.4032,0.2294,0.0407,2.7762,148.0696,38.3581,0.999189555644989
FL_examples (273),follicular_lymphoma,0.0,1,143,13.469,0.3537,53.408,7.08,26.2577,13.5653,0.7057,0.5166,21.757,8.9535,0.8518,0.4115,0.7345,0.2014,-0.4611,0.2742,0.6903,0.146,-0.5695,0.2114,0.8546,0.0765,-0.8771,0.0896,7.2279,2.4136,0.7076,0.3339,4.8542,1.4089,0.1965,0.2903,1.5178,0.4164,3.0222,0.2744,6.4121,1.2576,7.6569,1.2553,35.5626,0.2823,0.0467,2.8781,160.4267,36.4707,0.9983543157577515
FL_examples (273),follicular_lymphoma,0.1,1,144,13.563,0.3614,55.326,7.117,26.644,14.1653,0.7925,0.5317,21.9671,9.474,1.0106,0.4313,0.732,0.2,-0.5583,0.2732,0.6978,0.144,-0.6027,0.2064,0.8531,0.0792,-1.0412,0.0929,7.3485,2.6479,1.0191,0.3603,4.8558,1.4285,0.1309,0.2942,1.5374,0.4227,2.4744,0.2749,6.4885,1.2696,7.682,1.2784,36.3848,0.2806,0.0463,2.88,161.3083,37.1339,0.9976447224617004
FL_examples (273),follicular_lymphoma,0.2,1,138,12.998,0.3459,53.353,7.16,26.6125,13.3857,0.6623,0.503,21.8804,8.8823,0.7793,0.4059,0.7402,0.202,-0.5293,0.2729,0.6875,0.1505,-0.7502,0.2189,0.8577,0.076,-0.9527,0.0886,7.2588,2.3965,0.618,0.3302,4.9011,1.4037,0.2112,0.2864,1.5022,0.3397,0.976,0.2261,6.4909,1.2698,7.7701,1.3259,34.3724,0.2831,0.0474,2.8569,158.0229,36.0313,0.9996980428695679
FL_examples (273),follicular_lymphoma,0.3,1,144,13.563,0.3587,54.297,7.166,26.4486,13.7736,0.718,0.5208,21.9974,8.9256,0.8233,0.4058,0.718,0.1996,-0.3566,0.278,0.699,0.1433,-0.5447,0.205,0.8479,0.0802,-0.7821,0.0946,7.3056,2.417,0.7549,0.3308,4.86,1.4322,0.1654,0.2947,1.5392,0.4176,2.466,0.2713,6.4691,1.2682,7.6953,1.2439,37.233,0.2792,0.046,2.8881,158.3237,37.1137,0.9990746974945068
FL_examples (212),follicular_lymphoma,0.0,1,162,15.258,0.2932,36.258,5.605,19.219,7.9841,1.3932,0.4154,18.237,6.4792,1.6969,0.3553,0.7732,0.2034,-0.6109,0.263,0.7213,0.1569,-0.6801,0.2175,0.87,0.0853,-1.1985,0.098,6.555,2.0742,1.6089,0.3164,4.0711,0.9375,0.466,0.2303,1.6511,0.5155,1.4844,0.3122,5.7292,1.1727,7.0905,1.2796,52.2346,0.2495,0.042,2.9092,163.3039,39.4418,0.9097040891647339
FL_examples (212),follicular_lymphoma,0.1,1,161,15.164,0.2905,36.171,5.602,19.1596,8.0139,1.3961,0.4183,18.2325,6.5542,1.705,0.3595,0.7725,0.2039,-0.6456,0.2639,0.7211,0.1546,-0.6887,0.2144,0.8711,0.0837,-1.2057,0.0961,6.522,2.0721,1.6543,0.3177,4.0688,0.9362,0.4779,0.2301,1.6391,0.4923,1.4843,0.3004,5.7574,1.2051,7.1264,1.282,51.7448,0.2498,0.0421,2.9078,162.9828,39.2602,0.938546359539032
FL_examples (212),follicular_lymphoma,0.2,1,162,15.258,0.2916,37.702,5.96,19.1093,8.526,1.6142,0.4462,18.0196,6.5074,1.754,0.3611,0.7788,0.1964,-0.6503,0.2522,0.7185,0.1568,-0.75,0.2182,0.872,0.0818,-1.2091,0.0939,6.4524,1.9873,1.6818,0.308,4.0705,1.0298,0.7132,0.253,1.6322,0.489,1.4957,0.2996,5.7715,1.1908,7.1046,1.3037,49.347,0.2565,0.0427,2.904,162.3521,39.2426,0.8480271100997925
FL_examples (212),follicular_lymphoma,0.3,1,163,15.352,0.2894,35.586,5.55,18.8493,7.7957,1.3924,0.4136,18.0988,6.4817,1.6644,0.3581,0.7733,0.2067,-0.6792,0.2673,0.7151,0.1576,-0.7137,0.2204,0.8697,0.0866,-1.2473,0.0995,6.4543,2.0514,1.6895,0.3178,4.0638,0.9288,0.4713,0.2286,1.6225,0.4826,1.4573,0.2974,5.7329,1.1779,7.0867,1.2808,52.1255,0.2486,0.0422,2.9186,163.3035,39.1007,0.5962727665901184
FL_examples (59),follicular_lymphoma,0.0,1,131,12.338,0.2823,47.338,6.79,22.8803,12.3086,0.7983,0.538,23.0825,10.5195,0.9156,0.4557,0.6161,0.2503,0.1497,0.4064,0.693,0.1596,-0.3293,0.2303,0.8031,0.1133,-0.5918,0.141,7.0979,2.2687,0.4839,0.3196,4.6877,1.5108,0.0583,0.3223,1.6093,0.6574,3.5907,0.4085,6.4515,1.6456,7.949,1.5708,49.396,0.2319,0.0411,3.0365,162.5246,37.4066,0.948748767375946
FL_examples (59),follicular_lymphoma,0.1,1,130,12.244,0.2791,47.594,6.801,22.7942,12.0885,0.8321,0.5303,22.9953,10.3264,1.081,0.4491,0.6147,0.2451,0.1245,0.3986,0.699,0.1593,-0.4239,0.2279,0.8025,0.1117,-0.493,0.1391,7.1176,2.2089,0.5013,0.3103,4.6618,1.4698,0.1047,0.3153,1.6226,0.6583,3.5807,0.4057,6.3758,1.6183,7.945,1.4941,47.6889,0.2357,0.0417,3.0382,163.1922,36.9227,0.9957041144371033
FL_examples (59),follicular_lymphoma,0.2,1,132,12.433,0.2835,47.444,6.844,22.8047,12.1799,0.8637,0.5341,22.6796,9.9891,1.1304,0.4404,0.6206,0.2367,0.1238,0.3813,0.6973,0.1685,-0.475,0.2416,0.8032,0.1086,-0.4625,0.1352,7.1196,2.1647,0.5454,0.304,4.6372,1.4663,0.1411,0.3162,1.6429,0.69,3.2943,0.42,6.3306,1.4557,7.8488,1.4448,47.5811,0.2374,0.0416,3.0359,162.7994,37.3915,0.9952360987663269
FL_examples (59),follicular_lymphoma,0.3,1,131,12.338,0.2704,46.9,6.876,21.9159,12.3822,0.8838,0.565,21.991,10.1471,1.0721,0.4614,0.6332,0.2365,0.0276,0.3735,0.7082,0.1649,-0.5474,0.2328,0.8047,0.1053,-0.5323,0.1308,6.9815,2.1923,0.6234,0.314,4.4976,1.5458,0.1655,0.3437,1.6797,0.6881,2.1672,0.4097,6.2794,1.554,7.8753,1.4559,54.7573,0.2236,0.0393,3.0384,152.8857,39.383,0.8198795914649963
FL_examples (270),follicular_lymphoma,0.0,1,142,13.374,0.4109,61.533,7.383,30.7222,15.0291,0.7867,0.4892,25.6711,10.5283,0.7207,0.4101,0.6425,0.2127,0.0427,0.331,0.7067,0.1505,-0.7507,0.213,0.83,0.0869,-1.0515,0.1047,8.1353,2.826,0.7146,0.3474,5.2634,1.4023,-0.2165,0.2664,1.5536,0.3548,0.6299,0.2284,6.6747,1.3424,8.0276,1.2967,38.4754,0.265,0.0446,2.9492,170.9214,37.4103,0.934839129447937
FL_examples (270),follicular_lymphoma,0.1,1,144,13.563,0.403,60.884,7.161,29.7107,14.9865,0.7675,0.5044,25.4169,10.6055,0.6641,0.4173,0.6346,0.2156,0.0696,0.3397,0.7219,0.1398,-0.6958,0.1937,0.8264,0.0838,-0.8154,0.1015,8.0835,2.9235,0.8698,0.3617,5.1059,1.4457,-0.1503,0.2831,1.6092,0.4656,1.9968,0.2893,6.6052,1.3513,7.9437,1.2111,41.5936,0.2569,0.0432,2.965,169.1238,37.9728,0.9124499559402466
FL_examples (270),follicular_lymphoma,0.2,1,136,12.809,0.4035,63.586,7.437,31.5035,15.5781,0.7392,0.4945,24.9606,10.0432,0.8379,0.4024,0.681,0.198,-0.1818,0.2907,0.7096,0.1519,-0.695,0.2141,0.8466,0.0803,-1.0981,0.0948,8.1952,2.9126,0.8225,0.3554,5.2479,1.3943,-0.1219,0.2657,1.5735,0.3875,0.8033,0.2463,6.8209,1.4399,8.1744,1.4601,34.5029,0.274,0.0456,2.8845,168.0297,37.174,0.9979091286659241
FL_examples (270),follicular_lymphoma,0.3,1,142,13.374,0.3996,60.616,7.301,29.8758,14.6067,0.8407,0.4889,25.3459,10.2922,0.7527,0.4061,0.6403,0.2141,0.0679,0.3344,0.7149,0.1423,-0.7652,0.1991,0.8294,0.0869,-0.9297,0.1048,8.0546,2.7796,0.8132,0.3451,5.1577,1.3873,-0.0986,0.269,1.5802,0.4175,1.698,0.2642,6.6441,1.3529,8.0004,1.2613,40.2809,0.2609,0.0438,2.9574,169.4132,37.6834,0.8791643977165222
FL_examples (115),follicular_lymphoma,0.0,1,120,11.302,0.1865,30.735,5.025,16.4977,7.1109,1.4462,0.431,14.8572,4.3394,1.64,0.2921,0.9119,0.1292,-1.7269,0.1417,0.6355,0.1721,-0.1557,0.2708,0.9151,0.0505,-1.3988,0.0552,5.4852,1.6586,1.9423,0.3024,3.8748,0.8954,-0.4344,0.2311,1.4704,0.5491,3.2819,0.3734,6.4692,1.4067,8.1594,1.5821,41.1645,0.3135,0.0491,2.5791,137.7677,38.4113,0.9905491471290588
FL_examples (115),follicular_lymphoma,0.1,1,121,11.397,0.1833,29.673,4.986,16.0816,7.2075,1.3585,0.4482,14.5911,4.5058,1.5326,0.3088,0.9166,0.1292,-1.9072,0.141,0.6214,0.181,-0.1276,0.2913,0.9161,0.053,-1.6211,0.0579,5.3768,1.6831,1.8805,0.313,3.8358,0.9387,-0.5241,0.2447,1.4701,0.6316,4.0664,0.4296,6.4007,1.3185,8.0705,1.472,40.974,0.3097,0.0489,2.5938,137.2137,38.2674,0.9865139126777649
FL_examples (115),follicular_lymphoma,0.2,1,118,11.114,0.1763,29.377,4.965,15.8593,6.8701,1.5325,0.4332,14.5489,4.4247,1.7418,0.3041,0.9171,0.136,-2.01,0.1483,0.6232,0.1762,-0.0626,0.2827,0.9163,0.0554,-1.8657,0.0604,5.3624,1.651,2.1842,0.3079,3.8221,0.884,-0.4585,0.2313,1.4728,0.6576,4.3638,0.4465,6.4722,1.4026,8.1425,1.6618,43.6274,0.3058,0.0484,2.6113,134.2515,39.2787,0.9559476375579834
FL_examples (115),follicular_lymphoma,0.3,1,129,12.15,0.2036,31.105,5.075,16.759,7.3492,1.1979,0.4385,15.0214,4.6042,1.2797,0.3065,0.9068,0.1366,-1.6758,0.1507,0.6346,0.1688,-0.3366,0.2659,0.9123,0.0609,-1.8646,0.0668,5.5166,1.7074,1.559,0.3095,3.911,0.9028,-0.4306,0.2308,1.4484,0.4677,2.5034,0.3229,6.2454,1.3765,7.7495,1.3771,39.9389,0.3266,0.0494,2.5336,142.6718,39.1463,0.9959599375724792
FL_examples (28),follicular_lymphoma,0.0,1,131,12.338,0.3109,59.203,7.922,25.1998,17.0944,2.3505,0.6784,24.3274,12.3236,1.355,0.5066,0.5973,0.2287,0.2381,0.3828,0.7795,0.1392,-1.0538,0.1786,0.7848,0.1095,-0.4509,0.1395,8.0436,2.9902,0.5353,0.3717,4.5519,1.8045,1.0844,0.3964,1.8592,0.613,1.3649,0.3297,6.3396,1.5553,7.8763,1.8099,54.0481,0.2448,0.043,2.8381,178.5577,37.8207,0.9832866191864014
FL_examples (28),follicular_lymphoma,0.1,1,138,12.998,0.2962,56.24,7.998,22.7869,15.2817,1.9114,0.6706,22.7736,11.5015,1.3106,0.505,0.6067,0.2198,0.2258,0.3623,0.7726,0.1543,-1.1985,0.1997,0.7793,0.1062,-0.5083,0.1362,7.6274,2.7596,0.6648,0.3618,4.3764,1.7818,1.0093,0.4071,1.8502,0.5844,0.9576,0.3159,6.1821,1.5826,7.5587,1.7233,55.3053,0.2384,0.0429,2.8632,178.2975,36.8946,0.978731632232666
FL_examples (28),follicular_lymphoma,0.2,1,132,12.433,0.303,58.341,7.588,24.3692,16.8788,2.5499,0.6926,23.7402,12.3634,1.5986,0.5208,0.6081,0.2315,0.2224,0.3806,0.7745,0.1446,-1.202,0.1867,0.7858,0.1082,-0.5192,0.1376,7.8651,3.0392,0.8728,0.3864,4.4821,1.7663,1.0678,0.3941,1.8412,0.6001,1.3437,0.3259,6.2319,1.5746,7.7326,1.7406,57.4753,0.2397,0.0423,2.8478,174.4811,38.3285,0.9682266116142273
FL_examples (28),follicular_lymphoma,0.3,1,138,12.998,0.2341,46.431,6.999,18.0089,13.2424,2.9385,0.7353,20.4723,11.4389,2.6617,0.5588,0.602,0.2227,0.2715,0.3699,0.795,0.1517,-1.5649,0.1908,0.757,0.1072,-0.0681,0.1416,7.1141,2.5355,1.1032,0.3564,3.861,1.634,1.5429,0.4232,1.9916,0.7126,1.1524,0.3578,5.8372,1.5126,7.4308,1.602,68.0194,0.2018,0.039,2.9187,159.3186,36.7883,0.9516355991363525
FL_examples (210),follicular_lymphoma,0.0,1,152,14.316,0.2842,40.773,6.203,19.8486,10.0429,0.937,0.506,18.9779,8.4376,1.2789,0.4446,0.7534,0.2239,-0.5954,0.2972,0.7154,0.16,-0.8008,0.2236,0.8446,0.0995,-0.9117,0.1178,6.6083,2.4314,1.1072,0.3679,4.1515,1.2022,0.402,0.2896,1.6159,0.4686,1.8785,0.29,5.9926,1.2301,7.3741,1.2704,52.7927,0.2492,0.0413,2.9008,164.5719,41.0192,0.9766876101493835
FL_examples (210),follicular_lymphoma,0.1,1,155,14.599,0.2779,37.294,5.906,19.0371,9.0549,0.8117,0.4756,18.4361,7.569,1.1475,0.4106,0.754,0.2123,-0.5855,0.2816,0.7169,0.1536,-0.8051,0.2143,0.8491,0.0936,-0.9918,0.1103,6.4276,2.1114,0.5916,0.3285,4.0875,1.1568,0.3844,0.283,1.6044,0.4451,1.9664,0.2774,5.9026,1.2611,7.264,1.2759,54.5784,0.245,0.0406,2.9043,162.1968,41.3128,0.98919278383255
FL_examples (210),follicular_lymphoma,0.2,1,152,14.316,0.2842,40.879,6.23,19.8487,9.9564,1.0003,0.5016,18.8827,8.2017,1.3238,0.4343,0.7542,0.2174,-0.5767,0.2883,0.7094,0.1578,-0.6743,0.2224,0.8503,0.0924,-0.8703,0.1087,6.5616,2.3826,1.2098,0.3631,4.1682,1.1818,0.4713,0.2835,1.5978,0.4649,1.9803,0.291,5.9829,1.2093,7.3902,1.2311,54.0107,0.2466,0.0408,2.8935,163.9762,41.2051,0.9608776569366455
FL_examples (210),follicular_lymphoma,0.3,1,152,14.316,0.2769,39.225,6.078,19.3419,9.6704,0.8986,0.5,18.5414,7.8772,1.0918,0.4248,0.7572,0.2178,-0.5527,0.2876,0.7073,0.1591,-0.7566,0.2249,0.8484,0.0939,-0.7975,0.1107,6.4433,2.3056,1.1878,0.3578,4.1304,1.2037,0.3072,0.2914,1.5909,0.4683,2.2991,0.2944,5.9899,1.2312,7.3688,1.3078,51.3978,0.2513,0.0416,2.8942,165.5041,40.7652,0.9830136299133301
FL_examples (50),follicular_lymphoma,0.0,1,142,13.374,0.2432,52.237,7.063,18.1842,14.7912,1.9314,0.8134,20.3223,12.9516,1.546,0.6373,0.6334,0.2479,-0.0285,0.3914,0.8044,0.1301,-0.8854,0.1617,0.7707,0.1095,-0.3403,0.142,7.0516,3.2599,1.3754,0.4623,3.7331,1.7755,0.8926,0.4756,2.068,0.9126,2.2754,0.4413,5.893,1.6325,7.5239,1.6837,58.401,0.2261,0.0402,2.8664,170.6318,38.0888,0.9970877766609192
FL_examples (50),follicular_lymphoma,0.1,1,141,13.28,0.2374,50.417,6.952,17.8794,14.234,2.0664,0.7961,20.1279,12.442,1.6525,0.6181,0.6302,0.2437,0.0175,0.3868,0.806,0.1249,-0.7389,0.155,0.772,0.1108,-0.3002,0.1435,7.0333,3.1556,1.4596,0.4487,3.7207,1.7214,0.9546,0.4627,2.0641,0.9104,2.3368,0.4411,5.9207,1.6166,7.5046,1.6912,61.1678,0.2228,0.0396,2.8652,169.6971,38.8173,0.9959118366241455
FL_examples (50),follicular_lymphoma,0.2,1,137,12.904,0.2334,52.25,7.147,18.088,14.4776,1.9852,0.8004,20.4784,12.887,1.6651,0.6293,0.6193,0.2411,0.0242,0.3894,0.8084,0.1251,-0.8089,0.1548,0.7698,0.1105,-0.2391,0.1435,7.1023,3.2384,1.4434,0.456,3.7273,1.7278,0.9876,0.4635,2.0736,0.9057,2.3731,0.4368,5.9529,1.6136,7.5852,1.7065,66.4182,0.2152,0.0381,2.8691,163.5592,40.079,0.9805825352668762
FL_examples (50),follicular_lymphoma,0.3,1,146,13.751,0.2415,48.583,6.914,17.5657,13.4991,1.6459,0.7685,19.7607,11.8266,1.3094,0.5985,0.6365,0.2444,0.0422,0.3839,0.8032,0.1314,-0.8059,0.1636,0.772,0.1044,-0.3474,0.1352,6.9129,2.941,0.8157,0.4254,3.6919,1.7376,0.8519,0.4706,2.0601,0.8969,2.332,0.4353,5.7218,1.5423,7.383,1.6146,53.9622,0.2312,0.0414,2.8745,173.2486,36.9743,0.970811128616333
FL_examples (236),follicular_lymphoma,0.0,1,149,14.034,0.3412,47.511,6.086,24.3127,10.5514,1.6853,0.434,21.0111,8.1096,1.9821,0.386,0.747,0.202,-0.5891,0.2704,0.6734,0.1681,-0.5344,0.2496,0.8615,0.0752,-0.8786,0.0873,7.097,2.5004,1.8993,0.3523,4.7029,1.0076,0.468,0.2143,1.5304,0.4956,2.3686,0.3238,6.2409,1.1169,7.5054,1.2524,36.51,0.2855,0.047,2.9333,155.4519,36.4504,0.9544507265090942
FL_examples (236),follicular_lymphoma,0.1,1,150,14.128,0.3437,47.074,6.086,24.3256,10.5253,1.4958,0.4327,20.9672,8.0314,1.9007,0.383,0.7466,0.1984,-0.5804,0.2657,0.6789,0.1665,-0.5736,0.2452,0.8597,0.0759,-0.8653,0.0883,7.1276,2.5096,1.8088,0.3521,4.6909,1.028,0.4497,0.2192,1.5405,0.4947,2.3353,0.3211,6.2012,1.1056,7.4768,1.2335,36.4556,0.2859,0.0468,2.9168,155.4385,36.7575,0.9807073473930359
FL_examples (236),follicular_lymphoma,0.2,1,151,14.222,0.3448,46.01,6.081,24.2415,10.3726,1.4631,0.4279,20.91,7.8826,1.9693,0.377,0.7457,0.1965,-0.5747,0.2635,0.6754,0.1664,-0.5499,0.2463,0.8616,0.0749,-0.8416,0.087,7.075,2.389,1.6037,0.3377,4.7013,1.0346,0.4185,0.2201,1.5279,0.4739,2.1869,0.3102,6.2126,1.1416,7.4863,1.2384,38.9656,0.2814,0.0461,2.9356,154.7594,37.144,0.9884258508682251
FL_examples (236),follicular_lymphoma,0.3,1,150,14.128,0.3338,45.226,5.85,23.6301,10.0667,1.5211,0.426,20.2445,7.4764,2.0172,0.3693,0.7682,0.1886,-0.6581,0.2456,0.6735,0.1675,-0.5346,0.2487,0.8689,0.0711,-1.0111,0.0819,6.9623,2.4124,1.8026,0.3465,4.6305,1.0131,0.558,0.2188,1.5232,0.4629,1.9788,0.3039,6.1612,1.1301,7.4424,1.2906,33.2086,0.2952,0.0487,2.882,152.1969,35.8669,0.9960818886756897
FL_examples (157),follicular_lymphoma,0.0,1,139,13.092,0.2499,38.481,5.904,19.0867,9.3619,1.8352,0.4905,17.791,7.0633,1.6297,0.397,0.7985,0.2102,-0.86,0.2632,0.6895,0.1689,-0.6517,0.245,0.8845,0.072,-1.3036,0.0815,6.2271,2.0532,1.2346,0.3297,4.1033,1.1292,0.882,0.2752,1.5566,0.443,1.495,0.2846,6.1093,1.4293,7.7519,1.5946,50.1404,0.228,0.0412,2.8866,159.0104,37.7331,0.9802031517028809
FL_examples (157),follicular_lymphoma,0.1,1,140,13.186,0.2477,37.65,5.861,18.7825,9.1626,1.9554,0.4878,17.601,6.9383,1.6951,0.3942,0.8029,0.2106,-0.9113,0.2623,0.6884,0.1689,-0.7554,0.2453,0.8844,0.0727,-1.1749,0.0822,6.1659,2.019,1.3325,0.3274,4.0777,1.1158,0.9029,0.2736,1.5531,0.4531,1.8293,0.2917,6.0315,1.4878,7.7349,1.6054,49.095,0.23,0.0413,2.8886,159.5161,37.4382,0.9837232828140259
FL_examples (157),follicular_lymphoma,0.2,1,144,13.563,0.2528,37.157,5.739,18.6369,9.3323,1.9242,0.5007,17.4757,7.0474,1.6988,0.4033,0.807,0.2081,-1.005,0.2579,0.6827,0.1733,-0.7456,0.2538,0.8853,0.0714,-1.3083,0.0807,6.0981,1.9888,1.2803,0.3261,4.0736,1.1475,0.8355,0.2817,1.5396,0.4356,1.677,0.2829,6.0101,1.4461,7.6359,1.6074,56.4334,0.2207,0.0391,2.8973,153.7369,40.0699,0.23749466240406036
FL_examples (157),follicular_lymphoma,0.3,1,143,13.469,0.2559,38.243,5.869,19.0025,9.5774,1.8066,0.504,17.6809,7.1003,1.3686,0.4016,0.8069,0.2127,-0.9607,0.2636,0.6859,0.1719,-0.7445,0.2506,0.8838,0.075,-1.4624,0.0849,6.1763,2.0882,1.2439,0.3381,4.0911,1.1472,0.8486,0.2804,1.5439,0.4227,1.3535,0.2738,6.0401,1.4562,7.687,1.6169,52.9888,0.226,0.0397,2.8932,154.8251,39.5515,0.13546080887317657
FL_examples (6),follicular_lymphoma,0.0,1,163,15.352,0.3915,53.983,6.972,25.4998,12.9547,1.3919,0.508,20.8791,8.6106,1.4876,0.4124,0.7833,0.2098,-0.7561,0.2679,0.6716,0.1616,-0.6659,0.2406,0.8821,0.0773,-1.32,0.0876,7.0796,2.415,0.9946,0.3411,4.7807,1.1466,0.4713,0.2398,1.4832,0.3666,1.8254,0.2472,6.1486,0.9748,7.3053,1.093,42.831,0.2617,0.0433,3.0152,177.1062,40.0466,0.9793485403060913
FL_examples (6),follicular_lymphoma,0.1,1,164,15.447,0.3883,51.892,6.968,25.1378,12.3383,1.3824,0.4908,20.7562,8.2906,1.6522,0.3994,0.7791,0.2085,-0.7153,0.2675,0.6681,0.1625,-0.5324,0.2433,0.8763,0.0794,-1.3519,0.0906,7.0341,2.33,1.0608,0.3312,4.7695,1.1357,0.4684,0.2381,1.4862,0.3994,2.1505,0.2688,6.1579,1.0012,7.2996,1.091,44.1123,0.2592,0.043,3.0265,177.1542,40.1371,0.9566516876220703
FL_examples (6),follicular_lymphoma,0.2,1,160,15.07,0.3723,52.45,7.096,24.707,12.411,1.4921,0.5023,21.0291,9.2485,1.6833,0.4398,0.7692,0.225,-0.7763,0.2925,0.665,0.1605,-0.3629,0.2414,0.8764,0.0811,-1.22,0.0926,6.9783,2.4323,1.2335,0.3485,4.738,1.1676,0.4548,0.2464,1.4867,0.4204,2.1302,0.2828,6.1678,1.0062,7.381,1.0694,48.3033,0.2428,0.0406,3.0399,170.6036,41.096,0.8943424820899963
FL_examples (6),follicular_lymphoma,0.3,1,165,15.541,0.39,52.464,6.901,25.0983,12.5531,1.3379,0.5002,20.903,8.6428,1.5331,0.4135,0.7729,0.2148,-0.701,0.2779,0.6707,0.162,-0.5097,0.2416,0.8772,0.08,-1.4846,0.0912,7.0491,2.4024,1.0105,0.3408,4.7509,1.1542,0.416,0.2429,1.4929,0.4024,2.0578,0.2696,6.1487,1.0064,7.2868,1.0969,45.3267,0.2547,0.0423,3.0333,176.7095,40.3354,0.8489516973495483
FL_examples (292),follicular_lymphoma,0.0,1,164,15.447,0.3714,48.444,6.384,24.045,10.9985,1.2892,0.4574,19.4709,6.9372,1.5025,0.3563,0.8241,0.1842,-1.0907,0.2234,0.6658,0.1553,-0.6813,0.2332,0.8935,0.0673,-1.4013,0.0753,6.7671,2.1441,1.4204,0.3168,4.6654,1.0198,0.2278,0.2186,1.4607,0.3514,1.8607,0.2405,6.2846,1.0565,7.4291,1.099,44.8078,0.2602,0.0432,3.0081,177.1273,39.5896,0.9913883805274963
FL_examples (292),follicular_lymphoma,0.1,1,167,15.729,0.3708,46.291,6.311,23.5725,10.3411,0.9961,0.4387,19.2924,6.7677,1.2861,0.3508,0.8229,0.1839,-1.0668,0.2235,0.6609,0.1564,-0.6539,0.2366,0.894,0.0675,-1.4116,0.0755,6.672,2.0261,1.1444,0.3037,4.639,1.0185,0.0532,0.2196,1.4523,0.3507,1.8734,0.2415,6.2495,1.0477,7.3505,1.0941,46.9849,0.2553,0.0425,3.012,175.6239,40.1239,0.9963739514350891
FL_examples (292),follicular_lymphoma,0.2,1,165,15.541,0.3665,48.531,6.498,23.5851,10.9697,1.24,0.4651,19.2095,6.9363,1.4844,0.3611,0.8268,0.1826,-1.0897,0.2209,0.654,0.1573,-0.5462,0.2405,0.8951,0.0662,-1.4541,0.074,6.6478,2.1413,1.4755,0.3221,4.6505,1.0562,0.2301,0.2271,1.4413,0.3528,1.9312,0.2448,6.2288,1.0319,7.3867,1.0957,43.0788,0.2663,0.0438,2.9993,175.8821,39.2972,0.9922115802764893
FL_examples (292),follicular_lymphoma,0.3,1,164,15.447,0.3625,48.431,6.458,23.4683,10.9872,1.3291,0.4682,19.0065,6.8625,1.5006,0.3611,0.839,0.177,-1.2264,0.211,0.6609,0.1518,-0.5536,0.2297,0.8986,0.0621,-1.6887,0.0691,6.6299,2.1151,1.5405,0.319,4.6193,1.0646,0.1912,0.2305,1.4532,0.3735,2.3914,0.257,6.2079,1.0274,7.3916,1.0716,41.6103,0.2697,0.0441,2.974,175.1661,39.5718,0.9579577445983887
FL_examples (275),follicular_lymphoma,0.0,1,170,16.012,0.356,41.088,5.887,22.2354,8.8208,1.1585,0.3967,18.9538,6.1789,1.2706,0.326,0.81,0.1806,-0.8787,0.2229,0.6464,0.1732,-0.377,0.268,0.8848,0.0648,-1.2809,0.0733,6.5661,1.9849,1.0537,0.3023,4.5689,0.916,0.3569,0.2005,1.4474,0.3542,1.0687,0.2447,6.0965,1.0763,7.1197,1.0638,40.1209,0.3093,0.0474,2.7077,167.8799,39.1269,0.9933018684387207
FL_examples (275),follicular_lymphoma,0.1,1,169,15.918,0.3558,40.876,5.829,22.352,8.814,1.106,0.3943,19.1348,6.2116,1.2135,0.3246,0.8003,0.1816,-0.8203,0.2269,0.6486,0.1808,-0.4825,0.2787,0.8816,0.0658,-1.2136,0.0746,6.628,2.0156,1.0062,0.3041,4.5713,0.9193,0.3636,0.2011,1.4616,0.3668,1.0189,0.251,6.121,1.0666,7.1357,1.0705,41.7064,0.3049,0.0467,2.7376,165.2988,39.4282,0.9976755976676941
FL_examples (275),follicular_lymphoma,0.2,1,170,16.012,0.3589,41.0,5.75,22.4159,8.8321,1.1525,0.394,19.0666,6.1034,1.2204,0.3201,0.8055,0.1782,-0.8257,0.2213,0.6447,0.1772,-0.4242,0.2748,0.8846,0.0638,-1.1805,0.0721,6.5984,1.9905,1.0563,0.3017,4.5899,0.9176,0.3392,0.1999,1.4489,0.36,1.1005,0.2484,6.0893,1.0787,7.117,1.0683,41.0571,0.3091,0.0472,2.7113,169.158,39.3249,0.9936584830284119
FL_examples (275),follicular_lymphoma,0.3,1,172,16.2,0.3525,39.734,5.67,21.7567,8.5925,1.2098,0.3949,18.5305,5.9188,1.3186,0.3194,0.8234,0.1735,-0.9965,0.2107,0.6408,0.1768,-0.4099,0.276,0.8887,0.0647,-1.6289,0.0729,6.4602,1.9382,1.1363,0.3,4.5288,0.9233,0.3411,0.2039,1.4388,0.35,1.0455,0.2432,6.0186,1.0821,7.0602,1.0717,38.8806,0.3106,0.0474,2.6781,166.5442,39.2394,0.9546160101890564
FL_examples (143),follicular_lymphoma,0.0,1,136,12.809,0.1722,26.163,4.848,13.4397,6.8899,0.5319,0.5127,15.1238,5.7128,0.9134,0.3777,0.7528,0.2027,-0.4049,0.2693,0.7848,0.146,-0.997,0.186,0.8283,0.1119,-0.876,0.1351,5.9155,1.9621,1.2412,0.3317,3.2366,1.0624,-0.0245,0.3282,1.9846,0.8344,1.6494,0.4204,5.6014,1.5108,7.4429,1.7727,55.5176,0.2249,0.0397,2.8365,142.3896,40.0398,0.9988335967063904
FL_examples (143),follicular_lymphoma,0.1,1,129,12.15,0.1632,25.18,4.632,13.4325,6.4836,0.5203,0.4827,15.018,5.1928,0.9082,0.3458,0.7577,0.1912,-0.4557,0.2523,0.78,0.142,-0.9942,0.182,0.8335,0.1089,-1.0061,0.1307,5.8503,1.7844,1.2299,0.305,3.2712,1.0096,0.0382,0.3086,1.919,0.7532,1.7746,0.3925,5.7971,1.762,7.717,1.9122,55.1021,0.2244,0.0399,2.8368,141.9625,39.4626,0.9992629885673523
FL_examples (143),follicular_lymphoma,0.2,1,139,13.092,0.179,25.876,4.679,13.6748,6.6221,0.4909,0.4843,15.3405,5.3035,0.9314,0.3457,0.7433,0.1945,-0.3138,0.2616,0.7901,0.1465,-1.0809,0.1854,0.8241,0.113,-1.0078,0.1371,6.0444,1.9386,1.4871,0.3207,3.2682,1.013,-0.07,0.31,1.9925,0.7702,1.2552,0.3865,5.6071,1.559,7.3734,1.8791,55.4895,0.2261,0.0396,2.8328,142.5445,40.2778,0.9986782670021057
FL_examples (143),follicular_lymphoma,0.3,1,135,12.715,0.177,25.785,4.674,13.9186,6.5383,0.4626,0.4697,15.6262,5.3164,0.8952,0.3402,0.7336,0.1984,-0.2953,0.2705,0.7882,0.1463,-0.986,0.1856,0.8234,0.1147,-1.0181,0.1393,6.1185,1.923,1.3577,0.3143,3.3109,1.0477,0.0242,0.3164,2.0171,0.873,1.7176,0.4328,5.6426,1.543,7.4884,1.8641,54.8575,0.227,0.0397,2.8373,142.6366,40.2376,0.9984607696533203
FL_examples (19),follicular_lymphoma,0.0,1,197,18.555,0.3006,30.28,5.436,16.2008,6.6503,1.1729,0.4105,16.2157,5.429,1.1801,0.3348,0.8046,0.203,-0.7141,0.2523,0.6541,0.1391,-0.1681,0.2127,0.8919,0.073,-1.4172,0.0818,5.4888,1.3751,1.112,0.2505,3.9489,0.9507,0.3979,0.2408,1.4213,0.3249,2.1428,0.2286,5.5643,1.04,6.6188,1.0367,61.5586,0.2011,0.0382,3.054,151.404,37.3986,0.9860586524009705
FL_examples (19),follicular_lymphoma,0.1,1,195,18.366,0.2976,30.142,5.409,16.201,6.6013,1.2021,0.4075,16.3221,5.4513,1.2187,0.334,0.7981,0.2076,-0.6765,0.2602,0.6522,0.1395,-0.1627,0.2138,0.8909,0.0721,-1.3895,0.0809,5.494,1.3764,1.1042,0.2505,3.957,0.936,0.4103,0.2365,1.4176,0.3235,2.1823,0.2282,5.5645,1.0491,6.6384,1.0653,62.6492,0.1993,0.0379,3.0571,151.7302,37.562,0.9860586524009705
FL_examples (19),follicular_lymphoma,0.2,1,195,18.366,0.2956,29.476,5.375,16.0925,6.408,1.148,0.3982,16.3081,5.3833,1.277,0.3301,0.7965,0.2093,-0.6757,0.2627,0.6526,0.1411,-0.1861,0.2162,0.889,0.0732,-1.4586,0.0824,5.4857,1.3283,1.0057,0.2421,3.951,0.9327,0.4742,0.2361,1.4197,0.3232,2.1098,0.2277,5.5757,1.0674,6.6505,1.0791,64.5866,0.1969,0.0375,3.0573,151.2486,37.858,0.9833757281303406
FL_examples (19),follicular_lymphoma,0.3,1,193,18.178,0.2905,30.005,5.33,15.9785,6.6356,1.1557,0.4153,15.9198,5.3604,1.2807,0.3367,0.819,0.199,-0.8664,0.243,0.6509,0.1417,-0.2909,0.2177,0.894,0.0706,-1.4994,0.079,5.4294,1.3511,1.0929,0.2488,3.9209,0.9306,0.3905,0.2373,1.413,0.3089,2.0293,0.2186,5.5786,1.0764,6.6668,1.1066,58.56,0.2043,0.0387,3.0573,148.8176,37.1923,0.9811615943908691
FL_examples (13),follicular_lymphoma,0.0,1,152,14.316,0.284,38.882,5.713,19.8361,8.2901,1.5675,0.4179,16.9115,4.804,1.4584,0.2841,0.8709,0.1405,-1.2514,0.1613,0.6908,0.1321,-0.2994,0.1912,0.9076,0.049,-1.1795,0.054,6.1352,1.6049,1.5183,0.2616,4.174,0.9018,0.0355,0.2161,1.4992,0.3639,1.8099,0.2427,5.9832,1.1483,7.2953,1.2247,48.2826,0.2445,0.0418,3.025,165.3923,39.2573,0.9780396819114685
FL_examples (13),follicular_lymphoma,0.1,1,152,14.316,0.2886,39.609,5.756,20.1619,8.46,1.9705,0.4196,17.057,4.9754,2.0575,0.2917,0.8743,0.1398,-1.4542,0.1599,0.6893,0.1353,-0.3041,0.1963,0.91,0.0462,-1.1893,0.0507,6.1921,1.6318,1.8375,0.2635,4.2062,0.8841,0.1694,0.2102,1.5021,0.373,1.7225,0.2484,5.9903,1.1655,7.2907,1.2227,47.9901,0.2465,0.0419,3.0187,167.3652,39.3334,0.9369942545890808
FL_examples (13),follicular_lymphoma,0.2,1,151,14.222,0.2858,40.019,5.728,20.0964,8.6091,1.6922,0.4284,17.064,5.1107,1.6181,0.2995,0.8701,0.1434,-1.3969,0.1648,0.6925,0.1302,-0.2315,0.188,0.9074,0.0496,-1.2033,0.0547,6.1861,1.6872,1.5839,0.2727,4.192,0.9083,0.04,0.2167,1.5026,0.3664,1.78,0.2439,6.0107,1.1794,7.3254,1.2606,47.0871,0.2482,0.0423,3.0126,166.6797,39.0391,0.9603506326675415
FL_examples (13),follicular_lymphoma,0.3,1,149,14.034,0.3159,47.666,6.221,22.5106,11.1405,2.7023,0.4949,18.4194,6.0498,2.0803,0.3284,0.8407,0.156,-0.9972,0.1856,0.6946,0.1412,-0.3762,0.2033,0.8984,0.0554,-1.2672,0.0617,6.632,1.989,1.5605,0.2999,4.4121,1.0425,1.1509,0.2363,1.5304,0.4102,1.7145,0.2681,6.1073,1.1338,7.465,1.3122,44.9641,0.2554,0.0431,2.9416,176.1596,39.542,0.18398351967334747
FL_examples (120),follicular_lymphoma,0.0,1,156,14.693,0.2196,29.121,4.705,14.9436,6.9412,0.7216,0.4645,15.6768,5.8903,1.0707,0.3757,0.7959,0.1997,-0.7812,0.2509,0.7385,0.1375,-0.76,0.1862,0.8614,0.0789,-1.0612,0.0916,5.7586,1.9883,1.5764,0.3453,3.5316,0.9093,0.107,0.2575,1.6631,0.4942,2.1078,0.2971,5.7283,1.2101,7.1796,1.2411,50.1191,0.2474,0.042,2.7188,149.9195,38.4117,0.9998273849487305
FL_examples (120),follicular_lymphoma,0.1,1,156,14.693,0.222,29.518,4.837,15.1091,7.0184,0.6865,0.4645,15.7161,5.8869,1.0644,0.3746,0.7991,0.1967,-0.8386,0.2461,0.7441,0.1299,-0.6468,0.1745,0.8649,0.0767,-1.0402,0.0886,5.7866,1.9927,1.5858,0.3444,3.5354,0.9171,0.0798,0.2594,1.6687,0.4842,2.1343,0.2902,5.7487,1.1576,7.1897,1.2563,49.3712,0.2481,0.0423,2.7159,148.6695,38.2021,0.9998742341995239
FL_examples (120),follicular_lymphoma,0.2,1,144,13.563,0.1635,25.519,4.464,12.0539,6.4055,1.2108,0.5314,13.5409,5.1134,1.2079,0.3776,0.8284,0.1873,-0.901,0.2261,0.7263,0.1612,-1.1104,0.222,0.8644,0.0857,-1.2158,0.0992,5.112,1.7005,1.4356,0.3326,3.1784,0.8773,0.2459,0.276,1.6552,0.4851,1.323,0.2931,5.7348,1.5021,7.3332,1.4756,54.8618,0.227,0.0407,2.7274,139.5795,38.0767,0.9995781779289246
FL_examples (120),follicular_lymphoma,0.3,1,143,13.469,0.1629,24.009,4.405,12.0967,5.9289,0.8521,0.4901,13.737,4.8163,0.8833,0.3506,0.8117,0.1914,-0.7089,0.2358,0.7368,0.1536,-0.8895,0.2085,0.8605,0.0869,-1.1051,0.101,5.1806,1.5463,1.0677,0.2985,3.1882,0.8908,0.0893,0.2794,1.6961,0.5245,1.2908,0.3092,5.8246,1.3781,7.4148,1.4893,55.7067,0.2252,0.0409,2.7385,136.2821,38.3972,0.9996711015701294
FL_examples (43),follicular_lymphoma,0.0,1,134,12.621,0.3004,53.414,6.797,23.7987,14.1514,1.2567,0.5946,21.2756,9.3358,1.0972,0.4388,0.6867,0.1986,-0.076,0.2892,0.7319,0.1383,-0.5907,0.1889,0.8283,0.0879,-1.006,0.1061,7.1792,2.5352,0.9735,0.3531,4.4995,1.4747,0.4224,0.3277,1.6599,0.5625,2.7505,0.3388,6.2783,1.6085,7.818,1.4959,45.1623,0.2485,0.0424,2.9924,170.2434,38.45,0.789379358291626
FL_examples (43),follicular_lymphoma,0.1,1,136,12.809,0.2966,51.434,6.849,23.1531,13.5386,0.8065,0.5847,21.2304,9.4599,0.9299,0.4456,0.6775,0.2018,-0.0647,0.2979,0.7317,0.1434,-0.655,0.196,0.8224,0.0872,-0.5473,0.106,7.1186,2.573,0.9878,0.3614,4.4364,1.4833,0.2633,0.3344,1.6787,0.5958,2.5227,0.3549,6.175,1.69,7.7285,1.5595,45.9061,0.2466,0.0423,3.0024,170.1532,38.4486,0.9893935918807983
FL_examples (43),follicular_lymphoma,0.2,1,133,12.527,0.29,53.641,7.055,23.1519,14.2523,1.2764,0.6156,20.8578,9.4728,1.1904,0.4542,0.6938,0.1978,-0.1236,0.2851,0.733,0.1412,-0.5908,0.1926,0.8315,0.0845,-0.9717,0.1017,7.0844,2.5769,1.0052,0.3637,4.4021,1.4752,0.549,0.3351,1.6762,0.5899,2.7199,0.3519,6.3126,1.6963,7.8198,1.5489,41.626,0.2562,0.0439,2.9911,170.1844,37.5126,0.669678807258606
FL_examples (43),follicular_lymphoma,0.3,1,125,11.773,0.3305,64.164,7.68,28.07,17.2824,1.0509,0.6157,21.8237,9.0672,0.639,0.4155,0.7391,0.1792,-0.332,0.2425,0.719,0.1506,-0.764,0.2094,0.8507,0.082,-0.9796,0.0964,7.6198,2.8835,0.7936,0.3784,4.8219,1.6419,0.3795,0.3405,1.6369,0.5328,1.8252,0.3255,6.6672,1.7315,8.2207,1.5668,37.1342,0.2787,0.0455,2.8991,170.0278,37.9708,0.7796111106872559
REACTIVE_examples (85),reactive_tissue,0.0,0,170,16.012,0.3018,36.532,5.863,18.8474,8.1827,0.9337,0.4342,19.4412,8.248,1.4232,0.4243,0.7132,0.2551,-0.3434,0.3577,0.6861,0.166,-0.7235,0.2419,0.8335,0.1145,-0.9909,0.1374,6.4184,2.0456,1.1179,0.3187,4.2485,1.0608,0.2401,0.2497,1.5421,0.4316,1.4002,0.2799,5.466,1.1758,6.9535,1.1172,67.9722,0.1764,0.0361,3.1012,159.9307,38.2333,0.0021961682941764593
REACTIVE_examples (85),reactive_tissue,0.1,0,169,15.918,0.3022,36.731,5.946,18.9864,8.2865,0.945,0.4364,19.4329,8.1868,1.3693,0.4213,0.717,0.2543,-0.3699,0.3547,0.6882,0.1646,-0.732,0.2392,0.834,0.1138,-0.9033,0.1364,6.4424,2.0477,1.075,0.3178,4.2526,1.0763,0.2695,0.2531,1.5478,0.435,1.3292,0.2811,5.4836,1.1804,6.9767,1.1205,66.7555,0.178,0.0362,3.1053,158.6322,38.2086,0.001992100151255727
REACTIVE_examples (85),reactive_tissue,0.2,0,170,16.012,0.3002,36.308,5.834,18.7477,8.1582,0.9473,0.4352,19.2951,8.1038,1.4234,0.42,0.7164,0.2536,-0.3494,0.354,0.6843,0.1655,-0.7358,0.2418,0.8348,0.1125,-0.9778,0.1348,6.3781,2.0234,1.0965,0.3172,4.2346,1.0546,0.2783,0.249,1.5362,0.4282,1.4286,0.2787,5.4757,1.1715,6.9546,1.1216,65.6279,0.1785,0.0365,3.1037,159.2697,37.9508,0.002082365332171321
REACTIVE_examples (85),reactive_tissue,0.3,0,170,16.012,0.2988,36.296,5.768,18.6606,8.1146,1.0027,0.4349,18.9039,7.6274,1.4448,0.4035,0.7299,0.2452,-0.4145,0.336,0.6891,0.162,-0.7377,0.2351,0.8402,0.1089,-1.0965,0.1296,6.338,1.9241,1.0578,0.3036,4.1955,1.0353,0.3415,0.2468,1.5459,0.4378,1.5565,0.2832,5.5368,1.1746,6.9452,1.1819,62.4165,0.1839,0.0371,3.1064,157.378,37.9415,0.0022071576677262783
REACTIVE_examples (209),reactive_tissue,0.0,0,175,16.483,0.398,47.728,6.769,24.149,11.0172,1.3691,0.4562,21.1747,9.262,2.0807,0.4374,0.7509,0.2229,-0.7361,0.2969,0.6825,0.1471,-0.8758,0.2156,0.8653,0.0879,-1.3298,0.1015,6.9741,2.1653,1.2835,0.3105,4.7547,1.1807,1.0875,0.2483,1.4753,0.3008,0.9021,0.2039,5.6983,0.9881,6.8233,0.9578,49.1622,0.2373,0.0427,3.0553,185.0401,36.8617,0.000303182314382866
REACTIVE_examples (209),reactive_tissue,0.1,0,177,16.671,0.4029,50.373,6.797,24.169,12.2085,2.0367,0.5051,21.2815,10.3377,2.8994,0.4858,0.7486,0.2236,-0.7706,0.2988,0.6893,0.1446,-0.7958,0.2098,0.8634,0.0893,-1.3414,0.1035,7.0142,2.5153,2.4097,0.3586,4.7068,1.2129,0.7519,0.2577,1.4961,0.3312,1.288,0.2214,5.7457,0.9591,6.8557,0.9688,49.8711,0.2349,0.0424,3.0632,184.5076,37.1437,0.0002700596523936838
REACTIVE_examples (209),reactive_tissue,0.2,0,172,16.2,0.3907,49.432,6.887,24.1187,11.531,1.445,0.4781,21.3447,9.8629,1.9331,0.4621,0.7486,0.2281,-0.8123,0.3047,0.6863,0.1441,-0.9136,0.21,0.8653,0.089,-1.4566,0.1028,6.9715,2.2617,1.3691,0.3244,4.7358,1.2381,1.033,0.2614,1.4819,0.3093,1.2086,0.2087,5.7599,0.9942,6.8567,0.9788,51.022,0.2315,0.0418,3.058,183.5821,37.1908,0.0003397169057279825
REACTIVE_examples (209),reactive_tissue,0.3,0,172,16.2,0.3925,52.606,6.688,24.2307,12.7839,2.1513,0.5276,21.4775,11.0154,2.8781,0.5129,0.7486,0.2317,-0.795,0.3096,0.6819,0.1537,-0.7654,0.2254,0.864,0.093,-1.4486,0.1076,7.0408,2.7037,2.5635,0.384,4.7181,1.2166,0.9219,0.2579,1.4969,0.3648,1.5849,0.2437,5.7667,0.9419,6.8741,0.9513,52.1276,0.2296,0.0414,3.0611,183.1156,37.4904,0.000408473948482424
REACTIVE_examples (288),reactive_tissue,0.0,0,177,16.671,0.4394,52.324,6.899,26.3591,12.3033,0.9059,0.4668,24.1689,10.1161,1.2242,0.4186,0.6369,0.2225,-0.1371,0.3494,0.7477,0.1422,-1.1404,0.1902,0.819,0.1026,-0.8078,0.1253,7.9141,2.5852,1.0481,0.3267,4.764,1.2772,0.5021,0.2681,1.7046,0.5008,1.2154,0.2938,5.902,1.1615,7.0744,1.1506,52.5021,0.2036,0.0405,3.1178,183.6447,34.9607,0.00025535409804433584
REACTIVE_examples (288),reactive_tissue,0.1,0,175,16.483,0.4377,55.039,7.341,26.5576,13.2121,1.3148,0.4975,24.2366,10.8902,1.7189,0.4493,0.6401,0.2224,-0.1353,0.3475,0.7441,0.1484,-1.1481,0.1995,0.82,0.0973,-0.6036,0.1186,7.887,2.5917,1.1119,0.3286,4.7738,1.4108,0.8656,0.2955,1.7178,0.5714,2.1104,0.3326,5.951,1.2186,7.0895,1.2301,52.8244,0.204,0.0404,3.12,183.5867,35.0351,0.0005133393569849432
REACTIVE_examples (288),reactive_tissue,0.2,0,179,16.859,0.4392,53.441,7.0,26.0516,12.5472,1.0526,0.4816,23.7341,10.1161,1.2411,0.4262,0.6521,0.2246,-0.2314,0.3444,0.7421,0.1455,-0.9881,0.1961,0.8234,0.1032,-0.8928,0.1254,7.8209,2.5978,1.1375,0.3322,4.7365,1.2923,0.5034,0.2728,1.7026,0.5375,1.4984,0.3157,5.8436,1.1282,7.0192,1.1445,52.2889,0.2043,0.0405,3.1194,183.3572,35.0176,0.00022811135568190366
REACTIVE_examples (288),reactive_tissue,0.3,0,177,16.671,0.4423,53.311,6.886,26.5301,12.5916,0.9284,0.4746,24.1961,10.3701,1.1741,0.4286,0.6417,0.2236,-0.1498,0.3485,0.7497,0.1483,-1.0266,0.1978,0.8225,0.0988,-0.7316,0.1201,7.9434,2.609,1.0862,0.3285,4.7378,1.323,0.4097,0.2792,1.7396,0.5621,1.5139,0.3231,5.9187,1.1255,7.0701,1.1645,51.7176,0.2056,0.0406,3.1166,183.8437,35.1534,0.00023369690461549908
REACTIVE_examples (57),reactive_tissue,0.0,0,159,14.976,0.3324,46.208,6.507,22.198,10.911,1.2399,0.4915,19.9992,8.1479,1.1745,0.4074,0.7533,0.2307,-0.4729,0.3063,0.6937,0.1674,-0.5071,0.2414,0.8542,0.1009,-1.0181,0.1181,6.9084,2.4488,1.0554,0.3545,4.4374,1.1279,0.6179,0.2542,1.5879,0.5137,2.0564,0.3235,5.7956,1.5567,7.1633,1.7931,50.9028,0.2608,0.0419,2.9717,170.1469,41.83,0.007591673173010349
REACTIVE_examples (57),reactive_tissue,0.1,0,158,14.881,0.3331,47.888,6.657,22.3814,11.195,1.4341,0.5002,20.1031,8.2697,1.4002,0.4114,0.7526,0.2296,-0.4799,0.3051,0.6904,0.1666,-0.494,0.2414,0.8557,0.0986,-0.9988,0.1153,6.9344,2.552,1.4804,0.368,4.4663,1.147,0.9986,0.2568,1.5801,0.5171,2.0846,0.3273,5.8029,1.5083,7.1612,1.7617,50.196,0.2621,0.0419,2.9726,168.9888,41.9859,0.00725763663649559
REACTIVE_examples (57),reactive_tissue,0.2,0,156,14.693,0.3318,45.798,6.82,22.5842,10.8198,1.2281,0.4791,20.4599,8.7647,1.3791,0.4284,0.7484,0.2361,-0.5175,0.3154,0.6916,0.1683,-0.4447,0.2434,0.8537,0.1023,-1.0493,0.1198,6.9855,2.4617,1.0929,0.3524,4.501,1.199,0.8999,0.2664,1.5923,0.5344,2.0315,0.3356,5.8507,1.5443,7.2397,1.7379,52.8282,0.2573,0.0413,2.974,168.7551,42.2868,0.004864244721829891
REACTIVE_examples (57),reactive_tissue,0.3,0,158,14.881,0.3077,41.645,6.083,20.6765,9.788,1.3308,0.4734,19.1741,7.9592,1.4517,0.4151,0.77,0.2312,-0.6516,0.3003,0.6845,0.1684,-0.3549,0.246,0.8595,0.0974,-1.1289,0.1133,6.6222,2.294,1.236,0.3464,4.3148,1.099,0.8301,0.2547,1.5723,0.5238,2.1786,0.3332,5.6696,1.4535,7.1363,1.7018,55.9285,0.2437,0.0399,2.9921,163.2259,42.4577,0.020081093534827232
REACTIVE_examples (263),reactive_tissue,0.0,0,178,16.765,0.3778,42.343,5.783,22.5366,9.2271,1.0303,0.4094,19.2116,6.6018,1.398,0.3436,0.8034,0.1865,-0.7669,0.2322,0.6996,0.1551,-0.7688,0.2217,0.8893,0.0683,-1.3072,0.0768,6.8194,2.1512,1.5297,0.3154,4.4353,0.9322,0.096,0.2102,1.5551,0.4123,1.4155,0.2651,5.7761,1.0831,6.9255,1.1587,41.9909,0.2812,0.0474,2.8572,186.4981,37.2775,0.3694918751716614
REACTIVE_examples (263),reactive_tissue,0.1,0,179,16.859,0.3775,41.85,5.696,22.3906,9.3602,0.8662,0.418,19.2146,6.779,1.1241,0.3528,0.7988,0.1924,-0.7201,0.2408,0.6992,0.1546,-0.6587,0.2211,0.8886,0.0669,-1.0707,0.0753,6.79,2.1661,1.2657,0.319,4.4094,0.9477,-0.1148,0.2149,1.5568,0.4193,1.4469,0.2693,5.8136,1.0761,6.9352,1.1077,42.8587,0.2805,0.0471,2.867,186.8241,37.4725,0.18928487598896027
REACTIVE_examples (263),reactive_tissue,0.2,0,176,16.577,0.3756,42.673,5.677,22.6568,9.3759,0.9442,0.4138,19.1439,6.5942,1.3388,0.3445,0.8103,0.1842,-0.8025,0.2273,0.7018,0.1572,-0.8204,0.2241,0.8905,0.0674,-1.3436,0.0757,6.853,2.2053,1.4577,0.3218,4.4273,0.9288,0.0247,0.2098,1.5635,0.417,1.4067,0.2667,5.8297,1.1017,6.9684,1.1669,40.3112,0.2849,0.048,2.8417,187.1752,36.9553,0.24864450097084045
REACTIVE_examples (263),reactive_tissue,0.3,0,178,16.765,0.38,43.155,5.947,22.6661,9.6975,1.724,0.4278,18.8582,6.3827,1.8508,0.3385,0.8277,0.1775,-0.9082,0.2144,0.6913,0.1573,-0.8799,0.2276,0.8949,0.065,-1.2114,0.0726,6.7597,2.0698,1.4434,0.3062,4.4688,1.0277,2.0122,0.23,1.5294,0.3984,1.7783,0.2605,5.8545,1.0939,6.9463,1.1912,39.9339,0.2833,0.0479,2.7939,187.816,37.6844,0.9101907014846802
REACTIVE_examples (207),reactive_tissue,0.0,0,148,13.94,0.3836,56.723,6.715,27.518,13.1336,1.496,0.4773,22.2605,8.2776,1.1898,0.3719,0.7426,0.206,-0.4127,0.2775,0.7115,0.157,-0.5654,0.2207,0.8735,0.0708,-0.8898,0.081,7.7003,2.7131,1.6437,0.3523,4.8327,1.1886,0.726,0.246,1.6216,0.4974,1.329,0.3067,6.2703,1.1605,7.5831,1.4013,42.5391,0.2572,0.0442,3.0025,179.0047,36.5703,0.0020545716397464275
REACTIVE_examples (207),reactive_tissue,0.1,0,145,13.657,0.3656,56.243,6.542,26.771,13.1774,1.6101,0.4922,21.6767,8.1674,1.2959,0.3768,0.7555,0.2008,-0.5152,0.2658,0.7057,0.1635,-0.7367,0.2317,0.8769,0.073,-1.2701,0.0833,7.5312,2.6761,1.7496,0.3553,4.7631,1.1596,0.2622,0.2435,1.6145,0.5159,1.6881,0.3196,6.257,1.153,7.6061,1.4744,46.1402,0.2466,0.0427,3.018,170.5988,37.655,0.05307373031973839
REACTIVE_examples (207),reactive_tissue,0.2,0,145,13.657,0.3566,55.044,6.793,26.1114,13.1336,1.4131,0.503,21.6809,8.4585,1.0683,0.3901,0.7422,0.2107,-0.4077,0.2839,0.7048,0.1627,-0.789,0.2309,0.8711,0.079,-1.295,0.0907,7.4366,2.6858,1.5754,0.3612,4.7304,1.2455,0.5347,0.2633,1.5981,0.4813,1.6546,0.3012,6.3025,1.1184,7.6388,1.4964,46.6379,0.2429,0.042,3.0286,163.1975,37.9871,0.009461769834160805
REACTIVE_examples (207),reactive_tissue,0.3,0,147,13.845,0.3247,43.773,6.32,23.4531,9.9484,0.7511,0.4242,20.9541,7.7714,1.053,0.3709,0.7281,0.2222,-0.3657,0.3052,0.7027,0.1573,-0.5546,0.2239,0.8635,0.0852,-1.3518,0.0986,7.0503,2.1242,0.907,0.3013,4.5595,1.1556,0.4673,0.2535,1.5895,0.4792,1.6371,0.3015,6.2026,1.1594,7.5584,1.4967,52.5088,0.2261,0.0406,3.0658,160.8529,37.3499,0.09300540387630463
REACTIVE_examples (178),reactive_tissue,0.0,0,185,17.424,0.3762,43.567,6.029,21.5901,10.4429,2.9075,0.4837,18.3233,6.6992,2.1533,0.3656,0.8341,0.1799,-0.9293,0.2156,0.6546,0.1768,-0.6873,0.2701,0.8924,0.0608,-1.2674,0.0681,6.4572,2.1103,1.1366,0.3268,4.4118,0.9716,1.9844,0.2202,1.4681,0.3723,1.2035,0.2536,5.7352,1.1489,6.8142,1.2673,48.471,0.2445,0.0413,3.0066,175.0017,39.7733,0.008840369991958141
REACTIVE_examples (178),reactive_tissue,0.1,0,185,17.424,0.377,43.667,6.221,21.6335,10.4598,3.0086,0.4835,18.2945,6.5188,2.0507,0.3563,0.8351,0.1761,-0.921,0.2108,0.6536,0.1726,-0.6618,0.264,0.8941,0.0595,-1.2984,0.0665,6.4214,1.983,0.9351,0.3088,4.4312,1.0216,2.3113,0.2305,1.4579,0.3576,1.1912,0.2453,5.7566,1.1212,6.8154,1.278,47.4683,0.2468,0.0416,2.9971,174.9574,39.857,0.023865042254328728
REACTIVE_examples (178),reactive_tissue,0.2,0,186,17.519,0.3776,42.12,6.07,21.5513,10.0413,3.187,0.4659,18.3426,6.3547,2.0471,0.3464,0.8306,0.1783,-0.9284,0.2147,0.6585,0.1679,-0.5778,0.255,0.8916,0.0625,-1.327,0.0701,6.4623,2.0082,0.9433,0.3108,4.4229,0.9415,2.1418,0.2129,1.4663,0.3666,1.2871,0.25,5.7323,1.1135,6.8072,1.2595,48.2216,0.2435,0.0415,3.0037,176.9353,39.7317,0.024129517376422882
REACTIVE_examples (178),reactive_tissue,0.3,0,187,17.613,0.3626,40.861,5.839,20.5886,9.7403,3.1298,0.4731,17.8616,6.3734,2.5691,0.3568,0.8337,0.1743,-0.9398,0.2091,0.6583,0.1689,-0.5556,0.2567,0.8909,0.0612,-1.4428,0.0687,6.3053,1.9847,1.2025,0.3148,4.3246,0.9372,1.9525,0.2167,1.4661,0.3615,1.1698,0.2466,5.7195,1.1439,6.7712,1.2737,53.3634,0.2246,0.0389,3.0243,168.3872,40.7728,0.04931033402681351
REACTIVE_examples (19),reactive_tissue,0.0,0,173,16.294,0.4389,49.185,6.907,26.9368,10.8375,0.9094,0.4023,22.9603,8.4117,1.2268,0.3664,0.7067,0.2164,-0.4523,0.3062,0.7001,0.1428,-0.6954,0.204,0.858,0.0822,-1.1077,0.0958,7.5389,2.1623,0.9458,0.2868,4.9912,1.1704,0.4134,0.2345,1.5381,0.3937,1.516,0.2559,5.9907,1.1092,7.1284,0.93,39.4395,0.2618,0.0457,3.0258,182.4848,35.2976,0.03733494132757187
REACTIVE_examples (19),reactive_tissue,0.1,0,174,16.388,0.4402,49.409,6.924,26.8622,10.8938,0.9062,0.4055,22.8514,8.397,1.297,0.3675,0.7087,0.2132,-0.4555,0.3008,0.6996,0.1437,-0.6733,0.2054,0.8602,0.0774,-1.0253,0.09,7.4847,2.0757,0.8219,0.2773,4.9742,1.1898,0.3664,0.2392,1.5363,0.3875,1.4598,0.2523,6.0124,1.1013,7.131,0.9306,38.9456,0.262,0.0458,3.0213,182.6252,35.0724,0.03603130578994751
REACTIVE_examples (19),reactive_tissue,0.2,0,173,16.294,0.4343,49.62,7.019,26.6531,11.1047,0.8944,0.4166,21.9842,7.6423,1.3484,0.3476,0.7375,0.1998,-0.5167,0.2708,0.6936,0.1414,-0.3954,0.2039,0.87,0.0756,-1.2691,0.0869,7.3655,2.0502,0.9093,0.2783,4.9395,1.1869,0.4297,0.2403,1.5239,0.3922,1.5261,0.2574,6.008,1.1096,7.1742,0.973,37.6281,0.2667,0.0463,2.974,183.8137,35.6337,0.0008179718279279768
REACTIVE_examples (19),reactive_tissue,0.3,0,175,16.483,0.4392,49.244,6.964,26.6446,10.7463,0.9835,0.4033,22.8252,8.3862,1.3537,0.3674,0.7062,0.2135,-0.4594,0.3023,0.6959,0.1473,-0.6988,0.2117,0.8598,0.0774,-1.1398,0.0901,7.4568,2.0855,1.0022,0.2797,4.9709,1.1814,0.4063,0.2377,1.5323,0.3933,1.517,0.2567,5.9352,1.1258,7.0789,0.9515,39.8884,0.2596,0.0457,3.0336,182.8981,35.2153,0.029292061924934387
REACTIVE_examples (93),reactive_tissue,0.0,0,176,16.577,0.2728,31.317,5.456,16.4567,6.7132,1.0754,0.4079,16.7135,6.6578,1.8338,0.3983,0.8045,0.224,-0.9976,0.2785,0.6775,0.1443,-0.3915,0.2131,0.8719,0.0981,-1.6406,0.1125,5.7583,1.7768,1.6987,0.3086,3.9363,0.9191,0.2209,0.2335,1.4906,0.4065,2.3664,0.2727,5.597,1.1971,6.846,1.2261,69.6652,0.1817,0.0362,3.0711,158.5807,39.1272,0.008213856257498264
REACTIVE_examples (93),reactive_tissue,0.1,0,174,16.388,0.2699,31.058,5.407,16.4707,6.6607,1.0083,0.4044,16.7781,6.8187,1.7726,0.4064,0.8052,0.2279,-1.05,0.283,0.6746,0.1471,-0.365,0.2181,0.8739,0.0987,-1.7567,0.113,5.7759,1.8795,1.7764,0.3254,3.9336,0.9114,0.153,0.2317,1.4961,0.4483,2.8278,0.2996,5.6347,1.1493,6.8961,1.2085,69.3402,0.1814,0.0362,3.0716,158.5428,38.9524,0.013106090016663074
REACTIVE_examples (93),reactive_tissue,0.2,0,174,16.388,0.2749,32.046,5.486,16.7723,6.8356,1.2204,0.4075,16.8958,6.8921,1.9272,0.4079,0.8068,0.2218,-1.0953,0.2749,0.6792,0.1524,-0.413,0.2244,0.8746,0.1,-1.8238,0.1143,5.8678,1.8982,1.6926,0.3235,3.9475,0.926,0.3004,0.2346,1.5216,0.4849,2.7455,0.3187,5.5934,1.2464,6.8712,1.2718,68.8796,0.1826,0.0363,3.0691,158.796,39.2144,0.007628011517226696
REACTIVE_examples (93),reactive_tissue,0.3,0,170,16.012,0.2576,30.657,5.299,16.0891,6.6156,1.1707,0.4112,16.4693,7.2411,3.2351,0.4397,0.814,0.2244,-1.0824,0.2757,0.6691,0.1461,-0.3247,0.2184,0.8783,0.0962,-1.7498,0.1095,5.6577,1.8426,2.4285,0.3257,3.9083,0.9135,0.2565,0.2337,1.4705,0.3855,2.2749,0.2622,5.6256,1.2661,6.9046,1.2696,78.144,0.169,0.0346,3.0752,155.3953,39.8494,0.1011907309293747
REACTIVE_examples (206),reactive_tissue,0.0,0,96,9.042,0.214,53.514,7.496,23.6661,14.7847,0.714,0.6247,19.301,8.4496,0.5891,0.4378,0.7887,0.181,-0.636,0.2295,0.691,0.16,-0.822,0.2316,0.8734,0.071,-1.0736,0.0813,6.6216,2.2636,0.2728,0.3419,4.5157,1.7361,0.4639,0.3845,1.5317,0.3918,1.4201,0.2558,6.7094,1.7561,8.5739,2.0359,46.8382,0.2593,0.043,2.9689,163.8863,38.2899,0.20118962228298187
REACTIVE_examples (206),reactive_tissue,0.1,0,98,9.23,0.2182,55.524,7.976,23.6431,15.25,0.894,0.645,19.4491,8.8827,0.753,0.4567,0.7814,0.1892,-0.6007,0.2422,0.6908,0.1681,-0.7596,0.2434,0.8694,0.0734,-0.9814,0.0845,6.6449,2.2714,0.2519,0.3418,4.519,1.845,0.6846,0.4083,1.5542,0.4301,1.3232,0.2767,6.6549,1.7306,8.5255,2.0184,44.8775,0.2634,0.0438,2.958,165.3852,37.7111,0.008928367868065834
REACTIVE_examples (206),reactive_tissue,0.2,0,93,8.759,0.2081,53.535,7.269,23.7561,14.8705,0.7818,0.626,19.6424,8.6652,0.578,0.4411,0.7731,0.1946,-0.4887,0.2517,0.6931,0.1596,-0.7684,0.2302,0.8676,0.0738,-0.7539,0.0851,6.7122,2.4228,0.6856,0.3609,4.5102,1.6542,0.2944,0.3668,1.5456,0.429,1.8794,0.2775,6.7167,1.7233,8.5517,2.2457,50.5785,0.2497,0.0419,2.9813,160.0261,38.8652,0.022055795416235924
REACTIVE_examples (206),reactive_tissue,0.3,0,91,8.571,0.2105,54.381,7.328,24.5619,15.1949,0.76,0.6186,19.9763,8.7306,0.6081,0.437,0.7741,0.1934,-0.5017,0.2499,0.6855,0.1592,-0.7092,0.2322,0.8691,0.0786,-0.76,0.0904,6.7969,2.4388,0.692,0.3588,4.6196,1.6784,0.3057,0.3633,1.5244,0.4093,1.6131,0.2685,6.7769,1.7207,8.6478,2.2317,50.5929,0.2519,0.0416,2.9799,161.0269,39.484,0.005476502701640129
REACTIVE_examples (284),reactive_tissue,0.0,0,181,17.048,0.4041,45.995,6.28,23.7039,10.0695,1.2093,0.4248,19.2879,6.5731,1.5408,0.3408,0.8288,0.1778,-0.9678,0.2146,0.66,0.1677,-0.586,0.2542,0.8975,0.0616,-1.3629,0.0686,6.7627,2.1186,1.3144,0.3133,4.6352,0.9664,0.7918,0.2085,1.4668,0.362,1.3488,0.2468,5.8782,0.936,6.9355,1.0843,41.1956,0.2773,0.0473,2.9405,188.62,36.4763,0.0016741075087338686
REACTIVE_examples (284),reactive_tissue,0.1,0,179,16.859,0.4058,46.705,6.329,24.0669,10.1428,1.104,0.4214,19.4469,6.6403,1.3864,0.3415,0.8296,0.1786,-1.03,0.2152,0.6618,0.1711,-0.6005,0.2585,0.8949,0.0658,-1.5593,0.0735,6.8639,2.232,1.25,0.3252,4.6578,0.9501,0.6595,0.204,1.4779,0.3744,1.2754,0.2534,5.8862,0.9459,6.9927,1.0698,40.1988,0.2796,0.0476,2.9255,188.4436,36.5139,0.0012585704680532217
REACTIVE_examples (284),reactive_tissue,0.2,0,178,16.765,0.4047,47.645,6.616,24.1415,10.3461,1.1149,0.4286,19.4248,6.8182,1.4308,0.351,0.835,0.1793,-1.0936,0.2148,0.6571,0.17,-0.5518,0.2588,0.8987,0.0631,-1.6387,0.0702,6.8278,2.2121,1.2579,0.324,4.6781,1.0086,0.8818,0.2156,1.4651,0.3628,1.1886,0.2476,5.9307,0.9417,7.023,1.0852,40.337,0.2804,0.0473,2.9242,187.5149,36.676,0.001297134323976934
REACTIVE_examples (284),reactive_tissue,0.3,0,182,17.142,0.4061,45.182,6.385,23.6911,9.6515,1.2285,0.4074,19.4908,6.6284,1.5723,0.3401,0.8188,0.1856,-0.8945,0.2266,0.6586,0.1736,-0.5207,0.2635,0.896,0.0621,-1.2239,0.0693,6.7978,2.0817,1.2828,0.3062,4.6393,0.962,0.9002,0.2074,1.48,0.3897,1.2837,0.2633,5.8806,0.9008,6.9423,1.0203,42.0802,0.2733,0.0469,2.9422,188.6394,36.4504,0.0019159209914505482
REACTIVE_examples (10),reactive_tissue,0.0,0,206,19.402,0.4471,49.887,6.769,23.0428,11.4135,1.7647,0.4953,19.5525,8.0803,2.2021,0.4133,0.8049,0.2038,-0.817,0.2533,0.6666,0.1697,-0.5049,0.2546,0.8825,0.079,-1.5175,0.0896,6.7904,2.3842,1.3825,0.3511,4.5515,1.0761,1.3892,0.2364,1.502,0.4262,1.6585,0.2837,5.422,0.9423,6.4949,1.0362,40.0373,0.2599,0.0466,3.0586,190.1721,34.8675,0.0032594394870102406
REACTIVE_examples (10),reactive_tissue,0.1,0,204,19.214,0.446,50.079,6.715,23.2137,11.5476,1.5445,0.4974,19.5978,7.9824,1.7152,0.4073,0.8053,0.2024,-0.8165,0.2513,0.6668,0.1689,-0.5217,0.2533,0.884,0.0737,-1.2929,0.0834,6.7865,2.3888,1.2928,0.352,4.5567,1.101,1.1989,0.2416,1.5019,0.4335,1.9074,0.2886,5.4981,0.9329,6.5072,1.028,41.1131,0.2591,0.0464,3.0652,190.6169,34.9496,0.005882563069462776
REACTIVE_examples (10),reactive_tissue,0.2,0,207,19.497,0.448,48.648,6.587,22.9765,10.9267,1.3469,0.4756,19.4349,7.7455,1.5824,0.3985,0.811,0.2002,-0.8934,0.2469,0.6664,0.1703,-0.4482,0.2555,0.8865,0.0739,-1.4729,0.0834,6.7829,2.4603,1.6182,0.3627,4.5277,1.0591,0.9587,0.2339,1.5117,0.4605,1.9795,0.3046,5.473,0.9504,6.5063,1.0216,40.1219,0.2603,0.0465,3.0575,190.237,34.8618,0.005001767072826624
REACTIVE_examples (10),reactive_tissue,0.3,0,202,19.026,0.4482,50.502,6.616,23.5588,11.8431,1.4977,0.5027,19.5347,7.9956,1.72,0.4093,0.8181,0.1949,-1.0096,0.2383,0.6671,0.1753,-0.6009,0.2628,0.8889,0.0709,-1.5318,0.0797,6.8465,2.5282,1.5241,0.3693,4.5599,1.1095,1.0415,0.2433,1.5115,0.445,1.9267,0.2944,5.5374,0.9781,6.5894,1.0482,38.6601,0.267,0.0472,3.031,190.0432,35.0412,0.009838901460170746
REACTIVE_examples (24),reactive_tissue,0.0,0,179,16.859,0.4164,51.959,6.785,24.7004,12.2663,1.3834,0.4966,22.5017,9.5096,1.3937,0.4226,0.6779,0.2244,-0.2428,0.3311,0.7197,0.1348,-0.6269,0.1873,0.8339,0.0986,-0.9278,0.1182,7.3721,2.5495,1.3906,0.3458,4.7091,1.2371,0.6058,0.2627,1.5809,0.396,1.3374,0.2505,5.849,0.9983,7.0108,1.2281,49.4794,0.2104,0.0411,3.1291,181.3126,34.9002,0.0005677865701727569
REACTIVE_examples (24),reactive_tissue,0.1,0,181,17.048,0.4197,53.145,6.985,24.6193,12.6888,1.3818,0.5154,22.2951,9.6895,1.4256,0.4346,0.6873,0.2234,-0.3107,0.3251,0.7103,0.1444,-0.7301,0.2033,0.8375,0.0964,-1.0013,0.1151,7.2948,2.6082,1.4955,0.3575,4.7057,1.2725,0.6556,0.2704,1.5654,0.3924,1.2518,0.2507,5.7857,1.0504,6.9622,1.1825,49.5711,0.2097,0.041,3.1255,181.7242,35.207,0.00041346269426867366
REACTIVE_examples (24),reactive_tissue,0.2,0,179,16.859,0.4185,53.135,6.876,24.821,12.5896,1.3818,0.5072,22.458,9.3731,1.3757,0.4174,0.6759,0.2197,-0.1666,0.3251,0.7186,0.1378,-0.7152,0.1917,0.8305,0.1001,-0.748,0.1205,7.3776,2.5542,1.4012,0.3462,4.7143,1.2421,0.6043,0.2635,1.5822,0.4018,1.3447,0.2539,5.851,1.0296,6.9894,1.1086,50.2676,0.208,0.0409,3.1287,182.8749,35.3474,0.0007168978336267173
REACTIVE_examples (24),reactive_tissue,0.3,0,177,16.671,0.4223,52.418,6.906,25.3311,12.4794,1.3425,0.4927,23.5636,10.3125,1.3497,0.4376,0.6482,0.2302,-0.1218,0.3552,0.7279,0.1377,-0.8144,0.1892,0.8229,0.1023,-0.7434,0.1243,7.5848,2.6226,1.3014,0.3458,4.7663,1.2776,0.605,0.2681,1.6113,0.4172,1.3437,0.2589,5.8606,1.0149,7.0412,1.2513,52.7247,0.2052,0.0405,3.1262,180.6005,35.364,0.0007803793996572495
REACTIVE_examples (281),reactive_tissue,0.0,0,185,17.424,0.4008,44.08,6.29,23.0003,9.528,1.3072,0.4143,19.5168,6.8451,1.61,0.3507,0.8035,0.1979,-0.9582,0.2463,0.6716,0.1601,-0.504,0.2383,0.887,0.0747,-1.7597,0.0842,6.74,1.9582,1.265,0.2905,4.5917,1.0116,0.6008,0.2203,1.4907,0.3869,1.595,0.2595,5.8394,1.1806,7.004,1.2678,40.6319,0.2854,0.0482,2.9406,188.1928,36.8681,0.0016154813347384334
REACTIVE_examples (281),reactive_tissue,0.1,0,185,17.424,0.4035,44.447,6.381,23.1548,9.6343,1.3166,0.4161,19.5856,6.7525,1.5392,0.3448,0.7995,0.1966,-0.8838,0.2459,0.6711,0.1613,-0.5218,0.2403,0.8857,0.0743,-1.5979,0.0839,6.7565,1.9459,1.218,0.288,4.607,1.0139,0.5662,0.2201,1.4903,0.3848,1.5324,0.2582,5.8508,1.1697,7.0047,1.2306,40.9745,0.2864,0.0486,2.9349,188.409,37.1508,0.004145174752920866
REACTIVE_examples (281),reactive_tissue,0.2,0,183,17.236,0.3998,44.069,6.248,23.1974,9.5759,1.3077,0.4128,19.601,6.6833,1.5005,0.341,0.8006,0.1973,-0.8991,0.2464,0.6723,0.1572,-0.4496,0.2338,0.8866,0.0742,-1.7094,0.0837,6.774,1.9566,1.1291,0.2888,4.6113,1.0024,0.6183,0.2174,1.4911,0.3934,1.7615,0.2639,5.8885,1.1674,7.0443,1.2565,40.2872,0.287,0.0486,2.9423,188.373,36.9399,0.0019476708257570863
REACTIVE_examples (281),reactive_tissue,0.3,0,187,17.613,0.4055,44.525,6.399,23.0236,9.7347,1.3114,0.4228,19.5304,6.76,1.4627,0.3461,0.798,0.1963,-0.8456,0.246,0.6721,0.1634,-0.5956,0.2431,0.8829,0.0784,-1.7029,0.0888,6.7475,1.9397,1.1211,0.2875,4.5925,1.0401,0.6292,0.2265,1.4959,0.3942,1.6176,0.2635,5.8005,1.2095,6.9428,1.2296,42.7089,0.2792,0.0475,2.9444,187.6986,37.4113,0.00040926580550149083
REACTIVE_examples (280),reactive_tissue,0.0,0,217,20.438,0.4326,39.81,5.905,21.1658,8.3323,2.0302,0.3937,17.6108,5.6512,2.4677,0.3209,0.8791,0.1646,-1.4874,0.1873,0.6237,0.1686,-0.1723,0.2703,0.9079,0.0599,-1.6304,0.066,6.233,1.8285,1.5949,0.2934,4.4676,0.8188,1.1246,0.1833,1.4046,0.3627,1.8594,0.2582,5.5335,0.783,6.4362,0.9388,43.8143,0.2675,0.0471,2.9686,188.9502,36.1245,0.003466953756287694
REACTIVE_examples (280),reactive_tissue,0.1,0,217,20.438,0.4326,39.762,5.799,21.1668,8.3348,1.936,0.3938,17.6476,5.7644,2.4431,0.3266,0.8784,0.1671,-1.5282,0.1902,0.6266,0.1681,-0.1987,0.2683,0.9081,0.0605,-1.6667,0.0666,6.2461,1.8546,1.5998,0.2969,4.4619,0.8291,1.0955,0.1858,1.4086,0.3606,1.7866,0.256,5.5276,0.7726,6.4323,0.9252,44.0624,0.2674,0.0472,2.966,190.2914,36.3484,0.003466953756287694
REACTIVE_examples (280),reactive_tissue,0.2,0,217,20.438,0.4306,38.809,5.748,21.0683,8.1521,1.8519,0.3869,17.682,5.6804,2.4473,0.3213,0.8704,0.1666,-1.3662,0.1914,0.6279,0.1696,-0.2635,0.2702,0.9048,0.0598,-1.318,0.0661,6.2283,1.7832,1.5045,0.2863,4.4552,0.8235,0.9638,0.1848,1.4069,0.3389,1.3411,0.2409,5.56,0.7699,6.4436,0.8883,45.4316,0.2635,0.0465,2.9716,188.8154,36.6016,0.0017065793508663774
REACTIVE_examples (280),reactive_tissue,0.3,0,219,20.627,0.433,39.714,5.826,20.9919,8.3124,1.977,0.396,17.5551,5.7281,2.4636,0.3263,0.8789,0.1658,-1.5303,0.1887,0.6204,0.1668,-0.1543,0.2688,0.909,0.0598,-1.6305,0.0658,6.1923,1.8538,1.7051,0.2994,4.4594,0.8153,1.0905,0.1828,1.3956,0.3562,1.9506,0.2553,5.5133,0.766,6.409,0.9134,45.1355,0.2643,0.0466,2.9706,189.235,36.3952,0.0032674805261194706
REACTIVE_examples (161),reactive_tissue,0.0,0,141,13.28,0.2946,48.527,6.578,22.1865,12.383,1.5949,0.5581,19.0396,7.6684,1.1897,0.4028,0.7922,0.2011,-0.6131,0.2538,0.6659,0.1738,-0.4223,0.2609,0.8742,0.077,-1.0508,0.0881,6.6003,2.3679,0.9806,0.3588,4.4322,1.251,0.4258,0.2822,1.5283,0.5106,2.2099,0.3341,6.1651,1.4657,7.6679,1.4861,47.1928,0.2393,0.041,3.0355,160.4093,39.8782,0.030983608216047287
REACTIVE_examples (161),reactive_tissue,0.1,0,141,13.28,0.2955,48.583,6.525,22.2495,12.4191,1.5941,0.5582,18.938,7.6036,1.2216,0.4015,0.799,0.1958,-0.6496,0.2451,0.6644,0.1763,-0.4511,0.2654,0.8759,0.0769,-0.9843,0.0878,6.5992,2.3665,0.9784,0.3586,4.4352,1.2503,0.4282,0.2819,1.526,0.5052,2.1856,0.3311,6.1643,1.4684,7.6699,1.487,46.0731,0.2424,0.0414,3.0269,161.336,39.9287,0.03829196095466614
REACTIVE_examples (161),reactive_tissue,0.2,0,147,13.845,0.3064,51.983,6.702,22.1288,13.4378,1.4519,0.6073,19.0243,8.6202,1.1701,0.4531,0.795,0.2082,-0.7261,0.2619,0.6711,0.1804,-0.6637,0.2688,0.8715,0.0814,-1.0103,0.0934,6.6177,2.6757,1.0721,0.4043,4.3746,1.3359,0.2412,0.3054,1.5387,0.486,1.8972,0.3159,6.1433,1.4348,7.5579,1.4816,44.5735,0.2464,0.0417,3.0292,161.1361,39.9658,0.03387444466352463
REACTIVE_examples (161),reactive_tissue,0.3,0,141,13.28,0.2764,46.143,6.407,20.8103,11.7222,1.757,0.5633,18.1347,7.1481,1.368,0.3942,0.8062,0.1895,-0.7159,0.2351,0.6619,0.1742,-0.4485,0.2631,0.8766,0.072,-1.1325,0.0821,6.3382,2.2001,0.9794,0.3471,4.3064,1.2101,0.3849,0.281,1.5153,0.5254,3.114,0.3467,6.1489,1.5068,7.5907,1.5618,50.8868,0.2287,0.04,3.0512,157.4824,40.0564,0.007021679077297449
REACTIVE_examples (254),reactive_tissue,0.0,0,196,18.461,0.4326,44.849,6.413,23.4358,9.8417,1.3671,0.4199,18.9455,6.5716,1.9269,0.3469,0.8469,0.1681,-1.2727,0.1984,0.6424,0.1596,-0.3219,0.2484,0.9042,0.0573,-1.3193,0.0634,6.5831,1.9437,1.2268,0.2952,4.6631,1.0191,0.8369,0.2185,1.4267,0.3669,2.2206,0.2572,5.7824,0.8559,6.706,0.871,42.4955,0.272,0.0466,2.9525,187.7407,37.5295,0.0013385701458901167
REACTIVE_examples (254),reactive_tissue,0.1,0,193,18.178,0.4343,46.002,6.377,23.8921,10.0923,1.2256,0.4224,19.2979,6.8625,1.7383,0.3556,0.8375,0.174,-1.2127,0.2078,0.6442,0.1634,-0.3929,0.2537,0.902,0.0584,-1.3798,0.0647,6.6916,2.0776,1.2306,0.3105,4.693,1.0155,0.7743,0.2164,1.4367,0.3788,2.0897,0.2636,5.8089,0.8632,6.7506,0.8658,43.7321,0.269,0.046,2.9589,187.0315,37.7918,0.0008601778536103666
REACTIVE_examples (254),reactive_tissue,0.2,0,196,18.461,0.4344,45.568,6.349,23.5286,10.0119,1.2967,0.4255,18.9984,6.4825,1.6207,0.3412,0.8435,0.1696,-1.1919,0.201,0.6423,0.1646,-0.3961,0.2563,0.9024,0.0587,-1.3067,0.065,6.6228,2.0275,1.304,0.3061,4.6661,1.0175,0.7433,0.2181,1.4328,0.3727,2.0088,0.2601,5.782,0.8484,6.7158,0.8604,44.1161,0.2681,0.0457,2.9504,187.0726,37.7895,0.0010595546336844563
REACTIVE_examples (254),reactive_tissue,0.3,0,193,18.178,0.431,45.272,6.497,23.7112,10.0073,1.3199,0.422,18.9641,6.293,1.487,0.3318,0.8511,0.1673,-1.2158,0.1966,0.6459,0.1587,-0.3198,0.2458,0.9042,0.0579,-1.3577,0.064,6.6372,1.9535,1.175,0.2943,4.6869,1.0609,0.9774,0.2264,1.434,0.3695,2.0501,0.2577,5.8149,0.8827,6.7546,0.8723,41.5878,0.2748,0.0463,2.9355,186.0293,37.4505,0.002715839073061943
REACTIVE_examples (121),reactive_tissue,0.0,0,158,14.881,0.3625,49.819,6.742,24.3594,12.4568,1.2886,0.5114,21.0202,8.4856,0.994,0.4037,0.741,0.2084,-0.4792,0.2813,0.704,0.1486,-0.4689,0.2111,0.863,0.0781,-1.3083,0.0905,7.1265,2.4992,0.8506,0.3507,4.5973,1.2072,0.7176,0.2626,1.5626,0.4087,1.2231,0.2615,5.8659,1.0006,7.1661,1.0946,57.3159,0.2062,0.0384,3.1245,174.368,39.0698,0.0005985210300423205
REACTIVE_examples (121),reactive_tissue,0.1,0,157,14.787,0.359,49.792,6.947,24.2787,12.4425,1.2777,0.5125,21.0133,8.6553,1.0966,0.4119,0.7423,0.2104,-0.515,0.2835,0.7023,0.1502,-0.3944,0.2138,0.8631,0.0755,-1.38,0.0874,7.1003,2.4592,0.8442,0.3464,4.5966,1.246,0.7686,0.2711,1.5636,0.4116,1.0567,0.2633,5.8993,1.001,7.2043,1.1073,58.9697,0.2039,0.038,3.1287,172.9086,39.1695,0.0007643128046765924
REACTIVE_examples (121),reactive_tissue,0.2,0,158,14.881,0.3558,48.8,6.701,23.9081,12.0822,1.3101,0.5054,20.9285,8.4801,1.1664,0.4052,0.7364,0.2104,-0.5166,0.2857,0.7048,0.1523,-0.4717,0.2161,0.8583,0.0784,-1.1394,0.0913,7.0843,2.3935,0.8089,0.3379,4.5645,1.2095,0.7994,0.265,1.5724,0.4158,1.0545,0.2645,5.8394,1.0216,7.1778,1.1292,63.1007,0.1962,0.0369,3.13,168.011,39.9782,0.000680651341099292
REACTIVE_examples (121),reactive_tissue,0.3,0,162,15.258,0.3596,49.763,6.756,23.5646,12.6046,1.3073,0.5349,20.017,7.8529,1.1095,0.3923,0.7639,0.1915,-0.3922,0.2507,0.7075,0.1466,-0.6208,0.2073,0.8677,0.0675,-0.7131,0.0778,6.9365,2.3864,0.8577,0.344,4.4855,1.2282,0.7291,0.2738,1.5628,0.3917,1.0985,0.2506,5.8733,1.1155,7.1258,1.1367,52.0305,0.2134,0.0398,3.113,173.3685,38.2576,0.0005827011773362756
REACTIVE_examples (215),reactive_tissue,0.0,0,153,14.411,0.3674,54.487,7.192,25.4971,13.9916,0.9513,0.5488,25.0097,12.2139,1.0654,0.4884,0.6023,0.2476,0.0604,0.411,0.7128,0.1618,-1.2029,0.2271,0.8126,0.095,-0.6542,0.117,7.5628,2.7486,0.8393,0.3634,4.8348,1.4826,0.1777,0.3067,1.5955,0.4247,1.2639,0.2662,5.9411,1.3933,7.3646,1.3828,52.8074,0.2152,0.0399,3.0986,169.9553,37.2215,0.03606601804494858
REACTIVE_examples (215),reactive_tissue,0.1,0,149,14.034,0.36,54.959,7.326,25.6533,13.9342,0.9002,0.5432,25.5257,12.3455,1.0667,0.4837,0.5822,0.2435,0.1693,0.4182,0.7197,0.1611,-1.2473,0.2239,0.8064,0.0991,-0.7015,0.123,7.6649,2.7154,0.7696,0.3543,4.8508,1.4933,0.2009,0.3078,1.6151,0.4306,1.2419,0.2666,6.0798,1.3305,7.5013,1.3213,53.1843,0.2135,0.0399,3.0999,167.812,37.1805,0.02473566308617592
REACTIVE_examples (215),reactive_tissue,0.2,0,152,14.316,0.3574,54.54,7.212,24.9675,14.2661,0.8882,0.5714,24.8562,12.5556,1.1453,0.5051,0.5958,0.2495,0.1599,0.4187,0.7184,0.1614,-1.3401,0.2247,0.8036,0.1005,-0.7025,0.1251,7.52,2.7534,0.7897,0.3661,4.7768,1.5225,0.1628,0.3187,1.6093,0.4334,1.602,0.2693,5.9566,1.3978,7.3632,1.3428,53.277,0.2137,0.0399,3.0982,167.1358,37.3326,0.05877972021698952
REACTIVE_examples (215),reactive_tissue,0.3,0,161,15.164,0.4706,62.26,7.776,31.0316,15.8809,0.7866,0.5118,25.6179,10.2186,0.8572,0.3989,0.6382,0.2031,0.0148,0.3182,0.7168,0.1474,-0.6612,0.2056,0.8191,0.0893,-0.5901,0.109,8.3021,2.9496,1.3061,0.3553,5.2829,1.5429,0.4573,0.292,1.6,0.4366,1.3847,0.2729,6.1925,1.2542,7.3872,1.193,28.7453,0.2907,0.052,2.9815,175.5065,34.8689,0.2081364095211029
REACTIVE_examples (26),reactive_tissue,0.0,0,178,16.765,0.4226,50.584,6.655,25.209,11.5819,1.2584,0.4594,23.8329,9.5674,1.1316,0.4014,0.6269,0.2251,-0.0298,0.3591,0.7128,0.1511,-0.7463,0.2119,0.8189,0.0985,-0.7934,0.1202,7.5955,2.6113,1.6568,0.3438,4.8145,1.1681,0.8102,0.2426,1.5962,0.4613,1.9757,0.289,5.8237,1.0491,6.9288,1.0787,53.4504,0.1959,0.0402,3.1416,184.1602,35.4514,0.0003693504841066897
REACTIVE_examples (26),reactive_tissue,0.1,0,178,16.765,0.4206,49.127,6.696,25.0865,11.1249,1.1514,0.4435,23.7801,9.664,1.2103,0.4064,0.6299,0.226,-0.0765,0.3588,0.7039,0.1523,-0.5756,0.2164,0.8202,0.0996,-0.6488,0.1215,7.4982,2.5191,1.8579,0.336,4.8517,1.2019,0.6557,0.2477,1.5698,0.439,1.9774,0.2796,5.862,0.9674,6.947,1.0073,54.1492,0.1956,0.04,3.1444,184.0516,35.4029,0.000366466905688867
REACTIVE_examples (26),reactive_tissue,0.2,0,181,17.048,0.429,50.327,6.608,25.1617,11.5474,1.287,0.4589,23.7188,9.6634,1.1576,0.4074,0.6336,0.2263,-0.092,0.3571,0.7063,0.1571,-0.6627,0.2224,0.8196,0.0988,-0.7204,0.1205,7.5538,2.5497,1.6644,0.3375,4.8401,1.231,0.7871,0.2543,1.5874,0.4574,1.8307,0.2881,5.7964,1.0229,6.8882,1.0679,53.9044,0.1966,0.0402,3.1444,184.9482,35.6997,0.0003539241151884198
REACTIVE_examples (26),reactive_tissue,0.3,0,187,17.613,0.4153,47.588,6.48,23.5781,10.8654,1.2715,0.4608,23.8431,10.1981,1.3813,0.4277,0.5975,0.2261,0.0224,0.3783,0.7216,0.1504,-0.6674,0.2084,0.8044,0.106,-0.6792,0.1318,7.4601,2.502,1.66,0.3354,4.6807,1.2001,0.5334,0.2564,1.6273,0.4761,1.7252,0.2925,5.657,1.0853,6.7442,1.0653,69.118,0.1737,0.0367,3.1389,181.1727,37.6056,0.0010913833975791931
REACTIVE_examples (255),reactive_tissue,0.0,0,190,17.895,0.4299,45.238,6.142,24.0211,9.7869,0.9595,0.4074,19.4539,6.4923,1.1836,0.3337,0.83,0.1827,-0.977,0.2201,0.6584,0.1682,-0.4292,0.2554,0.8952,0.0648,-1.2734,0.0724,6.8365,2.1462,1.0455,0.3139,4.6613,0.9478,0.7523,0.2033,1.4748,0.3878,1.3068,0.2629,5.9532,0.8892,6.9179,1.0284,40.5931,0.2817,0.0476,2.9256,188.7186,37.0845,0.00200290628708899
REACTIVE_examples (255),reactive_tissue,0.1,0,192,18.084,0.4301,44.965,6.199,23.7829,9.7465,1.0124,0.4098,19.2629,6.3837,1.2169,0.3314,0.8348,0.1799,-1.0192,0.2155,0.6551,0.1668,-0.3771,0.2546,0.8976,0.0635,-1.2678,0.0707,6.7691,2.1036,1.09,0.3108,4.6492,0.9441,0.7315,0.2031,1.4639,0.3755,1.2765,0.2565,5.9232,0.9036,6.8766,1.0359,40.4078,0.2837,0.0477,2.9224,188.5811,37.1064,0.0018950954545289278
REACTIVE_examples (255),reactive_tissue,0.2,0,194,18.272,0.4231,41.717,5.974,23.1527,8.7209,0.9484,0.3767,19.1543,6.1695,1.3251,0.3221,0.8281,0.1856,-0.9723,0.2241,0.6564,0.1648,-0.3675,0.2511,0.894,0.067,-1.1356,0.0749,6.6929,1.9548,1.131,0.2921,4.6084,0.8949,0.8047,0.1942,1.466,0.3823,1.3933,0.2608,5.8808,0.9041,6.8393,0.9991,46.0063,0.266,0.0451,2.9601,186.1748,38.3903,0.0020609567873179913
REACTIVE_examples (255),reactive_tissue,0.3,0,189,17.801,0.4317,45.962,6.3,24.2534,10.0956,1.2587,0.4163,19.4027,6.4902,1.3375,0.3345,0.8399,0.1799,-1.0284,0.2142,0.6528,0.1731,-0.4989,0.2651,0.8987,0.0624,-1.1774,0.0694,6.8446,2.1785,1.1848,0.3183,4.6882,0.951,0.9847,0.2029,1.4675,0.3925,1.5641,0.2675,5.9817,0.9434,6.949,1.0867,39.4053,0.2865,0.0479,2.9068,187.721,37.2248,0.005478388629853725
REACTIVE_examples (291),reactive_tissue,0.0,0,168,15.823,0.4105,49.39,6.653,25.9412,11.8611,0.6351,0.4572,23.6222,10.029,1.0338,0.4246,0.6588,0.2316,-0.1358,0.3516,0.7239,0.1573,-0.9424,0.2173,0.8381,0.0875,-0.7267,0.1044,7.6794,2.6127,0.6835,0.3402,4.7285,1.2144,0.4513,0.2568,1.6522,0.5311,2.1879,0.3214,6.031,1.0673,7.2073,1.1977,48.1914,0.219,0.0421,3.1206,184.4812,34.9712,0.000585133268032223
REACTIVE_examples (291),reactive_tissue,0.1,0,173,16.294,0.4137,47.81,6.657,25.3907,11.5283,0.5504,0.454,22.8467,9.3262,0.9686,0.4082,0.6754,0.2215,-0.1956,0.3279,0.7199,0.1573,-0.7686,0.2186,0.8456,0.0841,-0.764,0.0995,7.538,2.5184,0.6668,0.3341,4.6825,1.22,0.4174,0.2605,1.6436,0.5315,2.1909,0.3234,5.8777,1.0973,7.1003,1.1741,46.8388,0.2231,0.0427,3.1142,185.2028,35.0302,0.00042576240957714617
REACTIVE_examples (291),reactive_tissue,0.2,0,170,16.012,0.4123,53.074,6.607,25.753,12.9551,1.233,0.5031,23.0089,10.4601,1.4796,0.4546,0.6841,0.2268,-0.3037,0.3316,0.7167,0.1597,-0.7583,0.2229,0.8462,0.0853,-0.9591,0.1008,7.5903,2.8808,1.2576,0.3795,4.6759,1.1856,0.3345,0.2536,1.6393,0.5395,2.2541,0.3291,5.9694,1.0912,7.1559,1.1995,46.2499,0.224,0.0428,3.1149,185.5168,35.0387,0.0007497271290048957
REACTIVE_examples (291),reactive_tissue,0.3,0,172,16.2,0.409,48.233,6.54,25.2444,11.7302,0.636,0.4647,22.7897,9.582,0.9997,0.4205,0.678,0.2231,-0.2699,0.329,0.7205,0.1566,-0.6817,0.2173,0.8429,0.0843,-0.7855,0.1,7.534,2.6184,0.7585,0.3475,4.6517,1.1965,0.3243,0.2572,1.6488,0.5401,2.1636,0.3276,5.9236,1.0896,7.1266,1.1865,46.6174,0.2215,0.0424,3.1121,183.7345,34.9261,0.0004579281958285719
REACTIVE_examples (235),reactive_tissue,0.0,0,186,17.519,0.4479,50.261,6.908,25.5649,10.9921,1.4779,0.43,22.0208,8.894,1.9416,0.4039,0.7299,0.2167,-0.6009,0.2969,0.6885,0.1564,-0.5037,0.2271,0.8605,0.0853,-0.8962,0.0991,7.3055,2.2882,1.3599,0.3132,4.8389,1.139,1.0208,0.2354,1.5346,0.42,1.5429,0.2737,5.7783,0.9867,6.7596,1.1479,52.9608,0.2236,0.0413,3.0864,185.1856,36.8228,0.00013407795631792396
REACTIVE_examples (235),reactive_tissue,0.1,0,188,17.707,0.4563,52.443,7.138,25.7713,11.5498,1.5829,0.4482,21.8242,8.7691,2.0646,0.4018,0.7401,0.2115,-0.6349,0.2857,0.6816,0.1557,-0.4339,0.2285,0.8645,0.0845,-1.233,0.0977,7.2716,2.2794,1.3597,0.3135,4.8738,1.1831,0.9908,0.2427,1.5201,0.4261,1.7149,0.2803,5.7726,1.0722,6.8104,1.0541,47.3001,0.2321,0.0429,3.0819,187.2011,35.6112,0.00043262902181595564
REACTIVE_examples (235),reactive_tissue,0.2,0,189,17.801,0.4438,46.897,6.492,24.9296,10.221,1.374,0.41,21.7044,7.9794,1.614,0.3676,0.7253,0.2169,-0.4967,0.299,0.6826,0.1571,-0.6394,0.2301,0.8613,0.086,-1.0974,0.0998,7.1817,2.1932,1.3326,0.3054,4.7973,1.0224,0.4531,0.2131,1.5161,0.4091,1.6898,0.2698,5.7497,0.9606,6.7577,1.1146,57.9177,0.214,0.0401,3.0968,185.5394,37.6598,0.00011910931061720476
REACTIVE_examples (235),reactive_tissue,0.3,0,190,17.895,0.4503,48.746,6.579,25.1626,10.6224,1.3219,0.4222,21.5552,8.0317,1.7922,0.3726,0.7366,0.212,-0.5565,0.2878,0.6932,0.1566,-0.5594,0.226,0.8624,0.0883,-1.1716,0.1024,7.2697,2.2397,1.2293,0.3081,4.7725,1.071,0.6369,0.2244,1.5485,0.4255,1.3684,0.2748,5.7171,1.0558,6.7613,1.0172,50.9866,0.2237,0.0415,3.0873,184.9399,36.3994,8.576724212616682e-05
REACTIVE_examples (164),reactive_tissue,0.0,0,132,12.433,0.2738,43.151,6.171,22.0225,9.5571,1.4067,0.434,18.4339,6.1711,1.5694,0.3348,0.838,0.1763,-0.9252,0.2104,0.6738,0.1619,-0.8446,0.2403,0.898,0.0611,-0.9302,0.0681,6.5397,1.9655,1.1119,0.3005,4.4355,0.9468,0.482,0.2135,1.4886,0.3733,1.6938,0.2508,6.2664,1.4002,7.7148,1.6228,52.5614,0.2697,0.0424,2.8827,164.9445,41.3862,0.49499639868736267
REACTIVE_examples (164),reactive_tissue,0.1,0,131,12.338,0.2745,45.025,6.324,22.2503,10.1654,1.5605,0.4569,18.6387,6.7504,1.8383,0.3622,0.8339,0.1808,-0.991,0.2168,0.6722,0.1685,-1.0056,0.2507,0.8967,0.0623,-1.0769,0.0695,6.5862,2.0983,1.2686,0.3186,4.4526,0.9812,0.6694,0.2204,1.4897,0.3738,1.6966,0.2509,6.2694,1.4207,7.7314,1.6345,54.1384,0.2649,0.042,2.8935,164.2142,41.7452,0.0693282037973404
REACTIVE_examples (164),reactive_tissue,0.2,0,132,12.433,0.2724,43.514,6.149,21.907,9.6828,1.3966,0.442,18.5024,6.4176,1.5556,0.3469,0.8338,0.1844,-0.9736,0.2211,0.6796,0.1552,-0.6226,0.2283,0.8942,0.0646,-1.015,0.0723,6.564,2.0547,1.2117,0.313,4.413,0.9482,0.4475,0.2149,1.4991,0.3789,1.6156,0.2528,6.2506,1.4071,7.7093,1.6217,54.142,0.2652,0.042,2.9024,162.9249,41.4888,0.4818641245365143
REACTIVE_examples (164),reactive_tissue,0.3,0,133,12.527,0.2713,43.151,6.183,21.6612,9.5264,1.4238,0.4398,18.3551,6.3841,1.6993,0.3478,0.8365,0.1826,-1.0087,0.2183,0.6742,0.1606,-0.7147,0.2382,0.8947,0.066,-0.9966,0.0737,6.5075,2.0279,1.263,0.3116,4.402,0.9447,0.4537,0.2146,1.4907,0.3773,1.7029,0.2531,6.203,1.3818,7.6741,1.5723,54.6541,0.2639,0.0419,2.905,162.0196,41.5208,0.4061852693557739
REACTIVE_examples (107),reactive_tissue,0.0,0,145,13.657,0.2845,41.995,6.232,20.8346,10.7652,1.3807,0.5167,20.2321,8.9144,1.7198,0.4406,0.7,0.2388,-0.3141,0.3411,0.6837,0.1559,-0.0316,0.228,0.8341,0.1167,-1.0492,0.1399,6.6621,2.3826,2.1463,0.3576,4.4098,1.2732,0.0342,0.2887,1.5903,0.6776,3.4552,0.4261,6.0162,1.3715,7.4842,1.2299,54.1118,0.2061,0.0394,3.0506,149.135,37.2613,0.09639821946620941
REACTIVE_examples (107),reactive_tissue,0.1,0,149,14.034,0.2862,39.569,6.267,20.3931,9.6898,0.484,0.4752,19.9176,8.1492,1.1262,0.4091,0.7038,0.2369,-0.3472,0.3366,0.6821,0.1578,-0.112,0.2314,0.8309,0.1186,-1.0066,0.1428,6.5803,2.1202,1.2504,0.3222,4.3994,1.2766,0.0073,0.2902,1.5816,0.6566,3.5217,0.4151,6.0117,1.3519,7.4225,1.2452,54.2407,0.2052,0.0393,3.0506,149.8971,37.4031,0.11040271073579788
REACTIVE_examples (107),reactive_tissue,0.2,0,147,13.845,0.2818,38.412,6.144,20.351,9.4269,0.3976,0.4632,20.058,7.9601,1.0052,0.3969,0.6922,0.2403,-0.2152,0.3472,0.6865,0.1569,-0.136,0.2286,0.8294,0.1194,-1.0207,0.144,6.6115,2.0661,1.0599,0.3125,4.3979,1.2511,-0.081,0.2845,1.5892,0.6534,3.5037,0.4111,6.0272,1.3222,7.4907,1.1535,55.6752,0.2021,0.039,3.0549,147.2738,37.3503,0.12239319086074829
REACTIVE_examples (107),reactive_tissue,0.3,0,154,14.505,0.2705,35.02,5.782,18.6483,9.0086,0.6254,0.4831,19.2561,7.6588,1.0705,0.3977,0.6786,0.2336,-0.0444,0.3443,0.705,0.1663,-0.4646,0.2359,0.8171,0.1219,-0.8015,0.1491,6.4919,1.9155,0.8435,0.2951,4.1584,1.2384,-0.2302,0.2978,1.6937,0.8047,3.1746,0.4751,5.7924,1.355,7.2381,1.1553,61.9132,0.1911,0.0375,3.0518,144.3576,37.9348,0.14039763808250427
REACTIVE_examples (132),reactive_tissue,0.0,0,134,12.621,0.2823,47.716,6.744,22.3712,11.4718,1.1839,0.5128,19.7841,8.2932,1.52,0.4192,0.7588,0.2016,-0.4827,0.2657,0.7036,0.186,-0.9413,0.2644,0.873,0.0736,-0.8202,0.0843,6.8887,2.2408,0.4316,0.3253,4.3449,1.3049,1.1687,0.3003,1.6376,0.5256,1.5898,0.321,6.2893,1.6213,7.7817,1.6909,52.5291,0.2422,0.0415,2.9903,159.0143,38.6209,0.002231402788311243
REACTIVE_examples (132),reactive_tissue,0.1,0,135,12.715,0.2798,46.899,6.597,22.0064,11.1924,1.1483,0.5086,19.581,8.0809,1.3735,0.4127,0.7606,0.201,-0.4787,0.2643,0.7084,0.1804,-0.9974,0.2547,0.871,0.0725,-0.7635,0.0832,6.8449,2.2331,0.4791,0.3262,4.2996,1.243,0.816,0.2891,1.6395,0.5204,1.6652,0.3174,6.2529,1.6169,7.7383,1.6874,50.6596,0.244,0.0421,2.9901,159.0713,38.1398,0.0052350484766066074
REACTIVE_examples (132),reactive_tissue,0.2,0,134,12.621,0.2825,47.459,6.675,22.3807,11.4248,1.0763,0.5105,19.8172,8.4392,1.3705,0.4259,0.7617,0.2054,-0.558,0.2696,0.704,0.1805,-0.9267,0.2563,0.8748,0.0736,-0.8666,0.0841,6.8842,2.3195,0.6172,0.3369,4.3411,1.2561,0.7348,0.2894,1.6332,0.534,1.7592,0.327,6.2805,1.6127,7.7863,1.6589,51.4886,0.2425,0.0418,2.9914,158.3478,38.333,0.004662776365876198
REACTIVE_examples (132),reactive_tissue,0.3,0,133,12.527,0.2729,45.554,6.401,21.7852,10.8997,1.0778,0.5003,19.6207,8.1683,1.4066,0.4163,0.7563,0.2053,-0.4841,0.2714,0.7001,0.1772,-0.7306,0.2531,0.8709,0.0745,-0.6095,0.0856,6.7998,2.2725,0.6952,0.3342,4.3113,1.1969,0.8104,0.2776,1.6177,0.5158,1.5417,0.3188,6.2814,1.688,7.7486,1.7266,55.4405,0.235,0.0406,3.0059,156.1031,39.0641,0.0005498734535649419
REACTIVE_examples (213),reactive_tissue,0.0,0,185,17.424,0.4396,48.924,6.855,25.2285,11.1606,1.0324,0.4424,21.804,8.006,1.0476,0.3672,0.7208,0.2232,-0.3219,0.3097,0.6754,0.166,-0.6271,0.2458,0.8643,0.0868,-1.3509,0.1005,7.1466,2.0565,0.6779,0.2878,4.8301,1.1523,0.3122,0.2386,1.5164,0.4427,2.4399,0.292,5.7741,0.8448,6.8239,0.8664,47.4483,0.238,0.0437,3.0667,187.9428,35.6453,0.0006873721140436828
REACTIVE_examples (213),reactive_tissue,0.1,0,184,17.33,0.4411,48.401,6.844,25.4529,11.0319,0.9271,0.4334,21.993,8.3579,1.1816,0.38,0.7208,0.2236,-0.4064,0.3103,0.6732,0.1648,-0.6507,0.2448,0.8663,0.0843,-1.2704,0.0973,7.1701,2.1175,0.8989,0.2953,4.8667,1.1693,0.5128,0.2403,1.5056,0.4328,2.6235,0.2874,5.8128,0.8776,6.8382,0.8886,48.2343,0.2349,0.0434,3.0667,188.5202,35.798,0.000781811133492738
REACTIVE_examples (213),reactive_tissue,0.2,0,185,17.424,0.4416,48.234,6.808,25.3451,10.9386,1.087,0.4316,21.9297,8.0173,1.1193,0.3656,0.7179,0.2212,-0.3556,0.3081,0.6734,0.165,-0.6006,0.245,0.8673,0.0834,-1.3912,0.0962,7.1521,2.0459,0.8087,0.2861,4.8495,1.1326,0.3643,0.2336,1.5104,0.4422,2.5165,0.2927,5.7603,0.9081,6.8204,0.8992,48.1444,0.236,0.0434,3.0648,188.4449,35.8923,0.000691475928761065
REACTIVE_examples (213),reactive_tissue,0.3,0,183,17.236,0.4395,48.88,6.76,25.4972,11.2341,1.0689,0.4406,21.32,7.7648,1.2325,0.3642,0.7544,0.2132,-0.6045,0.2826,0.666,0.1587,-0.5167,0.2383,0.8733,0.0865,-1.7105,0.0991,7.127,2.2727,1.463,0.3189,4.8698,1.1181,0.5486,0.2296,1.4794,0.3963,1.9621,0.2679,5.7652,0.8839,6.8454,0.8903,43.6542,0.2454,0.0445,3.0257,188.4833,35.8281,0.0014689385425299406
REACTIVE_examples (50),reactive_tissue,0.0,0,148,13.94,0.2684,36.043,5.112,19.257,8.5943,0.7768,0.4463,17.9464,6.3681,0.7979,0.3548,0.7789,0.1926,-0.5084,0.2473,0.7238,0.1608,-0.8553,0.2221,0.87,0.0703,-0.6737,0.0808,6.4765,2.0727,0.793,0.32,4.0105,1.0463,-0.1302,0.2609,1.6675,0.5362,1.5075,0.3216,6.0835,1.2862,7.5192,1.4111,48.589,0.2545,0.0425,2.9229,152.4292,38.79,0.3834753632545471
REACTIVE_examples (50),reactive_tissue,0.1,0,149,14.034,0.27,35.845,5.187,19.2428,8.4592,0.8003,0.4396,17.9301,6.2746,0.8151,0.3499,0.7808,0.1943,-0.5506,0.2488,0.7199,0.1562,-0.7436,0.217,0.8708,0.0705,-0.7549,0.0809,6.4355,2.0016,0.7713,0.311,4.0367,1.0401,-0.1207,0.2577,1.6468,0.527,1.6751,0.32,6.084,1.2744,7.4834,1.4277,50.3035,0.2522,0.0416,2.925,152.2384,39.3158,0.08861133456230164
REACTIVE_examples (50),reactive_tissue,0.2,0,148,13.94,0.2716,38.215,5.202,19.4815,9.2685,1.1616,0.4758,18.1899,6.9824,1.284,0.3839,0.7739,0.1995,-0.548,0.2578,0.7231,0.16,-0.8107,0.2213,0.8691,0.0732,-0.7924,0.0842,6.5454,2.3459,1.6802,0.3584,4.0317,1.0688,-0.0721,0.2651,1.6692,0.545,1.4833,0.3265,6.0845,1.2925,7.5435,1.4523,48.132,0.2564,0.0425,2.9178,151.6017,38.9307,0.16096024215221405
REACTIVE_examples (50),reactive_tissue,0.3,0,148,13.94,0.2897,41.276,5.713,20.784,10.0571,1.0453,0.4839,18.7782,7.4163,1.1802,0.3949,0.7751,0.1967,-0.5678,0.2538,0.7146,0.1528,-0.6018,0.2138,0.8724,0.0768,-0.8736,0.088,6.6659,2.4094,1.542,0.3615,4.2014,1.1524,0.1545,0.2743,1.6189,0.4878,1.4541,0.3013,6.1504,1.2429,7.5472,1.3895,49.236,0.2595,0.0422,2.8959,162.3023,39.6675,0.8383277058601379
REACTIVE_examples (283),reactive_tissue,0.0,0,169,15.918,0.4148,51.817,6.896,26.0569,12.195,1.1217,0.468,21.7494,8.211,0.999,0.3775,0.74,0.2122,-0.4236,0.2868,0.7061,0.1534,-0.7713,0.2172,0.8675,0.0813,-1.1944,0.0937,7.4148,2.4097,0.9608,0.325,4.7949,1.2435,0.6178,0.2593,1.5671,0.4029,1.2542,0.2571,6.1264,1.0863,7.2992,1.0785,39.3259,0.2691,0.0464,2.9646,185.7514,35.8451,0.007224048022180796
REACTIVE_examples (283),reactive_tissue,0.1,0,168,15.823,0.417,52.838,6.859,26.3542,12.5983,1.1085,0.478,21.8872,8.7449,1.0181,0.3995,0.7465,0.2159,-0.5202,0.2892,0.7081,0.1529,-0.7469,0.216,0.8714,0.0801,-1.2878,0.092,7.4525,2.5023,0.9605,0.3358,4.7995,1.2906,0.5418,0.2689,1.5736,0.4039,1.1095,0.2567,6.1275,1.1243,7.3332,1.0951,39.762,0.2675,0.0463,2.956,186.178,35.9877,0.005334456916898489
REACTIVE_examples (283),reactive_tissue,0.2,0,167,15.729,0.4095,51.207,6.69,26.0319,11.937,1.1521,0.4586,21.6652,8.3379,1.043,0.3849,0.7525,0.2154,-0.5689,0.2863,0.6963,0.1595,-0.8189,0.2291,0.8755,0.0826,-1.7714,0.0943,7.373,2.4603,1.0128,0.3337,4.8139,1.2392,0.7324,0.2574,1.5501,0.4083,1.4117,0.2634,6.1399,1.0985,7.3669,1.0449,38.1461,0.2748,0.0472,2.9483,186.5152,35.8356,0.007800030987709761
REACTIVE_examples (283),reactive_tissue,0.3,0,166,15.635,0.4122,50.124,7.117,26.3671,11.8166,0.9764,0.4482,21.8549,8.1923,0.9824,0.3748,0.7439,0.2112,-0.46,0.2839,0.7033,0.1576,-0.7959,0.2241,0.8724,0.0795,-1.4966,0.0912,7.453,2.4077,0.9348,0.323,4.828,1.2702,0.6761,0.2631,1.5694,0.4221,1.4825,0.269,6.1854,1.0958,7.3486,1.0674,38.448,0.2694,0.047,2.9452,187.6605,35.5181,0.0067792353220283985
REACTIVE_examples (130),reactive_tissue,0.0,0,118,11.114,0.2119,40.098,5.549,19.0619,9.099,1.6797,0.4773,16.213,5.3873,1.8618,0.3323,0.8979,0.1402,-1.6729,0.1562,0.5966,0.1714,0.0953,0.2873,0.9081,0.0627,-2.5605,0.0691,5.807,2.091,2.3101,0.3601,4.2493,0.9043,0.4709,0.2128,1.374,0.4097,2.9705,0.2982,6.4529,1.5729,8.1137,1.7017,50.605,0.2588,0.0443,2.9007,166.7338,39.2654,0.021465739235281944
REACTIVE_examples (130),reactive_tissue,0.1,0,118,11.114,0.2095,39.657,5.484,18.8521,8.9783,1.5453,0.4762,16.0364,5.2961,1.7977,0.3303,0.9049,0.1377,-1.7875,0.1522,0.597,0.1702,0.0355,0.2851,0.911,0.0627,-3.0126,0.0688,5.7591,2.0739,2.359,0.3601,4.2216,0.8846,0.124,0.2096,1.3709,0.4063,3.1274,0.2964,6.4393,1.577,8.1119,1.7053,49.9623,0.2617,0.0444,2.894,166.8119,39.2115,0.05893886834383011
REACTIVE_examples (130),reactive_tissue,0.2,0,119,11.208,0.2025,37.153,5.423,18.0678,8.2379,1.6448,0.4559,15.8201,5.2153,1.8542,0.3297,0.8977,0.1454,-1.6589,0.162,0.588,0.1683,0.1213,0.2862,0.9128,0.0543,-1.9186,0.0595,5.6067,1.9471,2.2743,0.3473,4.1652,0.8335,0.3429,0.2001,1.3458,0.3546,2.9099,0.2635,6.454,1.6064,8.0569,1.7025,53.7935,0.2517,0.0431,2.937,164.4614,39.6034,0.01987338811159134
REACTIVE_examples (130),reactive_tissue,0.3,0,133,12.527,0.2412,39.977,5.601,19.2524,9.5676,1.2899,0.497,16.7233,5.6903,1.183,0.3403,0.8545,0.1625,-0.9649,0.1902,0.6369,0.1878,-0.3407,0.2948,0.8917,0.0705,-1.1217,0.0791,5.997,2.1005,1.9323,0.3503,4.1886,1.0292,-0.0747,0.2457,1.4609,0.4239,1.8984,0.2902,6.357,1.2816,7.8008,1.3816,44.9952,0.2678,0.0446,2.8736,166.6646,39.6002,0.7141962051391602
REACTIVE_examples (83),reactive_tissue,0.0,0,176,16.577,0.2971,36.477,5.623,17.9223,8.4646,1.1216,0.4723,17.8538,7.7337,1.6326,0.4332,0.7727,0.2328,-0.7791,0.3013,0.6926,0.163,-0.5144,0.2354,0.8677,0.0879,-1.2742,0.1013,6.0405,1.8282,1.3387,0.3027,4.0078,1.0868,-0.1937,0.2712,1.5817,0.5542,2.9986,0.3504,5.6094,1.0563,6.8212,1.1925,69.7074,0.1773,0.036,3.0975,161.1344,38.5245,0.0017638280987739563
REACTIVE_examples (83),reactive_tissue,0.1,0,175,16.483,0.2982,37.218,5.56,18.09,8.6633,1.1524,0.4789,17.7508,7.6102,1.6762,0.4287,0.7778,0.2251,-0.7703,0.2894,0.6948,0.1619,-0.4729,0.2331,0.8712,0.0849,-1.2661,0.0975,6.058,1.8567,1.3299,0.3065,4.0022,1.0838,-0.2112,0.2708,1.5877,0.562,3.0921,0.3539,5.6745,1.1577,6.8353,1.2388,68.5677,0.1788,0.0362,3.096,162.3422,38.6294,0.001371973310597241
REACTIVE_examples (83),reactive_tissue,0.2,0,173,16.294,0.2978,37.136,5.631,18.2746,8.515,1.1924,0.4659,17.9689,7.5231,1.6365,0.4187,0.7726,0.2284,-0.7749,0.2957,0.6949,0.1617,-0.497,0.2327,0.8671,0.0936,-1.4689,0.108,6.1325,1.8601,1.3119,0.3033,4.0406,1.0599,-0.1747,0.2623,1.5871,0.5542,2.9235,0.3492,5.7142,1.1019,6.8842,1.2062,67.7328,0.1806,0.0364,3.0983,161.7308,38.4595,0.001736967358738184
REACTIVE_examples (83),reactive_tissue,0.3,0,174,16.388,0.2967,36.583,5.638,18.1016,8.3719,1.2079,0.4625,18.0039,7.6304,1.6874,0.4238,0.7672,0.2305,-0.7535,0.3005,0.6891,0.1621,-0.4615,0.2352,0.8682,0.0903,-1.4101,0.104,6.0738,1.8433,1.3889,0.3035,4.0396,1.0421,-0.0786,0.258,1.5625,0.508,2.7108,0.3251,5.648,1.0712,6.8589,1.1899,71.6625,0.1757,0.0359,3.0993,162.2042,38.6209,0.0009936511050909758
REACTIVE_examples (155),reactive_tissue,0.0,0,142,13.374,0.3172,47.158,6.151,23.7186,12.002,1.9715,0.506,19.9204,8.1125,2.0252,0.4072,0.7895,0.1945,-0.7251,0.2464,0.6981,0.1582,-0.5915,0.2267,0.8751,0.0777,-1.1002,0.0888,6.9651,2.402,1.3273,0.3449,4.5117,1.1169,0.1117,0.2476,1.5781,0.5007,2.4935,0.3173,6.1618,1.1271,7.5578,1.3882,48.1706,0.2278,0.0405,3.0846,171.4248,39.3094,0.01999700255692005
REACTIVE_examples (155),reactive_tissue,0.1,0,145,13.657,0.3193,46.439,6.147,23.3811,11.779,1.9741,0.5038,19.8144,7.9659,2.1172,0.402,0.7848,0.195,-0.6513,0.2485,0.6959,0.1592,-0.5896,0.2287,0.8745,0.0804,-1.2578,0.0919,6.9143,2.3819,1.3632,0.3445,4.4934,1.1187,0.1406,0.249,1.5748,0.504,2.4819,0.32,6.1039,1.1439,7.4864,1.409,48.9869,0.2237,0.0401,3.0876,171.6815,39.5489,0.03102770633995533
REACTIVE_examples (155),reactive_tissue,0.2,0,139,13.092,0.3179,50.466,6.073,24.2853,12.6246,1.9325,0.5198,19.9196,7.9006,2.0112,0.3966,0.7981,0.186,-0.6943,0.233,0.6898,0.1715,-0.7362,0.2486,0.8799,0.0728,-1.227,0.0827,7.0373,2.5331,1.2976,0.36,4.5438,1.0833,0.3475,0.2384,1.5662,0.477,2.2564,0.3046,6.1995,1.1775,7.6026,1.4139,45.1311,0.2368,0.0415,3.0681,169.9978,39.3446,0.019105276092886925
REACTIVE_examples (155),reactive_tissue,0.3,0,147,13.845,0.3193,45.804,6.016,23.0601,11.446,1.8982,0.4964,19.4628,7.4504,1.9958,0.3828,0.7937,0.1897,-0.6747,0.239,0.6907,0.1572,-0.4382,0.2276,0.878,0.0763,-1.1985,0.0869,6.818,2.2855,1.2415,0.3352,4.4748,1.1079,0.1455,0.2476,1.561,0.5006,2.5273,0.3207,6.0481,1.1578,7.413,1.4501,47.9897,0.2275,0.0405,3.0826,171.4268,39.2337,0.04168965294957161
REACTIVE_examples (265),reactive_tissue,0.0,0,174,16.388,0.3819,46.834,6.242,23.3027,10.9566,1.3007,0.4702,20.0655,7.6827,1.0255,0.3829,0.7778,0.219,-0.6759,0.2815,0.6857,0.1618,-0.331,0.236,0.8769,0.0812,-1.4621,0.0926,6.9752,2.4366,1.0657,0.3493,4.5304,1.1257,0.4735,0.2485,1.579,0.5695,2.3258,0.3607,5.8262,1.159,6.9587,1.2593,40.056,0.2729,0.0466,2.9548,185.9354,36.4291,0.0014194402610883117
REACTIVE_examples (265),reactive_tissue,0.1,0,173,16.294,0.3811,46.434,6.29,23.3898,10.7338,1.3212,0.4589,20.1449,7.6463,1.0544,0.3796,0.7761,0.2178,-0.6621,0.2806,0.6819,0.1594,-0.3331,0.2337,0.8778,0.0795,-1.3833,0.0905,6.9558,2.3581,1.05,0.339,4.569,1.1171,0.3891,0.2445,1.5613,0.5618,2.6131,0.3598,5.8756,1.1525,6.979,1.2783,39.2497,0.2758,0.0468,2.9472,185.5665,36.2906,0.0034660871606320143
REACTIVE_examples (265),reactive_tissue,0.2,0,174,16.388,0.3822,46.364,6.383,23.3222,10.7548,1.3094,0.4611,19.9708,7.4097,1.0632,0.371,0.7796,0.2117,-0.636,0.2716,0.6864,0.1554,-0.3536,0.2264,0.8801,0.0793,-1.4366,0.0901,6.9197,2.2793,1.1303,0.3294,4.5587,1.1261,0.3343,0.247,1.5574,0.5199,2.2481,0.3338,5.8611,1.1251,6.9657,1.2578,39.6554,0.2756,0.0466,2.95,184.8532,36.7333,0.0034613553434610367
REACTIVE_examples (265),reactive_tissue,0.3,0,175,16.483,0.3755,46.105,6.186,22.7839,10.9913,1.5474,0.4824,20.1986,8.3993,1.723,0.4158,0.7605,0.2271,-0.5997,0.2986,0.6924,0.1648,-0.5311,0.238,0.8663,0.0899,-1.0234,0.1038,6.9511,2.4685,1.5064,0.3551,4.4903,1.1412,0.2833,0.2541,1.5917,0.5538,2.2209,0.348,5.794,1.1384,6.9267,1.237,47.915,0.2527,0.0428,2.9889,179.2941,38.605,0.05999581515789032
REACTIVE_examples (119),reactive_tissue,0.0,0,178,16.765,0.3215,37.183,5.815,19.1772,8.3306,1.8518,0.4344,18.3456,7.9291,2.098,0.4322,0.7976,0.2356,-0.9529,0.2954,0.649,0.1616,-0.1612,0.249,0.8791,0.085,-1.5535,0.0967,6.1447,2.0611,1.4989,0.3354,4.2537,0.9301,0.8498,0.2187,1.4553,0.4019,1.7621,0.2762,5.6866,1.0742,6.8262,1.0862,59.9649,0.1993,0.0377,3.0619,164.4733,38.8799,0.0017917098011821508
REACTIVE_examples (119),reactive_tissue,0.1,0,180,16.954,0.3205,35.831,5.664,18.9041,7.8044,1.4609,0.4128,18.1532,7.4236,1.7831,0.4089,0.7973,0.2353,-0.9175,0.2951,0.6465,0.1624,-0.1944,0.2512,0.8783,0.0859,-1.5187,0.0978,6.1038,2.0299,1.532,0.3326,4.2375,0.8676,0.0941,0.2047,1.4496,0.3991,1.8491,0.2753,5.6529,1.0631,6.7858,1.0437,59.3171,0.2007,0.0378,3.0593,164.1813,38.7289,0.0023122699931263924
REACTIVE_examples (119),reactive_tissue,0.2,0,181,17.048,0.3226,36.284,5.651,18.9224,8.1646,1.9396,0.4315,18.1605,7.8554,2.2498,0.4326,0.8019,0.2351,-0.9855,0.2932,0.6472,0.164,-0.2369,0.2535,0.8795,0.0866,-1.604,0.0985,6.1005,2.062,1.7497,0.338,4.2303,0.9193,0.7957,0.2173,1.4545,0.4081,1.8829,0.2806,5.6309,1.0721,6.7857,1.0706,58.1944,0.2012,0.038,3.0581,165.0523,38.7805,0.003296269103884697
REACTIVE_examples (119),reactive_tissue,0.3,0,178,16.765,0.306,34.268,5.425,18.2499,7.6694,1.4804,0.4202,18.0004,7.6073,1.8249,0.4226,0.7889,0.2407,-0.8879,0.3051,0.6531,0.1638,-0.3006,0.2508,0.8725,0.0947,-1.6589,0.1086,6.0485,2.0622,1.6912,0.3409,4.1624,0.8703,0.016,0.2091,1.4616,0.3899,1.5121,0.2667,5.6786,1.07,6.7975,1.0862,65.0513,0.1889,0.0367,3.0651,159.7319,38.9982,0.001215816242620349
REACTIVE_examples (33),reactive_tissue,0.0,0,146,13.751,0.2889,43.97,6.634,21.0093,10.3494,1.3261,0.4926,19.3248,8.1864,1.4162,0.4236,0.7662,0.2297,-0.6174,0.2998,0.6776,0.1592,-0.475,0.2349,0.8693,0.0876,-1.1852,0.1008,6.5191,2.1719,0.8468,0.3332,4.3634,1.1213,0.8736,0.257,1.5139,0.4206,1.6244,0.2778,6.0232,1.2684,7.5244,1.423,61.1135,0.2001,0.0375,3.0905,153.0934,39.3829,0.0003603877848945558
REACTIVE_examples (33),reactive_tissue,0.1,0,148,13.94,0.2879,42.842,6.526,20.6525,10.1556,1.2824,0.4917,18.9904,7.9562,1.4264,0.419,0.774,0.2262,-0.6337,0.2923,0.68,0.1627,-0.4791,0.2392,0.8673,0.0928,-1.2161,0.107,6.496,2.1593,0.8595,0.3324,4.3159,1.1085,0.7632,0.2568,1.5321,0.4522,1.7348,0.2951,5.9419,1.31,7.4431,1.4671,60.3734,0.2011,0.0376,3.0923,153.6285,39.1416,0.0002934357908088714
REACTIVE_examples (33),reactive_tissue,0.2,0,148,13.94,0.288,42.955,6.537,20.6582,10.2007,1.2611,0.4938,19.064,8.0751,1.3538,0.4236,0.7723,0.23,-0.6238,0.2978,0.6774,0.163,-0.5184,0.2406,0.8686,0.0888,-1.055,0.1022,6.4718,2.1861,0.8244,0.3378,4.3196,1.1158,0.7316,0.2583,1.5187,0.4277,1.6363,0.2816,5.9547,1.2883,7.4693,1.4402,61.371,0.1995,0.0374,3.0928,153.9884,39.3459,0.00018373025523032993
REACTIVE_examples (33),reactive_tissue,0.3,0,147,13.845,0.2731,40.486,6.335,19.7278,9.4922,1.2354,0.4812,18.6526,7.6641,1.3192,0.4109,0.7692,0.228,-0.6066,0.2964,0.671,0.1676,-0.5706,0.2498,0.8674,0.0884,-1.0035,0.102,6.3228,2.1029,0.9122,0.3326,4.2548,1.088,0.7966,0.2557,1.5102,0.4407,1.9905,0.2918,5.9934,1.2989,7.4825,1.4385,66.3863,0.1881,0.0363,3.1028,149.3719,39.7325,0.0006813662475906312
REACTIVE_examples (208),reactive_tissue,0.0,0,185,17.424,0.4461,49.08,6.597,25.6048,11.4998,0.767,0.4491,21.9086,8.9847,1.1445,0.4101,0.742,0.2293,-0.5507,0.3091,0.6819,0.1546,-0.4862,0.2268,0.8676,0.0829,-1.3308,0.0955,7.2325,2.406,0.8593,0.3327,4.8176,1.1454,0.4115,0.2378,1.5094,0.3944,1.6355,0.2613,5.8144,1.0023,6.8639,1.0226,42.4759,0.2557,0.0454,3.0536,187.7884,35.4956,0.0003340479452162981
REACTIVE_examples (208),reactive_tissue,0.1,0,182,17.142,0.4465,49.147,6.69,26.0466,11.4112,0.7684,0.4381,22.1943,9.0869,1.0843,0.4094,0.7409,0.2318,-0.5846,0.3129,0.6865,0.1486,-0.4889,0.2164,0.8697,0.0816,-1.324,0.0939,7.2766,2.2908,0.6047,0.3148,4.862,1.1635,0.3674,0.2393,1.5064,0.3679,1.4879,0.2443,5.8644,0.9999,6.9436,0.9988,42.6025,0.2552,0.0452,3.0545,187.1284,35.7141,0.0009874837705865502
REACTIVE_examples (208),reactive_tissue,0.2,0,183,17.236,0.447,50.093,6.709,25.9366,11.752,0.8642,0.4531,22.1,8.9153,1.1431,0.4034,0.7339,0.2272,-0.4395,0.3095,0.6884,0.1514,-0.4288,0.22,0.866,0.0828,-1.1952,0.0957,7.2998,2.3629,0.7885,0.3237,4.8388,1.1925,0.5931,0.2464,1.5212,0.391,1.5065,0.2571,5.8515,1.0449,6.9314,1.0014,41.6371,0.2556,0.0456,3.0317,188.5411,35.577,0.0012113520642742515
REACTIVE_examples (208),reactive_tissue,0.3,0,184,17.33,0.4487,50.216,6.634,25.8934,11.6953,0.9037,0.4517,22.0023,8.8033,1.1864,0.4001,0.7379,0.2245,-0.4939,0.3042,0.6893,0.1498,-0.424,0.2174,0.8687,0.0796,-1.2139,0.0917,7.2843,2.3344,0.78,0.3205,4.8278,1.166,0.5606,0.2415,1.5213,0.3903,1.5108,0.2566,5.8273,1.032,6.915,0.961,41.0369,0.2573,0.0457,3.0356,187.6652,35.5124,0.0006730131572112441
REACTIVE_examples (22),reactive_tissue,0.0,0,183,17.236,0.4747,54.259,7.31,27.5392,12.7287,1.6494,0.4622,23.6421,10.0346,2.1476,0.4244,0.6911,0.2196,-0.3867,0.3178,0.7006,0.15,-0.5118,0.2141,0.8529,0.0854,-1.0107,0.1001,7.6615,2.3865,1.151,0.3115,5.0032,1.2471,1.1739,0.2493,1.5566,0.4345,2.4036,0.2791,5.8937,1.1081,6.9828,1.2347,40.8156,0.2443,0.0445,3.0593,186.3812,35.7539,0.0019408679800108075
REACTIVE_examples (22),reactive_tissue,0.1,0,185,17.424,0.473,53.746,7.261,27.1477,12.4649,1.462,0.4592,23.1469,9.5708,2.0601,0.4135,0.7036,0.215,-0.4226,0.3056,0.6929,0.1563,-0.5305,0.2255,0.8544,0.0838,-1.0551,0.0981,7.582,2.4256,1.1177,0.3199,4.9675,1.1978,1.0709,0.2411,1.5455,0.4336,2.2113,0.2805,5.9144,1.0628,6.9679,1.1731,39.3527,0.2502,0.0452,3.0587,187.2892,35.7523,0.0018847612664103508
REACTIVE_examples (22),reactive_tissue,0.2,0,182,17.142,0.4671,53.813,7.156,27.2499,12.4964,1.5641,0.4586,24.0708,10.0776,1.8016,0.4187,0.6648,0.2254,-0.1498,0.3391,0.7109,0.1537,-0.5888,0.2162,0.8455,0.0861,-0.8152,0.1018,7.7506,2.5053,1.3024,0.3232,4.929,1.2003,0.8526,0.2435,1.6018,0.476,2.0352,0.2972,5.933,1.215,6.9815,1.2927,43.9485,0.2378,0.0438,3.0741,187.4199,36.0664,0.0029434505850076675
REACTIVE_examples (22),reactive_tissue,0.3,0,186,17.519,0.4727,52.532,7.25,26.9824,12.2009,1.4987,0.4522,22.938,9.209,2.1255,0.4015,0.7057,0.2106,-0.4185,0.2984,0.6961,0.1513,-0.5674,0.2174,0.8577,0.0826,-1.0509,0.0963,7.531,2.288,1.1153,0.3038,4.96,1.2184,1.0235,0.2456,1.5438,0.4271,2.4852,0.2766,5.8755,1.0377,6.9544,1.1477,40.0885,0.2484,0.0451,3.0487,187.7614,35.8224,0.002935882657766342
REACTIVE_examples (41),reactive_tissue,0.0,0,170,16.012,0.3541,40.167,5.734,22.1159,8.5287,0.9594,0.3856,19.3207,6.2701,1.1361,0.3245,0.7828,0.1873,-0.633,0.2392,0.7122,0.1486,-0.7187,0.2086,0.8758,0.0712,-1.1396,0.0813,6.8684,2.0514,0.852,0.2987,4.3746,0.8577,0.5812,0.1961,1.5833,0.4158,1.1891,0.2626,5.6683,1.0144,6.8707,1.2217,53.8489,0.2514,0.0416,3.0045,175.8878,40.9124,0.006132178474217653
REACTIVE_examples (41),reactive_tissue,0.1,0,169,15.918,0.3532,40.192,5.719,22.1917,8.4134,1.0542,0.3791,19.3919,6.2199,1.2708,0.3207,0.7817,0.1887,-0.6488,0.2414,0.7119,0.1534,-0.7885,0.2154,0.8727,0.0757,-1.367,0.0867,6.9011,2.0239,0.9531,0.2933,4.3873,0.8337,0.7661,0.19,1.5881,0.4177,1.1272,0.263,5.6694,1.0167,6.8918,1.2387,54.1263,0.2478,0.0411,3.0031,174.8157,40.9827,0.0038403961807489395
REACTIVE_examples (41),reactive_tissue,0.2,0,172,16.2,0.3394,36.325,5.571,20.9484,7.7084,0.6189,0.368,18.8508,6.2674,1.2522,0.3325,0.7843,0.1959,-0.6916,0.2497,0.708,0.1575,-0.8157,0.2225,0.8769,0.0712,-0.8844,0.0812,6.669,1.9505,0.8532,0.2925,4.2629,0.8523,0.0131,0.1999,1.5884,0.4451,1.5517,0.2802,5.6202,0.9866,6.8158,1.1469,58.4901,0.2353,0.0393,3.0218,167.7415,41.8603,0.005903387907892466
REACTIVE_examples (41),reactive_tissue,0.3,0,172,16.2,0.3458,37.512,5.589,21.3483,7.9778,0.7165,0.3737,18.9745,6.1452,1.1304,0.3239,0.7837,0.1913,-0.6273,0.2441,0.7034,0.1576,-0.6728,0.2241,0.8768,0.0709,-0.8835,0.0809,6.7212,2.0143,0.8942,0.2997,4.3107,0.8419,0.0203,0.1953,1.5799,0.4511,1.6193,0.2855,5.5986,1.0262,6.7932,1.1502,55.1018,0.2444,0.0408,3.0093,173.182,41.057,0.006603292189538479
REACTIVE_examples (106),reactive_tissue,0.0,0,166,15.635,0.3087,38.934,6.108,19.7464,8.9524,1.0347,0.4534,18.8027,8.1709,1.6182,0.4346,0.7769,0.2412,-0.8146,0.3105,0.6727,0.1592,-0.5173,0.2366,0.8628,0.1046,-1.163,0.1213,6.3193,2.052,1.3113,0.3247,4.312,1.1133,0.1032,0.2582,1.4934,0.3819,1.2491,0.2557,5.7004,1.2621,7.0842,1.3074,57.6585,0.2053,0.0384,3.0574,157.1154,38.807,0.003944524563848972
REACTIVE_examples (106),reactive_tissue,0.1,0,166,15.635,0.3003,36.781,5.956,19.2097,8.3813,1.1081,0.4363,18.3147,7.3589,1.7796,0.4018,0.7797,0.2283,-0.8145,0.2928,0.669,0.1557,-0.4996,0.2327,0.8639,0.1035,-1.3401,0.1198,6.1853,1.8523,1.4145,0.2995,4.2813,1.083,0.0795,0.253,1.4784,0.3723,1.4268,0.2519,5.65,1.2457,6.989,1.2587,59.8409,0.2017,0.0381,3.0603,156.6433,38.7883,0.0023327143862843513
REACTIVE_examples (106),reactive_tissue,0.2,0,164,15.447,0.3008,37.852,6.067,19.4762,8.7966,0.9499,0.4517,18.4431,7.778,1.5765,0.4217,0.7844,0.2317,-0.8674,0.2954,0.6709,0.157,-0.5051,0.234,0.8646,0.1034,-1.314,0.1196,6.2254,1.9538,1.3087,0.3138,4.2898,1.1189,0.0457,0.2608,1.4821,0.3657,1.2469,0.2467,5.706,1.2396,7.0822,1.2801,56.4049,0.2072,0.0389,3.0574,155.9344,38.4227,0.0027411803603172302
REACTIVE_examples (106),reactive_tissue,0.3,0,163,15.352,0.2986,37.366,5.881,19.4529,8.5706,1.0351,0.4406,18.4295,7.4746,1.5809,0.4056,0.7822,0.2314,-0.8298,0.2958,0.6679,0.1542,-0.4591,0.2309,0.8642,0.1038,-1.2792,0.1201,6.2124,1.8757,1.2794,0.3019,4.3031,1.0818,-0.038,0.2514,1.4768,0.3802,1.5667,0.2575,5.7402,1.228,7.0901,1.2953,57.3777,0.2054,0.0387,3.0574,156.2382,38.4884,0.006651495583355427
REACTIVE_examples (242),reactive_tissue,0.0,0,162,15.258,0.3726,48.12,6.693,24.4202,11.4588,1.4556,0.4692,21.7051,9.2743,1.6889,0.4273,0.7215,0.2285,-0.5917,0.3166,0.6875,0.1659,-0.7425,0.2413,0.8563,0.0951,-1.5094,0.1111,7.1435,2.4716,2.4491,0.346,4.7235,1.2374,0.2117,0.262,1.5525,0.4741,2.088,0.3054,5.7789,1.2676,7.1051,1.3897,51.1501,0.2312,0.0412,3.0941,180.7165,37.8344,0.0022585424594581127
REACTIVE_examples (242),reactive_tissue,0.1,0,166,15.635,0.3659,46.801,6.654,23.4034,11.1492,1.5302,0.4764,21.1973,8.9631,1.8581,0.4228,0.7214,0.2266,-0.5746,0.3142,0.6896,0.1705,-0.6986,0.2473,0.8544,0.0972,-1.4602,0.1138,7.0482,2.4585,2.5686,0.3488,4.6205,1.2348,0.3214,0.2672,1.5716,0.4971,1.9852,0.3163,5.6512,1.1883,6.9899,1.2926,54.0963,0.2227,0.04,3.0967,176.2387,38.4845,0.002820183290168643
REACTIVE_examples (242),reactive_tissue,0.2,0,166,15.635,0.3876,47.038,6.539,24.7916,10.8593,0.583,0.438,21.1927,8.236,1.1086,0.3886,0.7486,0.2129,-0.7113,0.2845,0.6829,0.1665,-0.7184,0.2439,0.8675,0.0832,-1.4763,0.0959,7.0753,2.199,1.0167,0.3108,4.7433,1.1901,-0.0361,0.2509,1.5203,0.387,1.3828,0.2545,5.7414,1.1567,7.0475,1.2962,42.354,0.2521,0.0454,3.0671,188.2749,35.8525,0.0011737674940377474
REACTIVE_examples (242),reactive_tissue,0.3,0,162,15.258,0.3758,46.552,6.581,24.6279,10.7967,0.86,0.4384,21.6993,8.9065,1.5894,0.4104,0.7262,0.2254,-0.6305,0.3105,0.6882,0.1672,-0.6104,0.2429,0.8588,0.092,-1.3306,0.1072,7.2015,2.4676,2.3734,0.3427,4.7349,1.2127,0.0552,0.2561,1.5639,0.4936,2.0755,0.3156,5.7401,1.2627,7.0918,1.3599,49.0438,0.2356,0.042,3.0898,180.7905,37.3242,0.0060025970451533794
REACTIVE_examples (127),reactive_tissue,0.0,0,127,11.962,0.2314,39.83,5.844,19.3456,9.748,0.9993,0.5039,16.4932,5.5039,0.7694,0.3337,0.8678,0.1409,-0.7509,0.1624,0.6555,0.1737,-0.4893,0.2649,0.8906,0.0654,-0.9833,0.0735,5.9627,1.8816,0.9256,0.3156,4.1489,1.0955,-0.0154,0.264,1.4724,0.3829,1.311,0.2601,6.3045,1.5501,8.0293,1.5158,48.7613,0.2462,0.0424,2.9813,172.8659,39.585,0.0946195125579834
REACTIVE_examples (127),reactive_tissue,0.1,0,127,11.962,0.2325,39.992,5.877,19.4339,9.7984,0.9638,0.5042,16.5787,5.5425,0.72,0.3343,0.8641,0.1433,-0.7553,0.1659,0.6606,0.1696,-0.5224,0.2567,0.8908,0.0637,-1.0208,0.0716,5.9806,1.8852,0.8964,0.3152,4.1497,1.1034,-0.0065,0.2659,1.4749,0.3677,1.0503,0.2493,6.2944,1.5471,8.0255,1.519,48.2598,0.2469,0.0424,2.9724,172.8451,39.7169,0.1683025062084198
REACTIVE_examples (127),reactive_tissue,0.2,0,130,12.244,0.2364,40.302,5.906,19.3044,9.7951,1.0531,0.5074,16.6261,5.5612,0.8171,0.3345,0.8568,0.1472,-0.6847,0.1718,0.664,0.1671,-0.4958,0.2516,0.8898,0.062,-0.6997,0.0696,5.9754,1.8554,0.9306,0.3105,4.1367,1.1176,0.0108,0.2702,1.4884,0.4052,1.5865,0.2723,6.2565,1.509,7.9519,1.4772,49.4645,0.2435,0.042,2.9895,171.0717,40.0195,0.14582812786102295
REACTIVE_examples (127),reactive_tissue,0.3,0,125,11.773,0.2242,39.276,5.79,19.0457,9.71,0.9409,0.5098,16.2691,5.5552,0.6903,0.3415,0.8742,0.1373,-0.8274,0.157,0.6535,0.173,-0.4089,0.2647,0.8954,0.056,-0.913,0.0626,5.8865,1.9053,0.903,0.3237,4.1093,1.1051,-0.1154,0.2689,1.4662,0.3706,1.0717,0.2527,6.2153,1.5865,7.9866,1.767,50.7164,0.2389,0.0418,2.9939,171.3169,39.7399,0.023861853405833244
REACTIVE_examples (260),reactive_tissue,0.0,0,189,17.801,0.4164,46.062,6.098,23.3891,10.2496,1.1799,0.4382,19.4125,7.1269,1.3087,0.3671,0.8187,0.1939,-0.9788,0.2368,0.6511,0.1699,-0.3275,0.261,0.891,0.0704,-1.3569,0.079,6.7309,2.2595,1.1205,0.3357,4.6178,0.952,-0.0785,0.2062,1.462,0.384,1.3403,0.2626,5.6998,0.9979,6.7674,0.9941,40.5106,0.2853,0.0481,2.933,189.1987,36.4448,0.0036197914741933346
REACTIVE_examples (260),reactive_tissue,0.1,0,192,18.084,0.4169,44.87,6.044,23.0556,10.2211,1.5045,0.4433,19.0952,6.8806,1.4049,0.3603,0.8268,0.188,-1.0132,0.2274,0.6487,0.1678,-0.297,0.2586,0.8914,0.0682,-1.389,0.0766,6.6437,2.1497,1.0536,0.3236,4.6003,0.9793,0.1199,0.2129,1.4531,0.3753,1.3652,0.2583,5.6466,1.0205,6.7124,1.0227,39.9434,0.2895,0.0485,2.9215,189.4027,36.4965,0.001650488469749689
REACTIVE_examples (260),reactive_tissue,0.2,0,194,18.272,0.4185,45.78,6.049,22.9063,10.3323,1.5598,0.4511,18.8651,6.8306,1.4897,0.3621,0.8369,0.1816,-1.151,0.217,0.6533,0.1632,-0.351,0.2499,0.8968,0.0655,-1.5431,0.0731,6.6092,2.1484,1.1198,0.3251,4.5662,0.9668,0.153,0.2117,1.453,0.3635,1.3703,0.2501,5.6327,0.9938,6.6812,0.9543,39.09,0.2903,0.0487,2.8979,189.0425,36.5531,0.0013228101888671517
REACTIVE_examples (260),reactive_tissue,0.3,0,190,17.895,0.4224,45.639,6.117,23.6034,9.9848,1.2138,0.423,19.6232,7.0792,1.3094,0.3608,0.8145,0.2002,-0.9861,0.2458,0.659,0.1662,-0.3548,0.2522,0.8898,0.0766,-1.6714,0.0861,6.8203,2.2386,1.0404,0.3282,4.6398,0.9287,0.1693,0.2001,1.4718,0.3794,1.3464,0.2578,5.7022,1.0245,6.7693,0.9624,42.0364,0.282,0.0476,2.9413,189.1972,36.7981,0.0008191179949790239
REACTIVE_examples (282),reactive_tissue,0.0,0,186,17.519,0.4251,45.26,6.19,24.268,9.511,1.5491,0.3919,20.1741,7.2169,2.0071,0.3577,0.8006,0.1948,-0.9832,0.2433,0.6674,0.1671,-0.6163,0.2504,0.8878,0.0686,-1.3561,0.0772,6.979,2.2939,2.3426,0.3287,4.7179,0.9299,1.456,0.1971,1.4848,0.384,1.8474,0.2586,5.8375,1.0688,6.9055,1.0156,41.8812,0.2691,0.0464,2.9546,188.5445,36.3067,0.005125831812620163
REACTIVE_examples (282),reactive_tissue,0.1,0,186,17.519,0.4216,45.082,6.158,24.0655,9.5333,1.7326,0.3961,19.9918,7.1512,2.0643,0.3577,0.8067,0.1931,-1.0021,0.2394,0.667,0.1644,-0.5485,0.2464,0.8906,0.0665,-1.439,0.0747,6.9424,2.3117,2.4064,0.333,4.6962,0.912,1.6996,0.1942,1.4807,0.3798,1.9147,0.2565,5.8195,1.0983,6.9136,1.036,40.4357,0.2729,0.0469,2.9414,188.2813,36.2176,0.002572668483480811
REACTIVE_examples (282),reactive_tissue,0.2,0,191,17.99,0.424,44.182,6.17,23.5707,9.4644,1.4865,0.4015,19.6818,7.1338,1.9792,0.3625,0.8117,0.1923,-1.036,0.2369,0.6643,0.1636,-0.5763,0.2463,0.8922,0.0666,-1.2927,0.0746,6.8154,2.2064,2.2127,0.3237,4.6543,0.9647,1.2777,0.2073,1.4701,0.3731,2.4475,0.2538,5.7354,1.0967,6.8198,0.99,41.5374,0.2698,0.0465,2.9524,188.167,36.2292,0.002283846028149128
REACTIVE_examples (282),reactive_tissue,0.3,0,185,17.424,0.4211,45.962,6.12,24.167,9.8264,1.6421,0.4066,19.7453,6.9306,1.9113,0.351,0.8215,0.1882,-1.0733,0.2291,0.6586,0.1682,-0.571,0.2553,0.897,0.0655,-1.4884,0.0731,6.8895,2.2638,2.1907,0.3286,4.713,0.9291,1.3183,0.1971,1.465,0.3812,2.5295,0.2602,5.8684,1.113,6.9308,1.0679,39.297,0.2747,0.0468,2.9122,187.0872,36.2857,0.004745193291455507
REACTIVE_examples (243),reactive_tissue,0.0,0,173,16.294,0.3886,44.307,6.247,23.8459,9.723,1.1322,0.4077,21.5354,8.2678,1.5752,0.3839,0.7195,0.2347,-0.4693,0.3262,0.6791,0.1614,-0.3067,0.2376,0.8512,0.0972,-1.3331,0.1142,7.1243,2.2581,1.1012,0.317,4.717,1.0343,0.7483,0.2193,1.5335,0.4677,2.1105,0.305,5.6172,0.9797,6.8164,1.1062,46.1875,0.2398,0.0431,3.0859,180.2475,36.4757,0.0028027629014104605
REACTIVE_examples (243),reactive_tissue,0.1,0,170,16.012,0.3875,47.573,6.486,24.1995,10.3666,1.2888,0.4284,21.7096,8.6918,1.6618,0.4004,0.7212,0.2358,-0.5156,0.3269,0.6807,0.157,-0.2902,0.2306,0.85,0.1013,-1.3378,0.1191,7.2036,2.4314,1.2646,0.3375,4.7498,1.0646,0.8033,0.2241,1.5359,0.5034,3.1832,0.3277,5.6788,1.03,6.9019,1.1317,44.1718,0.2454,0.0438,3.0804,182.3452,36.0201,0.009031377732753754
REACTIVE_examples (243),reactive_tissue,0.2,0,171,16.106,0.3871,44.836,6.172,24.0345,9.8632,0.8577,0.4104,21.6636,8.0843,1.0735,0.3732,0.7124,0.2342,-0.4148,0.3287,0.6858,0.1557,-0.2805,0.227,0.8472,0.0983,-1.2176,0.116,7.1763,2.2937,1.062,0.3196,4.7203,1.0128,0.117,0.2146,1.543,0.48,2.6013,0.3111,5.6335,0.97,6.8676,1.086,45.4672,0.242,0.0433,3.0879,182.1571,36.3493,0.003027545753866434
REACTIVE_examples (243),reactive_tissue,0.3,0,165,15.541,0.3788,49.303,6.759,24.3725,11.2751,1.2997,0.4626,21.0624,8.9067,1.802,0.4229,0.7544,0.2171,-0.7289,0.2878,0.6698,0.1594,-0.4124,0.238,0.8617,0.0893,-1.1869,0.1036,7.0357,2.425,1.4404,0.3447,4.7671,1.203,0.8417,0.2524,1.4875,0.3815,1.3392,0.2565,5.8026,1.0951,6.9685,1.2099,39.4616,0.258,0.0458,3.0522,182.4561,35.5054,0.03632933273911476
REACTIVE_examples (159),reactive_tissue,0.0,0,153,14.411,0.3488,50.877,6.627,24.2067,12.1193,1.5293,0.5007,20.2593,7.7954,1.7806,0.3848,0.7683,0.1857,-0.5133,0.2417,0.6926,0.1652,-0.6827,0.2385,0.8681,0.0734,-0.8159,0.0846,7.0234,2.3174,1.3684,0.3299,4.6015,1.2066,0.5756,0.2622,1.5631,0.4599,1.839,0.2942,5.9801,1.3176,7.4109,1.5523,53.9914,0.2146,0.0389,3.0986,169.2884,38.6363,0.0011713269632309675
REACTIVE_examples (159),reactive_tissue,0.1,0,157,14.787,0.3483,48.985,6.475,23.5563,11.6544,1.3628,0.4947,19.8676,7.3919,1.3546,0.3721,0.772,0.1836,-0.5064,0.2378,0.6902,0.1661,-0.7443,0.2407,0.8714,0.0697,-0.6866,0.08,6.8823,2.1911,1.1778,0.3184,4.546,1.2058,0.4129,0.2652,1.5534,0.4483,1.8933,0.2886,5.9113,1.2842,7.2821,1.4339,52.3813,0.2155,0.0392,3.1008,168.2599,38.3279,0.0018200261984020472
REACTIVE_examples (159),reactive_tissue,0.2,0,154,14.505,0.3462,50.176,6.551,23.8655,11.7813,1.4453,0.4937,20.0144,7.2961,1.4107,0.3645,0.7707,0.1833,-0.4977,0.2379,0.6904,0.1654,-0.5794,0.2396,0.8703,0.0725,-0.7666,0.0833,6.9611,2.2395,1.3357,0.3217,4.5736,1.1779,0.525,0.2575,1.5629,0.4655,1.6791,0.2978,5.9195,1.2734,7.3465,1.4388,53.0717,0.2156,0.0392,3.1003,168.6139,38.2831,0.0012251660227775574
REACTIVE_examples (159),reactive_tissue,0.3,0,154,14.505,0.3465,49.805,6.452,23.8861,11.6242,1.4788,0.4867,20.0389,7.2121,1.4631,0.3599,0.7696,0.1815,-0.4924,0.2359,0.6906,0.1634,-0.6112,0.2366,0.8716,0.0696,-0.6872,0.0799,6.9649,2.2276,1.3291,0.3198,4.5753,1.1382,0.618,0.2488,1.5557,0.4556,1.8822,0.2928,5.9081,1.2886,7.3115,1.4318,52.9009,0.2156,0.0392,3.1011,167.8487,38.3333,0.0004944521933794022
REACTIVE_examples (108),reactive_tissue,0.0,0,167,15.729,0.3133,40.304,6.149,19.917,9.4497,2.013,0.4745,18.8852,8.3204,2.6444,0.4406,0.7682,0.2309,-0.7901,0.3006,0.6549,0.1789,-0.4481,0.2731,0.8628,0.0979,-1.2902,0.1135,6.2879,2.0017,2.1124,0.3183,4.3419,1.118,0.3196,0.2575,1.4944,0.4471,1.8276,0.2992,5.767,1.1835,6.959,1.241,60.1429,0.2042,0.0377,3.0641,164.3568,39.6385,0.0017211893573403358
REACTIVE_examples (108),reactive_tissue,0.1,0,169,15.918,0.3114,39.768,6.004,19.5624,9.3567,2.0534,0.4783,18.583,8.0128,2.599,0.4312,0.7731,0.2283,-0.8211,0.2953,0.6546,0.1767,-0.4713,0.2699,0.8597,0.1024,-1.2614,0.1191,6.2241,1.99,2.1394,0.3197,4.3139,1.0909,0.1823,0.2529,1.4818,0.4151,1.66,0.2801,5.6592,1.2634,6.8875,1.2375,59.6111,0.2046,0.0379,3.0617,163.8517,39.3538,0.0013768012868240476
REACTIVE_examples (108),reactive_tissue,0.2,0,165,15.541,0.3056,39.121,6.197,19.6647,9.1489,2.0638,0.4652,18.4288,8.131,2.8582,0.4412,0.7921,0.2207,-1.0415,0.2787,0.6438,0.1711,-0.409,0.2658,0.8723,0.091,-1.4776,0.1044,6.1448,1.9494,2.2376,0.3172,4.3422,1.0946,0.3387,0.2521,1.4539,0.4353,2.8899,0.2994,5.7144,1.2118,7.0,1.2455,55.7102,0.2108,0.0386,3.0659,163.665,39.1184,0.0047330185770988464
REACTIVE_examples (108),reactive_tissue,0.3,0,166,15.635,0.3109,39.669,6.146,19.884,9.0421,1.3131,0.4547,18.7496,7.9727,2.0464,0.4252,0.7758,0.2279,-0.8419,0.2937,0.6501,0.1751,-0.3634,0.2694,0.865,0.096,-1.3334,0.1109,6.2623,2.0009,1.416,0.3195,4.3478,1.1084,0.2366,0.2549,1.48,0.4532,2.3243,0.3062,5.7645,1.2449,7.046,1.2474,57.6295,0.2086,0.0384,3.0678,165.3343,39.3807,0.0033512688241899014
REACTIVE_examples (172),reactive_tissue,0.0,0,175,16.483,0.36,48.151,7.477,21.842,11.8188,1.4708,0.5411,18.744,8.437,1.6096,0.4501,0.8246,0.2033,-1.0212,0.2465,0.6467,0.1653,-0.2408,0.2556,0.8859,0.078,-1.1035,0.088,6.4009,2.2724,1.0623,0.355,4.4868,1.3637,1.3168,0.3039,1.4478,0.3754,1.4085,0.2593,5.5682,1.1207,6.8079,1.327,47.1225,0.2418,0.0416,2.9846,175.2509,38.7299,0.012820526957511902
REACTIVE_examples (172),reactive_tissue,0.1,0,177,16.671,0.3541,44.777,7.083,21.2377,10.8424,1.4888,0.5105,18.5317,7.9328,1.6832,0.4281,0.8171,0.1976,-0.9652,0.2419,0.6484,0.1686,-0.2349,0.2601,0.8839,0.0788,-1.3769,0.0891,6.3517,2.1653,1.0832,0.3409,4.4224,1.2604,1.5088,0.285,1.4589,0.389,1.3416,0.2666,5.487,1.0745,6.7577,1.2711,50.2159,0.2345,0.0405,2.9935,173.4604,39.3965,0.009154930710792542
REACTIVE_examples (172),reactive_tissue,0.2,0,175,16.483,0.348,45.165,7.155,21.1104,10.8714,1.6401,0.515,18.1564,7.7554,1.7218,0.4271,0.8403,0.1918,-1.1767,0.2283,0.6343,0.1666,-0.213,0.2627,0.8944,0.0714,-1.3559,0.0798,6.2466,2.1716,1.194,0.3476,4.4331,1.2362,1.4481,0.2789,1.4225,0.3646,1.5919,0.2563,5.482,1.1361,6.7666,1.342,46.8997,0.2443,0.0418,2.9814,174.5033,38.5399,0.007925232872366905
REACTIVE_examples (172),reactive_tissue,0.3,0,178,16.765,0.3613,46.987,7.339,21.5499,11.3538,1.4467,0.5269,18.5778,8.0419,1.5886,0.4329,0.8236,0.1974,-1.0142,0.2397,0.6422,0.1695,-0.3465,0.2639,0.8855,0.0777,-1.3472,0.0877,6.3541,2.2104,1.0973,0.3479,4.4678,1.2926,1.335,0.2893,1.4401,0.3711,1.4891,0.2577,5.5006,1.0517,6.7349,1.3026,46.3269,0.2443,0.042,2.9807,175.6237,38.5248,0.008636425249278545
REACTIVE_examples (230),reactive_tissue,0.0,0,145,13.657,0.3753,55.256,7.387,27.4803,13.9652,0.6567,0.5082,25.2104,12.3249,1.3519,0.4889,0.6313,0.2472,-0.0744,0.3916,0.6974,0.1535,-0.7233,0.2202,0.8288,0.1014,-0.6907,0.1224,7.6251,2.5265,0.7932,0.3313,5.0576,1.5197,0.1249,0.3005,1.5488,0.414,1.595,0.2673,6.1344,1.4744,7.5704,1.4256,50.548,0.2245,0.0402,3.0718,168.3884,37.9371,0.030415430665016174
REACTIVE_examples (230),reactive_tissue,0.1,0,146,13.751,0.3566,54.424,7.163,25.9341,14.0098,1.1895,0.5402,25.2043,13.3563,1.9685,0.5299,0.6119,0.2564,0.0051,0.419,0.6944,0.1587,-0.6049,0.2286,0.8173,0.1051,-0.5728,0.1286,7.4739,2.6422,1.4498,0.3535,4.9585,1.5383,0.1157,0.3102,1.5601,0.4543,1.7386,0.2912,6.0735,1.4235,7.4799,1.4211,55.078,0.215,0.0388,3.0728,163.4124,38.8223,0.08335760980844498
REACTIVE_examples (230),reactive_tissue,0.2,0,147,13.845,0.3639,52.491,7.141,26.2859,12.8461,0.862,0.4887,24.6642,11.3073,1.6298,0.4585,0.6224,0.2399,0.0051,0.3855,0.6803,0.1552,-0.3465,0.2282,0.8239,0.1061,-0.7325,0.1288,7.4312,2.3641,1.2752,0.3181,5.0396,1.4186,0.1809,0.2815,1.5198,0.4271,1.5482,0.281,6.0669,1.4329,7.4996,1.4362,51.1791,0.2222,0.04,3.0726,166.0246,38.1152,0.23609551787376404
REACTIVE_examples (230),reactive_tissue,0.3,0,149,14.034,0.4148,59.911,7.415,29.5558,14.753,1.0141,0.4992,24.9659,10.7138,1.3322,0.4291,0.66,0.2256,-0.2308,0.3418,0.7119,0.1476,-0.767,0.2073,0.8302,0.102,-0.8523,0.1229,8.0759,2.8345,1.3404,0.351,5.1809,1.476,0.5947,0.2849,1.5949,0.488,2.3848,0.306,6.3114,1.2386,7.6808,1.2632,28.9396,0.2805,0.0504,2.9853,176.0867,33.2124,0.036378830671310425
REACTIVE_examples (87),reactive_tissue,0.0,0,187,17.613,0.303,31.45,5.153,17.203,6.9167,1.0265,0.4021,16.7788,6.0638,1.9516,0.3614,0.8066,0.2031,-0.8553,0.2517,0.6356,0.1709,-0.5163,0.269,0.8878,0.0753,-1.8017,0.0849,5.6823,1.7362,1.541,0.3055,4.0331,0.7751,-0.3276,0.1922,1.4126,0.3205,1.3226,0.2269,5.7059,0.9337,6.7231,0.9963,73.4277,0.1725,0.0363,3.1304,148.381,36.8972,0.04993702843785286
REACTIVE_examples (87),reactive_tissue,0.1,0,186,17.519,0.3005,31.239,5.07,17.1555,6.8907,0.9754,0.4017,16.7467,6.1334,1.9015,0.3662,0.809,0.2055,-0.8985,0.254,0.6366,0.168,-0.5255,0.264,0.8859,0.0781,-1.7388,0.0882,5.6791,1.7458,1.4729,0.3074,4.028,0.7644,-0.3022,0.1898,1.4102,0.3164,1.4093,0.2244,5.674,0.8822,6.7582,0.9558,72.4298,0.1732,0.0366,3.1308,147.9698,36.689,0.03874775767326355
REACTIVE_examples (87),reactive_tissue,0.2,0,186,17.519,0.3017,31.417,5.142,17.2215,6.8433,1.0752,0.3974,16.7375,6.0363,1.9919,0.3606,0.8124,0.2028,-0.8901,0.2497,0.6362,0.169,-0.5174,0.2656,0.8902,0.0741,-1.7681,0.0832,5.6802,1.718,1.5769,0.3025,4.0363,0.7591,-0.3021,0.1881,1.4096,0.3131,1.3375,0.2221,5.6863,0.8732,6.7373,0.966,72.3574,0.1728,0.0365,3.131,149.1124,36.721,0.13812996447086334
REACTIVE_examples (87),reactive_tissue,0.3,0,184,17.33,0.3013,31.818,5.119,17.3845,6.9395,1.0739,0.3992,16.8194,6.1079,2.0086,0.3631,0.8122,0.2025,-0.8874,0.2494,0.6347,0.1712,-0.54,0.2697,0.8902,0.0735,-1.7961,0.0826,5.707,1.7437,1.5336,0.3055,4.0526,0.7644,-0.2808,0.1886,1.4107,0.3197,1.3557,0.2266,5.7302,0.9232,6.7879,1.0152,73.9613,0.1718,0.0362,3.1275,149.6298,36.8775,0.11722069978713989
REACTIVE_examples (144),reactive_tissue,0.0,0,143,13.469,0.2845,36.438,5.596,21.1215,8.508,0.1987,0.4028,18.202,5.8991,0.9089,0.3241,0.814,0.1746,-0.7244,0.2144,0.6722,0.1831,-0.4798,0.2724,0.879,0.0722,-1.1362,0.0822,6.4668,1.9207,0.6204,0.297,4.3362,1.0558,-0.2156,0.2435,1.536,0.4282,0.9285,0.2788,5.9456,1.4073,7.4867,1.4996,45.5937,0.2419,0.0416,2.9869,166.3004,39.3659,0.027238573879003525
REACTIVE_examples (144),reactive_tissue,0.1,0,139,13.092,0.2814,37.272,5.583,21.4919,8.5198,0.1803,0.3964,18.391,5.7554,0.6915,0.3129,0.8115,0.1759,-0.6845,0.2167,0.6725,0.1789,-0.3467,0.2661,0.8802,0.0728,-1.2675,0.0827,6.5497,1.9737,0.7124,0.3013,4.3741,1.0076,-0.2496,0.2303,1.5367,0.4379,1.0164,0.285,6.0149,1.3688,7.5796,1.5092,45.597,0.2429,0.0419,2.99,165.2243,39.2138,0.03673119097948074
REACTIVE_examples (144),reactive_tissue,0.2,0,148,13.94,0.2952,37.608,5.779,21.1771,8.8734,0.2472,0.419,18.4654,6.4754,1.0215,0.3507,0.8045,0.1901,-0.7085,0.2362,0.6828,0.1721,-0.3919,0.2521,0.8757,0.0796,-1.1966,0.0909,6.5322,2.0323,0.5887,0.3111,4.3281,1.0858,-0.0485,0.2509,1.5452,0.4171,0.851,0.2699,5.8643,1.341,7.3645,1.4336,45.0919,0.2421,0.0415,2.9895,168.1184,39.687,0.019592411816120148
REACTIVE_examples (144),reactive_tissue,0.3,0,140,13.186,0.2667,33.916,5.285,20.2229,7.5173,0.0623,0.3717,17.829,5.6617,0.6378,0.3176,0.8198,0.185,-0.7448,0.2257,0.6658,0.1841,-0.3502,0.2765,0.8803,0.0767,-1.1954,0.0871,6.3419,1.8367,0.7237,0.2896,4.2767,0.9773,-0.5162,0.2285,1.5326,0.4521,1.0926,0.295,5.9618,1.3248,7.4631,1.5258,53.4726,0.2208,0.0391,3.017,157.8238,40.2525,0.0368165448307991
